Wave,Reference,Predicted,TP,FP,FN,Sensitivity,PPV,F1,Missed,False,Onset MAE,Offset MAE,seed,record_id,sampling_frequency_hz,reference_length,prediction_length
P,5,7,5,2,0,1.0,0.7142857142857143,0.8333333333333333,0,2,5.6,12.0,1,1,250.0,2500,2500
T,5,6,5,1,0,1.0,0.8333333333333334,0.9090909090909091,0,1,6.4,10.4,1,1,250.0,2500,2500
P,7,11,7,4,0,1.0,0.6363636363636364,0.7777777777777778,0,4,32.57142857142857,22.285714285714285,1,10,250.0,2500,2500
T,7,9,7,2,0,1.0,0.7777777777777778,0.8750000000000001,0,2,16.0,4.571428571428571,1,10,250.0,2500,2500
P,8,10,8,2,0,1.0,0.8,0.888888888888889,0,2,5.5,3.5,1,100,250.0,2500,2500
T,8,10,8,2,0,1.0,0.8,0.888888888888889,0,2,27.0,7.0,1,100,250.0,2500,2500
P,0,13,0,13,0,0.0,0.0,0.0,0,13,,,1,101,250.0,2500,2500
T,10,20,10,10,0,1.0,0.5,0.6666666666666666,0,10,43.6,50.8,1,101,250.0,2500,2500
P,8,10,8,2,0,1.0,0.8,0.888888888888889,0,2,7.5,9.5,1,102,250.0,2500,2500
T,8,10,8,2,0,1.0,0.8,0.888888888888889,0,2,11.5,8.0,1,102,250.0,2500,2500
P,0,19,0,19,0,0.0,0.0,0.0,0,19,,,1,103,250.0,2500,2500
T,13,28,13,15,0,1.0,0.4642857142857143,0.6341463414634146,0,15,36.30769230769231,39.38461538461539,1,103,250.0,2500,2500
P,11,21,11,10,0,1.0,0.5238095238095238,0.6875000000000001,0,10,21.09090909090909,25.454545454545453,1,106,250.0,2500,2500
T,11,15,11,4,0,1.0,0.7333333333333333,0.846153846153846,0,4,36.36363636363637,5.818181818181818,1,106,250.0,2500,2500
P,7,10,7,3,0,1.0,0.7,0.8235294117647058,0,3,9.142857142857142,21.142857142857142,1,107,250.0,2500,2500
T,7,10,7,3,0,1.0,0.7,0.8235294117647058,0,3,17.142857142857142,33.142857142857146,1,107,250.0,2500,2500
P,0,11,0,11,0,0.0,0.0,0.0,0,11,,,1,109,250.0,2500,2500
T,13,25,6,19,7,0.46153846153846156,0.24,0.3157894736842105,7,19,41.333333333333336,32.0,1,109,250.0,2500,2500
P,7,10,7,3,0,1.0,0.7,0.8235294117647058,0,3,3.4285714285714284,6.857142857142857,1,11,250.0,2500,2500
T,7,10,7,3,0,1.0,0.7,0.8235294117647058,0,3,22.857142857142858,8.571428571428571,1,11,250.0,2500,2500
P,0,0,0,0,0,0.0,0.0,0.0,0,0,,,1,110,250.0,2500,2500
T,12,5,4,1,8,0.3333333333333333,0.8,0.47058823529411764,8,1,32.0,44.0,1,110,250.0,2500,2500
P,0,2,0,2,0,0.0,0.0,0.0,0,2,,,1,111,250.0,2500,2500
T,7,16,7,9,0,1.0,0.4375,0.6086956521739131,0,9,11.428571428571429,7.428571428571429,1,111,250.0,2500,2500
P,0,14,0,14,0,0.0,0.0,0.0,0,14,,,1,112,250.0,2500,2500
T,13,23,13,10,0,1.0,0.5652173913043478,0.7222222222222222,0,10,20.923076923076923,33.84615384615385,1,112,250.0,2500,2500
P,7,9,7,2,0,1.0,0.7777777777777778,0.8750000000000001,0,2,2.2857142857142856,8.0,1,113,250.0,2500,2500
T,7,9,7,2,0,1.0,0.7777777777777778,0.8750000000000001,0,2,45.714285714285715,3.4285714285714284,1,113,250.0,2500,2500
P,7,9,7,2,0,1.0,0.7777777777777778,0.8750000000000001,0,2,6.857142857142857,9.714285714285714,1,115,250.0,2500,2500
T,7,9,7,2,0,1.0,0.7777777777777778,0.8750000000000001,0,2,24.0,8.0,1,115,250.0,2500,2500
P,13,16,13,3,0,1.0,0.8125,0.896551724137931,0,3,37.84615384615385,10.153846153846153,1,116,250.0,2500,2500
T,13,15,13,2,0,1.0,0.8666666666666667,0.9285714285714286,0,2,16.615384615384617,5.230769230769231,1,116,250.0,2500,2500
P,13,15,13,2,0,1.0,0.8666666666666667,0.9285714285714286,0,2,3.6923076923076925,6.769230769230769,1,117,250.0,2500,2500
T,13,15,13,2,0,1.0,0.8666666666666667,0.9285714285714286,0,2,17.23076923076923,11.384615384615385,1,117,250.0,2500,2500
P,8,10,8,2,0,1.0,0.8,0.888888888888889,0,2,2.5,11.0,1,118,250.0,2500,2500
T,8,10,8,2,0,1.0,0.8,0.888888888888889,0,2,17.0,6.5,1,118,250.0,2500,2500
P,6,10,6,4,0,1.0,0.6,0.7499999999999999,0,4,5.333333333333333,7.333333333333333,1,12,250.0,2500,2500
T,6,10,6,4,0,1.0,0.6,0.7499999999999999,0,4,6.0,15.333333333333334,1,12,250.0,2500,2500
P,7,17,7,10,0,1.0,0.4117647058823529,0.5833333333333334,0,10,66.85714285714286,45.142857142857146,1,120,250.0,2500,2500
T,7,9,7,2,0,1.0,0.7777777777777778,0.8750000000000001,0,2,10.857142857142858,16.571428571428573,1,120,250.0,2500,2500
P,14,19,14,5,0,1.0,0.7368421052631579,0.8484848484848484,0,5,28.571428571428573,16.285714285714285,1,121,250.0,2500,2500
T,13,14,11,3,2,0.8461538461538461,0.7857142857142857,0.8148148148148148,2,3,69.45454545454545,30.545454545454547,1,121,250.0,2500,2500
P,7,9,7,2,0,1.0,0.7777777777777778,0.8750000000000001,0,2,3.4285714285714284,10.857142857142858,1,122,250.0,2500,2500
T,7,8,7,1,0,1.0,0.875,0.9333333333333333,0,1,16.0,6.857142857142857,1,122,250.0,2500,2500
P,8,12,7,5,1,0.875,0.5833333333333334,0.7000000000000001,1,5,18.285714285714285,20.571428571428573,1,123,250.0,2500,2500
T,8,10,8,2,0,1.0,0.8,0.888888888888889,0,2,28.0,10.0,1,123,250.0,2500,2500
P,6,9,6,3,0,1.0,0.6666666666666666,0.8,0,3,6.0,5.333333333333333,1,124,250.0,2500,2500
T,6,14,6,8,0,1.0,0.42857142857142855,0.6,0,8,14.0,74.0,1,124,250.0,2500,2500
P,4,10,4,6,0,1.0,0.4,0.5714285714285715,0,6,24.0,50.0,1,125,250.0,2500,2500
T,6,8,6,2,0,1.0,0.75,0.8571428571428571,0,2,34.666666666666664,60.0,1,125,250.0,2500,2500
P,8,12,8,4,0,1.0,0.6666666666666666,0.8,0,4,16.5,25.5,1,126,250.0,2500,2500
T,8,3,1,2,7,0.125,0.3333333333333333,0.18181818181818182,7,2,140.0,36.0,1,126,250.0,2500,2500
P,6,8,6,2,0,1.0,0.75,0.8571428571428571,0,2,4.0,3.3333333333333335,1,128,250.0,2500,2500
T,6,7,6,1,0,1.0,0.8571428571428571,0.923076923076923,0,1,28.666666666666668,2.0,1,128,250.0,2500,2500
P,0,7,0,7,0,0.0,0.0,0.0,0,7,,,1,129,250.0,2500,2500
T,7,8,7,1,0,1.0,0.875,0.9333333333333333,0,1,10.285714285714286,3.4285714285714284,1,129,250.0,2500,2500
P,6,12,5,7,1,0.8333333333333334,0.4166666666666667,0.5555555555555556,1,7,76.0,56.8,1,13,250.0,2500,2500
T,6,13,6,7,0,1.0,0.46153846153846156,0.631578947368421,0,7,30.666666666666668,63.333333333333336,1,13,250.0,2500,2500
P,6,11,6,5,0,1.0,0.5454545454545454,0.7058823529411764,0,5,59.333333333333336,34.666666666666664,1,130,250.0,2500,2500
T,6,22,6,16,0,1.0,0.2727272727272727,0.42857142857142855,0,16,58.0,38.0,1,130,250.0,2500,2500
P,7,11,7,4,0,1.0,0.6363636363636364,0.7777777777777778,0,4,31.428571428571427,22.285714285714285,1,131,250.0,2500,2500
T,7,10,7,3,0,1.0,0.7,0.8235294117647058,0,3,10.857142857142858,11.428571428571429,1,131,250.0,2500,2500
P,7,10,7,3,0,1.0,0.7,0.8235294117647058,0,3,9.714285714285714,13.142857142857142,1,132,250.0,2500,2500
T,7,10,7,3,0,1.0,0.7,0.8235294117647058,0,3,28.0,3.4285714285714284,1,132,250.0,2500,2500
P,6,11,6,5,0,1.0,0.5454545454545454,0.7058823529411764,0,5,24.0,26.0,1,133,250.0,2500,2500
T,6,13,6,7,0,1.0,0.46153846153846156,0.631578947368421,0,7,79.33333333333333,64.66666666666667,1,133,250.0,2500,2500
P,8,10,8,2,0,1.0,0.8,0.888888888888889,0,2,7.0,4.0,1,135,250.0,2500,2500
T,8,11,8,3,0,1.0,0.7272727272727273,0.8421052631578948,0,3,42.5,8.5,1,135,250.0,2500,2500
P,8,10,8,2,0,1.0,0.8,0.888888888888889,0,2,3.0,10.5,1,137,250.0,2500,2500
T,8,12,8,4,0,1.0,0.6666666666666666,0.8,0,4,16.5,12.0,1,137,250.0,2500,2500
P,7,10,7,3,0,1.0,0.7,0.8235294117647058,0,3,5.142857142857143,15.428571428571429,1,138,250.0,2500,2500
T,7,31,6,25,1,0.8571428571428571,0.1935483870967742,0.3157894736842105,1,25,62.666666666666664,130.0,1,138,250.0,2500,2500
P,9,14,9,5,0,1.0,0.6428571428571429,0.782608695652174,0,5,20.444444444444443,11.555555555555555,1,139,250.0,2500,2500
T,9,21,9,12,0,1.0,0.42857142857142855,0.6,0,12,16.444444444444443,12.0,1,139,250.0,2500,2500
P,11,13,11,2,0,1.0,0.8461538461538461,0.9166666666666666,0,2,4.0,4.0,1,14,250.0,2500,2500
T,11,16,11,5,0,1.0,0.6875,0.8148148148148148,0,5,12.0,16.363636363636363,1,14,250.0,2500,2500
P,10,2,1,1,9,0.1,0.5,0.16666666666666669,9,1,64.0,24.0,1,140,250.0,2500,2500
T,10,12,10,2,0,1.0,0.8333333333333334,0.9090909090909091,0,2,24.0,5.6,1,140,250.0,2500,2500
P,7,10,7,3,0,1.0,0.7,0.8235294117647058,0,3,8.571428571428571,9.142857142857142,1,141,250.0,2500,2500
T,7,10,7,3,0,1.0,0.7,0.8235294117647058,0,3,18.857142857142858,6.857142857142857,1,141,250.0,2500,2500
P,9,11,9,2,0,1.0,0.8181818181818182,0.9,0,2,4.888888888888889,8.88888888888889,1,142,250.0,2500,2500
T,9,11,9,2,0,1.0,0.8181818181818182,0.9,0,2,13.333333333333334,8.444444444444445,1,142,250.0,2500,2500
P,11,12,11,1,0,1.0,0.9166666666666666,0.9565217391304348,0,1,2.5454545454545454,5.090909090909091,1,143,250.0,2500,2500
T,11,13,11,2,0,1.0,0.8461538461538461,0.9166666666666666,0,2,22.181818181818183,11.272727272727273,1,143,250.0,2500,2500
P,8,10,8,2,0,1.0,0.8,0.888888888888889,0,2,5.5,10.0,1,144,250.0,2500,2500
T,8,10,8,2,0,1.0,0.8,0.888888888888889,0,2,24.0,6.5,1,144,250.0,2500,2500
P,8,10,8,2,0,1.0,0.8,0.888888888888889,0,2,4.0,5.0,1,145,250.0,2500,2500
T,8,10,8,2,0,1.0,0.8,0.888888888888889,0,2,44.5,11.0,1,145,250.0,2500,2500
P,7,9,7,2,0,1.0,0.7777777777777778,0.8750000000000001,0,2,5.142857142857143,11.428571428571429,1,146,250.0,2500,2500
T,7,9,7,2,0,1.0,0.7777777777777778,0.8750000000000001,0,2,24.0,8.0,1,146,250.0,2500,2500
P,7,9,7,2,0,1.0,0.7777777777777778,0.8750000000000001,0,2,17.714285714285715,8.571428571428571,1,147,250.0,2500,2500
T,7,9,7,2,0,1.0,0.7777777777777778,0.8750000000000001,0,2,4.571428571428571,10.285714285714286,1,147,250.0,2500,2500
P,9,10,9,1,0,1.0,0.9,0.9473684210526316,0,1,5.777777777777778,5.777777777777778,1,148,250.0,2500,2500
T,9,12,9,3,0,1.0,0.75,0.8571428571428571,0,3,15.555555555555555,7.555555555555555,1,148,250.0,2500,2500
P,8,10,8,2,0,1.0,0.8,0.888888888888889,0,2,4.5,8.5,1,149,250.0,2500,2500
T,8,10,8,2,0,1.0,0.8,0.888888888888889,0,2,32.0,5.0,1,149,250.0,2500,2500
P,7,10,7,3,0,1.0,0.7,0.8235294117647058,0,3,22.285714285714285,10.857142857142858,1,15,250.0,2500,2500
T,7,12,7,5,0,1.0,0.5833333333333334,0.7368421052631579,0,5,27.428571428571427,34.857142857142854,1,15,250.0,2500,2500
P,9,11,9,2,0,1.0,0.8181818181818182,0.9,0,2,12.88888888888889,4.0,1,151,250.0,2500,2500
T,9,12,9,3,0,1.0,0.75,0.8571428571428571,0,3,11.555555555555555,5.777777777777778,1,151,250.0,2500,2500
P,8,10,8,2,0,1.0,0.8,0.888888888888889,0,2,4.0,2.0,1,152,250.0,2500,2500
T,8,10,8,2,0,1.0,0.8,0.888888888888889,0,2,21.0,6.0,1,152,250.0,2500,2500
P,7,8,7,1,0,1.0,0.875,0.9333333333333333,0,1,2.2857142857142856,6.285714285714286,1,153,250.0,2500,2500
T,7,8,7,1,0,1.0,0.875,0.9333333333333333,0,1,18.285714285714285,6.285714285714286,1,153,250.0,2500,2500
P,8,11,8,3,0,1.0,0.7272727272727273,0.8421052631578948,0,3,11.5,9.0,1,154,250.0,2500,2500
T,8,11,8,3,0,1.0,0.7272727272727273,0.8421052631578948,0,3,17.5,7.0,1,154,250.0,2500,2500
P,7,11,7,4,0,1.0,0.6363636363636364,0.7777777777777778,0,4,14.285714285714286,10.857142857142858,1,155,250.0,2500,2500
T,7,9,7,2,0,1.0,0.7777777777777778,0.8750000000000001,0,2,9.142857142857142,6.285714285714286,1,155,250.0,2500,2500
P,6,9,6,3,0,1.0,0.6666666666666666,0.8,0,3,4.666666666666667,11.333333333333334,1,157,250.0,2500,2500
T,6,9,6,3,0,1.0,0.6666666666666666,0.8,0,3,16.0,7.333333333333333,1,157,250.0,2500,2500
P,7,11,7,4,0,1.0,0.6363636363636364,0.7777777777777778,0,4,5.142857142857143,5.714285714285714,1,158,250.0,2500,2500
T,7,19,7,12,0,1.0,0.3684210526315789,0.5384615384615384,0,12,45.142857142857146,25.142857142857142,1,158,250.0,2500,2500
P,8,11,8,3,0,1.0,0.7272727272727273,0.8421052631578948,0,3,5.5,2.5,1,159,250.0,2500,2500
T,8,11,8,3,0,1.0,0.7272727272727273,0.8421052631578948,0,3,40.5,9.0,1,159,250.0,2500,2500
P,9,11,9,2,0,1.0,0.8181818181818182,0.9,0,2,20.88888888888889,11.11111111111111,1,16,250.0,2500,2500
T,9,11,9,2,0,1.0,0.8181818181818182,0.9,0,2,15.555555555555555,8.88888888888889,1,16,250.0,2500,2500
P,7,10,7,3,0,1.0,0.7,0.8235294117647058,0,3,12.0,6.857142857142857,1,161,250.0,2500,2500
T,7,10,7,3,0,1.0,0.7,0.8235294117647058,0,3,26.857142857142858,6.857142857142857,1,161,250.0,2500,2500
P,9,10,9,1,0,1.0,0.9,0.9473684210526316,0,1,2.6666666666666665,2.2222222222222223,1,162,250.0,2500,2500
T,9,10,9,1,0,1.0,0.9,0.9473684210526316,0,1,26.666666666666668,7.555555555555555,1,162,250.0,2500,2500
P,9,11,9,2,0,1.0,0.8181818181818182,0.9,0,2,4.444444444444445,5.333333333333333,1,163,250.0,2500,2500
T,9,16,9,7,0,1.0,0.5625,0.72,0,7,23.555555555555557,25.333333333333332,1,163,250.0,2500,2500
P,8,10,8,2,0,1.0,0.8,0.888888888888889,0,2,7.0,6.5,1,164,250.0,2500,2500
T,8,12,8,4,0,1.0,0.6666666666666666,0.8,0,4,6.0,6.0,1,164,250.0,2500,2500
P,8,13,8,5,0,1.0,0.6153846153846154,0.761904761904762,0,5,18.0,3.5,1,165,250.0,2500,2500
T,8,15,8,7,0,1.0,0.5333333333333333,0.6956521739130436,0,7,3.5,10.0,1,165,250.0,2500,2500
P,7,10,7,3,0,1.0,0.7,0.8235294117647058,0,3,6.285714285714286,10.285714285714286,1,166,250.0,2500,2500
T,7,10,7,3,0,1.0,0.7,0.8235294117647058,0,3,14.857142857142858,3.4285714285714284,1,166,250.0,2500,2500
P,8,11,8,3,0,1.0,0.7272727272727273,0.8421052631578948,0,3,1.5,5.0,1,167,250.0,2500,2500
T,8,13,8,5,0,1.0,0.6153846153846154,0.761904761904762,0,5,37.5,17.5,1,167,250.0,2500,2500
P,7,10,7,3,0,1.0,0.7,0.8235294117647058,0,3,8.571428571428571,9.142857142857142,1,168,250.0,2500,2500
T,7,10,7,3,0,1.0,0.7,0.8235294117647058,0,3,32.0,12.0,1,168,250.0,2500,2500
P,6,9,6,3,0,1.0,0.6666666666666666,0.8,0,3,5.333333333333333,4.666666666666667,1,169,250.0,2500,2500
T,6,8,6,2,0,1.0,0.75,0.8571428571428571,0,2,16.0,8.666666666666666,1,169,250.0,2500,2500
P,9,11,7,4,2,0.7777777777777778,0.6363636363636364,0.7000000000000001,2,4,65.14285714285714,51.42857142857143,1,17,250.0,2500,2500
T,9,14,9,5,0,1.0,0.6428571428571429,0.782608695652174,0,5,27.11111111111111,14.666666666666666,1,17,250.0,2500,2500
P,6,8,6,2,0,1.0,0.75,0.8571428571428571,0,2,3.3333333333333335,14.0,1,170,250.0,2500,2500
T,6,7,6,1,0,1.0,0.8571428571428571,0.923076923076923,0,1,14.666666666666666,6.0,1,170,250.0,2500,2500
P,9,14,9,5,0,1.0,0.6428571428571429,0.782608695652174,0,5,28.88888888888889,20.88888888888889,1,171,250.0,2500,2500
T,9,11,9,2,0,1.0,0.8181818181818182,0.9,0,2,36.0,10.222222222222221,1,171,250.0,2500,2500
P,6,8,6,2,0,1.0,0.75,0.8571428571428571,0,2,7.333333333333333,7.333333333333333,1,172,250.0,2500,2500
T,6,7,6,1,0,1.0,0.8571428571428571,0.923076923076923,0,1,13.333333333333334,6.666666666666667,1,172,250.0,2500,2500
P,0,11,0,11,0,0.0,0.0,0.0,0,11,,,1,173,250.0,2500,2500
T,11,15,11,4,0,1.0,0.7333333333333333,0.846153846153846,0,4,20.0,30.90909090909091,1,173,250.0,2500,2500
P,7,9,7,2,0,1.0,0.7777777777777778,0.8750000000000001,0,2,4.0,6.857142857142857,1,174,250.0,2500,2500
T,7,11,7,4,0,1.0,0.6363636363636364,0.7777777777777778,0,4,44.0,21.142857142857142,1,174,250.0,2500,2500
P,9,11,9,2,0,1.0,0.8181818181818182,0.9,0,2,3.111111111111111,12.88888888888889,1,175,250.0,2500,2500
T,9,11,9,2,0,1.0,0.8181818181818182,0.9,0,2,35.55555555555556,8.444444444444445,1,175,250.0,2500,2500
P,7,10,7,3,0,1.0,0.7,0.8235294117647058,0,3,8.0,14.285714285714286,1,176,250.0,2500,2500
T,7,10,7,3,0,1.0,0.7,0.8235294117647058,0,3,8.0,8.571428571428571,1,176,250.0,2500,2500
P,11,11,11,0,0,1.0,1.0,1.0,0,0,4.7272727272727275,12.0,1,177,250.0,2500,2500
T,11,11,11,0,0,1.0,1.0,1.0,0,0,29.09090909090909,13.454545454545455,1,177,250.0,2500,2500
P,11,14,11,3,0,1.0,0.7857142857142857,0.88,0,3,9.090909090909092,10.181818181818182,1,178,250.0,2500,2500
T,11,14,11,3,0,1.0,0.7857142857142857,0.88,0,3,19.272727272727273,6.909090909090909,1,178,250.0,2500,2500
P,7,10,7,3,0,1.0,0.7,0.8235294117647058,0,3,3.4285714285714284,6.857142857142857,1,179,250.0,2500,2500
T,7,12,7,5,0,1.0,0.5833333333333334,0.7368421052631579,0,5,21.142857142857142,9.142857142857142,1,179,250.0,2500,2500
P,10,12,10,2,0,1.0,0.8333333333333334,0.9090909090909091,0,2,4.8,3.6,1,18,250.0,2500,2500
T,10,12,10,2,0,1.0,0.8333333333333334,0.9090909090909091,0,2,33.2,12.4,1,18,250.0,2500,2500
P,9,12,9,3,0,1.0,0.75,0.8571428571428571,0,3,10.666666666666666,7.555555555555555,1,180,250.0,2500,2500
T,9,13,5,8,4,0.5555555555555556,0.38461538461538464,0.4545454545454546,4,8,20.0,112.8,1,180,250.0,2500,2500
P,7,10,7,3,0,1.0,0.7,0.8235294117647058,0,3,16.571428571428573,9.142857142857142,1,181,250.0,2500,2500
T,7,11,7,4,0,1.0,0.6363636363636364,0.7777777777777778,0,4,21.142857142857142,9.142857142857142,1,181,250.0,2500,2500
P,11,13,11,2,0,1.0,0.8461538461538461,0.9166666666666666,0,2,8.0,5.454545454545454,1,182,250.0,2500,2500
T,11,13,11,2,0,1.0,0.8461538461538461,0.9166666666666666,0,2,14.909090909090908,6.545454545454546,1,182,250.0,2500,2500
P,10,11,10,1,0,1.0,0.9090909090909091,0.9523809523809523,0,1,10.8,6.0,1,183,250.0,2500,2500
T,10,24,10,14,0,1.0,0.4166666666666667,0.5882352941176471,0,14,83.6,47.2,1,183,250.0,2500,2500
P,8,10,8,2,0,1.0,0.8,0.888888888888889,0,2,6.5,10.0,1,184,250.0,2500,2500
T,8,10,8,2,0,1.0,0.8,0.888888888888889,0,2,31.5,7.0,1,184,250.0,2500,2500
P,12,15,12,3,0,1.0,0.8,0.888888888888889,0,3,7.333333333333333,5.0,1,185,250.0,2500,2500
T,12,15,12,3,0,1.0,0.8,0.888888888888889,0,3,5.0,8.666666666666666,1,185,250.0,2500,2500
P,10,12,10,2,0,1.0,0.8333333333333334,0.9090909090909091,0,2,39.2,20.8,1,186,250.0,2500,2500
T,10,12,10,2,0,1.0,0.8333333333333334,0.9090909090909091,0,2,18.8,12.0,1,186,250.0,2500,2500
P,8,10,8,2,0,1.0,0.8,0.888888888888889,0,2,7.5,13.0,1,187,250.0,2500,2500
T,8,10,8,2,0,1.0,0.8,0.888888888888889,0,2,31.0,6.0,1,187,250.0,2500,2500
P,13,14,13,1,0,1.0,0.9285714285714286,0.962962962962963,0,1,4.615384615384615,4.3076923076923075,1,188,250.0,2500,2500
T,13,14,13,1,0,1.0,0.9285714285714286,0.962962962962963,0,1,13.23076923076923,7.6923076923076925,1,188,250.0,2500,2500
P,7,10,7,3,0,1.0,0.7,0.8235294117647058,0,3,6.285714285714286,8.571428571428571,1,189,250.0,2500,2500
T,7,7,7,0,0,1.0,1.0,1.0,0,0,18.285714285714285,8.0,1,189,250.0,2500,2500
P,7,10,7,3,0,1.0,0.7,0.8235294117647058,0,3,24.0,10.857142857142858,1,19,250.0,2500,2500
T,7,14,7,7,0,1.0,0.5,0.6666666666666666,0,7,33.142857142857146,20.0,1,19,250.0,2500,2500
P,11,13,11,2,0,1.0,0.8461538461538461,0.9166666666666666,0,2,15.636363636363637,5.454545454545454,1,190,250.0,2500,2500
T,11,14,11,3,0,1.0,0.7857142857142857,0.88,0,3,13.818181818181818,12.363636363636363,1,190,250.0,2500,2500
P,7,10,7,3,0,1.0,0.7,0.8235294117647058,0,3,2.857142857142857,9.142857142857142,1,191,250.0,2500,2500
T,7,10,7,3,0,1.0,0.7,0.8235294117647058,0,3,30.285714285714285,4.0,1,191,250.0,2500,2500
P,7,17,7,10,0,1.0,0.4117647058823529,0.5833333333333334,0,10,33.714285714285715,25.142857142857142,1,192,250.0,2500,2500
T,7,23,7,16,0,1.0,0.30434782608695654,0.4666666666666667,0,16,4.0,20.571428571428573,1,192,250.0,2500,2500
P,8,9,8,1,0,1.0,0.8888888888888888,0.9411764705882353,0,1,4.5,11.0,1,193,250.0,2500,2500
T,8,9,8,1,0,1.0,0.8888888888888888,0.9411764705882353,0,1,18.5,5.5,1,193,250.0,2500,2500
P,7,9,7,2,0,1.0,0.7777777777777778,0.8750000000000001,0,2,12.0,8.571428571428571,1,194,250.0,2500,2500
T,7,19,7,12,0,1.0,0.3684210526315789,0.5384615384615384,0,12,45.142857142857146,10.857142857142858,1,194,250.0,2500,2500
P,8,10,8,2,0,1.0,0.8,0.888888888888889,0,2,4.5,5.0,1,195,250.0,2500,2500
T,8,10,8,2,0,1.0,0.8,0.888888888888889,0,2,17.5,6.0,1,195,250.0,2500,2500
P,9,13,9,4,0,1.0,0.6923076923076923,0.8181818181818181,0,4,14.222222222222221,15.555555555555555,1,196,250.0,2500,2500
T,9,14,9,5,0,1.0,0.6428571428571429,0.782608695652174,0,5,10.222222222222221,9.777777777777779,1,196,250.0,2500,2500
P,10,12,10,2,0,1.0,0.8333333333333334,0.9090909090909091,0,2,4.0,8.4,1,197,250.0,2500,2500
T,10,12,10,2,0,1.0,0.8333333333333334,0.9090909090909091,0,2,7.2,6.8,1,197,250.0,2500,2500
P,7,9,7,2,0,1.0,0.7777777777777778,0.8750000000000001,0,2,2.857142857142857,5.142857142857143,1,198,250.0,2500,2500
T,7,9,7,2,0,1.0,0.7777777777777778,0.8750000000000001,0,2,13.714285714285714,5.142857142857143,1,198,250.0,2500,2500
P,7,9,7,2,0,1.0,0.7777777777777778,0.8750000000000001,0,2,8.571428571428571,4.0,1,199,250.0,2500,2500
T,7,9,7,2,0,1.0,0.7777777777777778,0.8750000000000001,0,2,25.142857142857142,14.285714285714286,1,199,250.0,2500,2500
P,7,11,7,4,0,1.0,0.6363636363636364,0.7777777777777778,0,4,78.85714285714286,22.857142857142858,1,20,250.0,2500,2500
T,7,12,7,5,0,1.0,0.5833333333333334,0.7368421052631579,0,5,32.0,10.857142857142858,1,20,250.0,2500,2500
P,8,10,8,2,0,1.0,0.8,0.888888888888889,0,2,5.5,8.0,1,200,250.0,2500,2500
T,8,10,8,2,0,1.0,0.8,0.888888888888889,0,2,16.5,4.5,1,200,250.0,2500,2500
P,9,11,9,2,0,1.0,0.8181818181818182,0.9,0,2,3.111111111111111,13.333333333333334,1,21,250.0,2500,2500
T,9,8,6,2,3,0.6666666666666666,0.75,0.7058823529411765,3,2,50.666666666666664,41.333333333333336,1,21,250.0,2500,2500
P,10,15,10,5,0,1.0,0.6666666666666666,0.8,0,5,27.6,8.0,1,22,250.0,2500,2500
T,10,11,10,1,0,1.0,0.9090909090909091,0.9523809523809523,0,1,6.8,12.4,1,22,250.0,2500,2500
P,7,9,7,2,0,1.0,0.7777777777777778,0.8750000000000001,0,2,14.285714285714286,6.857142857142857,1,23,250.0,2500,2500
T,7,9,7,2,0,1.0,0.7777777777777778,0.8750000000000001,0,2,8.0,3.4285714285714284,1,23,250.0,2500,2500
P,6,2,1,1,5,0.16666666666666666,0.5,0.25,5,1,60.0,12.0,1,24,250.0,2500,2500
T,6,11,6,5,0,1.0,0.5454545454545454,0.7058823529411764,0,5,39.333333333333336,44.0,1,24,250.0,2500,2500
P,6,9,6,3,0,1.0,0.6666666666666666,0.8,0,3,3.3333333333333335,6.0,1,25,250.0,2500,2500
T,6,9,6,3,0,1.0,0.6666666666666666,0.8,0,3,32.666666666666664,6.666666666666667,1,25,250.0,2500,2500
P,7,10,7,3,0,1.0,0.7,0.8235294117647058,0,3,2.2857142857142856,3.4285714285714284,1,26,250.0,2500,2500
T,7,10,7,3,0,1.0,0.7,0.8235294117647058,0,3,12.571428571428571,12.571428571428571,1,26,250.0,2500,2500
P,6,8,6,2,0,1.0,0.75,0.8571428571428571,0,2,4.666666666666667,6.0,1,27,250.0,2500,2500
T,6,9,6,3,0,1.0,0.6666666666666666,0.8,0,3,28.0,38.0,1,27,250.0,2500,2500
P,7,9,7,2,0,1.0,0.7777777777777778,0.8750000000000001,0,2,4.571428571428571,4.571428571428571,1,28,250.0,2500,2500
T,7,16,7,9,0,1.0,0.4375,0.6086956521739131,0,9,33.714285714285715,21.714285714285715,1,28,250.0,2500,2500
P,8,10,8,2,0,1.0,0.8,0.888888888888889,0,2,32.0,11.5,1,29,250.0,2500,2500
T,8,4,0,4,8,0.0,0.0,0.0,8,4,,,1,29,250.0,2500,2500
P,8,10,8,2,0,1.0,0.8,0.888888888888889,0,2,59.5,15.0,1,3,250.0,2500,2500
T,8,11,8,3,0,1.0,0.7272727272727273,0.8421052631578948,0,3,34.5,5.0,1,3,250.0,2500,2500
P,6,8,6,2,0,1.0,0.75,0.8571428571428571,0,2,2.6666666666666665,9.333333333333334,1,30,250.0,2500,2500
T,6,7,6,1,0,1.0,0.8571428571428571,0.923076923076923,0,1,18.0,6.666666666666667,1,30,250.0,2500,2500
P,8,7,5,2,3,0.625,0.7142857142857143,0.6666666666666666,3,2,34.4,15.2,1,31,250.0,2500,2500
T,8,18,8,10,0,1.0,0.4444444444444444,0.6153846153846153,0,10,37.5,24.5,1,31,250.0,2500,2500
P,8,9,8,1,0,1.0,0.8888888888888888,0.9411764705882353,0,1,2.0,7.5,1,32,250.0,2500,2500
T,8,9,8,1,0,1.0,0.8888888888888888,0.9411764705882353,0,1,6.5,4.5,1,32,250.0,2500,2500
P,7,10,7,3,0,1.0,0.7,0.8235294117647058,0,3,4.0,2.857142857142857,1,33,250.0,2500,2500
T,7,11,7,4,0,1.0,0.6363636363636364,0.7777777777777778,0,4,21.714285714285715,11.428571428571429,1,33,250.0,2500,2500
P,0,12,0,12,0,0.0,0.0,0.0,0,12,,,1,34,250.0,2500,2500
T,7,13,7,6,0,1.0,0.5384615384615384,0.7000000000000001,0,6,40.0,8.571428571428571,1,34,250.0,2500,2500
P,7,10,7,3,0,1.0,0.7,0.8235294117647058,0,3,4.0,9.714285714285714,1,36,250.0,2500,2500
T,7,10,7,3,0,1.0,0.7,0.8235294117647058,0,3,13.714285714285714,6.285714285714286,1,36,250.0,2500,2500
P,0,21,0,21,0,0.0,0.0,0.0,0,21,,,1,38,250.0,2500,2500
T,14,27,14,13,0,1.0,0.5185185185185185,0.6829268292682926,0,13,26.285714285714285,15.142857142857142,1,38,250.0,2500,2500
P,6,11,6,5,0,1.0,0.5454545454545454,0.7058823529411764,0,5,26.666666666666668,31.333333333333332,1,39,250.0,2500,2500
T,6,7,6,1,0,1.0,0.8571428571428571,0.923076923076923,0,1,24.666666666666668,8.0,1,39,250.0,2500,2500
P,8,10,8,2,0,1.0,0.8,0.888888888888889,0,2,5.0,10.5,1,40,250.0,2500,2500
T,8,10,8,2,0,1.0,0.8,0.888888888888889,0,2,9.5,5.5,1,40,250.0,2500,2500
P,5,7,5,2,0,1.0,0.7142857142857143,0.8333333333333333,0,2,3.2,12.0,1,41,250.0,2500,2500
T,5,6,5,1,0,1.0,0.8333333333333334,0.9090909090909091,0,1,45.6,4.0,1,41,250.0,2500,2500
P,7,9,7,2,0,1.0,0.7777777777777778,0.8750000000000001,0,2,3.4285714285714284,10.857142857142858,1,42,250.0,2500,2500
T,7,9,7,2,0,1.0,0.7777777777777778,0.8750000000000001,0,2,24.571428571428573,6.857142857142857,1,42,250.0,2500,2500
P,7,9,7,2,0,1.0,0.7777777777777778,0.8750000000000001,0,2,7.428571428571429,26.285714285714285,1,43,250.0,2500,2500
T,7,10,7,3,0,1.0,0.7,0.8235294117647058,0,3,8.571428571428571,8.0,1,43,250.0,2500,2500
P,0,4,0,4,0,0.0,0.0,0.0,0,4,,,1,44,250.0,2500,2500
T,8,13,8,5,0,1.0,0.6153846153846154,0.761904761904762,0,5,28.0,27.5,1,44,250.0,2500,2500
P,0,9,0,9,0,0.0,0.0,0.0,0,9,,,1,45,250.0,2500,2500
T,7,8,6,2,1,0.8571428571428571,0.75,0.7999999999999999,1,2,26.666666666666668,4.666666666666667,1,45,250.0,2500,2500
P,7,10,7,3,0,1.0,0.7,0.8235294117647058,0,3,4.0,14.285714285714286,1,46,250.0,2500,2500
T,7,11,7,4,0,1.0,0.6363636363636364,0.7777777777777778,0,4,15.428571428571429,7.428571428571429,1,46,250.0,2500,2500
P,5,8,5,3,0,1.0,0.625,0.7692307692307693,0,3,10.4,6.4,1,47,250.0,2500,2500
T,5,7,5,2,0,1.0,0.7142857142857143,0.8333333333333333,0,2,31.2,11.2,1,47,250.0,2500,2500
P,7,9,7,2,0,1.0,0.7777777777777778,0.8750000000000001,0,2,3.4285714285714284,10.285714285714286,1,49,250.0,2500,2500
T,7,9,7,2,0,1.0,0.7777777777777778,0.8750000000000001,0,2,44.57142857142857,16.571428571428573,1,49,250.0,2500,2500
P,6,9,6,3,0,1.0,0.6666666666666666,0.8,0,3,6.666666666666667,5.333333333333333,1,5,250.0,2500,2500
T,6,9,6,3,0,1.0,0.6666666666666666,0.8,0,3,1.3333333333333333,10.666666666666666,1,5,250.0,2500,2500
P,8,12,8,4,0,1.0,0.6666666666666666,0.8,0,4,12.0,23.5,1,50,250.0,2500,2500
T,8,12,8,4,0,1.0,0.6666666666666666,0.8,0,4,16.0,8.5,1,50,250.0,2500,2500
P,0,5,0,5,0,0.0,0.0,0.0,0,5,,,1,51,250.0,2500,2500
T,7,8,6,2,1,0.8571428571428571,0.75,0.7999999999999999,1,2,6.0,4.666666666666667,1,51,250.0,2500,2500
P,0,7,0,7,0,0.0,0.0,0.0,0,7,,,1,52,250.0,2500,2500
T,8,30,8,22,0,1.0,0.26666666666666666,0.4210526315789474,0,22,59.0,53.5,1,52,250.0,2500,2500
P,8,9,8,1,0,1.0,0.8888888888888888,0.9411764705882353,0,1,8.0,11.0,1,53,250.0,2500,2500
T,8,9,8,1,0,1.0,0.8888888888888888,0.9411764705882353,0,1,6.5,4.0,1,53,250.0,2500,2500
P,7,10,7,3,0,1.0,0.7,0.8235294117647058,0,3,9.714285714285714,4.571428571428571,1,55,250.0,2500,2500
T,7,15,7,8,0,1.0,0.4666666666666667,0.6363636363636364,0,8,34.857142857142854,19.428571428571427,1,55,250.0,2500,2500
P,10,10,9,1,1,0.9,0.9,0.9,1,1,5.333333333333333,29.333333333333332,1,56,250.0,2500,2500
T,10,11,10,1,0,1.0,0.9090909090909091,0.9523809523809523,0,1,24.4,8.0,1,56,250.0,2500,2500
P,12,12,12,0,0,1.0,1.0,1.0,0,0,7.333333333333333,4.0,1,57,250.0,2500,2500
T,12,12,12,0,0,1.0,1.0,1.0,0,0,47.333333333333336,31.333333333333332,1,57,250.0,2500,2500
P,9,9,9,0,0,1.0,1.0,1.0,0,0,4.888888888888889,11.555555555555555,1,58,250.0,2500,2500
T,9,9,9,0,0,1.0,1.0,1.0,0,0,13.333333333333334,9.777777777777779,1,58,250.0,2500,2500
P,5,10,5,5,0,1.0,0.5,0.6666666666666666,0,5,15.2,23.2,1,59,250.0,2500,2500
T,5,11,5,6,0,1.0,0.45454545454545453,0.625,0,6,33.6,10.4,1,59,250.0,2500,2500
P,6,8,6,2,0,1.0,0.75,0.8571428571428571,0,2,4.0,4.666666666666667,1,6,250.0,2500,2500
T,6,8,6,2,0,1.0,0.75,0.8571428571428571,0,2,13.333333333333334,14.666666666666666,1,6,250.0,2500,2500
P,7,12,5,7,2,0.7142857142857143,0.4166666666666667,0.5263157894736842,2,7,29.6,44.8,1,60,250.0,2500,2500
T,7,11,7,4,0,1.0,0.6363636363636364,0.7777777777777778,0,4,10.285714285714286,5.714285714285714,1,60,250.0,2500,2500
P,8,9,8,1,0,1.0,0.8888888888888888,0.9411764705882353,0,1,15.5,14.0,1,61,250.0,2500,2500
T,8,15,8,7,0,1.0,0.5333333333333333,0.6956521739130436,0,7,19.5,72.5,1,61,250.0,2500,2500
P,8,14,8,6,0,1.0,0.5714285714285714,0.7272727272727273,0,6,4.0,5.5,1,62,250.0,2500,2500
T,8,11,8,3,0,1.0,0.7272727272727273,0.8421052631578948,0,3,9.0,7.0,1,62,250.0,2500,2500
P,9,11,9,2,0,1.0,0.8181818181818182,0.9,0,2,6.666666666666667,13.777777777777779,1,63,250.0,2500,2500
T,9,11,9,2,0,1.0,0.8181818181818182,0.9,0,2,30.22222222222222,10.222222222222221,1,63,250.0,2500,2500
P,8,10,8,2,0,1.0,0.8,0.888888888888889,0,2,4.0,5.5,1,64,250.0,2500,2500
T,8,11,8,3,0,1.0,0.7272727272727273,0.8421052631578948,0,3,14.0,8.5,1,64,250.0,2500,2500
P,11,18,11,7,0,1.0,0.6111111111111112,0.7586206896551725,0,7,32.72727272727273,11.272727272727273,1,65,250.0,2500,2500
T,11,15,11,4,0,1.0,0.7333333333333333,0.846153846153846,0,4,20.0,7.2727272727272725,1,65,250.0,2500,2500
P,5,8,5,3,0,1.0,0.625,0.7692307692307693,0,3,7.2,3.2,1,66,250.0,2500,2500
T,5,8,5,3,0,1.0,0.625,0.7692307692307693,0,3,26.4,6.4,1,66,250.0,2500,2500
P,6,9,6,3,0,1.0,0.6666666666666666,0.8,0,3,4.0,2.0,1,67,250.0,2500,2500
T,6,9,6,3,0,1.0,0.6666666666666666,0.8,0,3,28.666666666666668,8.666666666666666,1,67,250.0,2500,2500
P,8,10,8,2,0,1.0,0.8,0.888888888888889,0,2,5.5,10.5,1,68,250.0,2500,2500
T,8,10,8,2,0,1.0,0.8,0.888888888888889,0,2,4.5,17.5,1,68,250.0,2500,2500
P,10,12,10,2,0,1.0,0.8333333333333334,0.9090909090909091,0,2,8.8,5.6,1,69,250.0,2500,2500
T,10,13,10,3,0,1.0,0.7692307692307693,0.8695652173913044,0,3,12.8,9.2,1,69,250.0,2500,2500
P,7,10,6,4,1,0.8571428571428571,0.6,0.7058823529411764,1,4,10.666666666666666,18.666666666666668,1,7,250.0,2500,2500
T,7,10,7,3,0,1.0,0.7,0.8235294117647058,0,3,13.714285714285714,8.571428571428571,1,7,250.0,2500,2500
P,12,15,12,3,0,1.0,0.8,0.888888888888889,0,3,14.0,8.666666666666666,1,70,250.0,2500,2500
T,12,16,12,4,0,1.0,0.75,0.8571428571428571,0,4,7.666666666666667,9.0,1,70,250.0,2500,2500
P,7,9,7,2,0,1.0,0.7777777777777778,0.8750000000000001,0,2,2.2857142857142856,2.857142857142857,1,71,250.0,2500,2500
T,7,11,7,4,0,1.0,0.6363636363636364,0.7777777777777778,0,4,27.428571428571427,13.714285714285714,1,71,250.0,2500,2500
P,7,12,7,5,0,1.0,0.5833333333333334,0.7368421052631579,0,5,21.714285714285715,6.285714285714286,1,72,250.0,2500,2500
T,7,11,7,4,0,1.0,0.6363636363636364,0.7777777777777778,0,4,17.714285714285715,4.571428571428571,1,72,250.0,2500,2500
P,7,9,7,2,0,1.0,0.7777777777777778,0.8750000000000001,0,2,4.0,7.428571428571429,1,73,250.0,2500,2500
T,7,9,7,2,0,1.0,0.7777777777777778,0.8750000000000001,0,2,10.285714285714286,2.857142857142857,1,73,250.0,2500,2500
P,10,18,10,8,0,1.0,0.5555555555555556,0.7142857142857143,0,8,15.2,15.6,1,76,250.0,2500,2500
T,10,13,10,3,0,1.0,0.7692307692307693,0.8695652173913044,0,3,5.6,6.0,1,76,250.0,2500,2500
P,9,17,9,8,0,1.0,0.5294117647058824,0.6923076923076924,0,8,23.555555555555557,15.555555555555555,1,77,250.0,2500,2500
T,9,12,9,3,0,1.0,0.75,0.8571428571428571,0,3,13.777777777777779,4.0,1,77,250.0,2500,2500
P,7,11,7,4,0,1.0,0.6363636363636364,0.7777777777777778,0,4,75.42857142857143,13.142857142857142,1,78,250.0,2500,2500
T,7,11,7,4,0,1.0,0.6363636363636364,0.7777777777777778,0,4,23.428571428571427,4.0,1,78,250.0,2500,2500
P,7,12,7,5,0,1.0,0.5833333333333334,0.7368421052631579,0,5,15.428571428571429,24.0,1,79,250.0,2500,2500
T,7,18,7,11,0,1.0,0.3888888888888889,0.56,0,11,33.714285714285715,21.142857142857142,1,79,250.0,2500,2500
P,0,12,0,12,0,0.0,0.0,0.0,0,12,,,1,8,250.0,2500,2500
T,9,15,9,6,0,1.0,0.6,0.7499999999999999,0,6,12.0,6.666666666666667,1,8,250.0,2500,2500
P,10,11,10,1,0,1.0,0.9090909090909091,0.9523809523809523,0,1,8.0,8.0,1,80,250.0,2500,2500
T,10,11,10,1,0,1.0,0.9090909090909091,0.9523809523809523,0,1,22.8,12.8,1,80,250.0,2500,2500
P,10,11,10,1,0,1.0,0.9090909090909091,0.9523809523809523,0,1,5.6,9.6,1,81,250.0,2500,2500
T,10,14,10,4,0,1.0,0.7142857142857143,0.8333333333333333,0,4,30.4,68.0,1,81,250.0,2500,2500
P,6,8,6,2,0,1.0,0.75,0.8571428571428571,0,2,5.333333333333333,11.333333333333334,1,82,250.0,2500,2500
T,6,7,6,1,0,1.0,0.8571428571428571,0.923076923076923,0,1,34.666666666666664,2.0,1,82,250.0,2500,2500
P,0,3,0,3,0,0.0,0.0,0.0,0,3,,,1,83,250.0,2500,2500
T,9,5,4,1,5,0.4444444444444444,0.8,0.5714285714285714,5,1,13.0,51.0,1,83,250.0,2500,2500
P,7,11,7,4,0,1.0,0.6363636363636364,0.7777777777777778,0,4,28.0,13.714285714285714,1,84,250.0,2500,2500
T,7,17,7,10,0,1.0,0.4117647058823529,0.5833333333333334,0,10,28.0,75.42857142857143,1,84,250.0,2500,2500
P,11,16,11,5,0,1.0,0.6875,0.8148148148148148,0,5,4.0,3.272727272727273,1,86,250.0,2500,2500
T,11,16,11,5,0,1.0,0.6875,0.8148148148148148,0,5,14.181818181818182,5.818181818181818,1,86,250.0,2500,2500
P,11,14,11,3,0,1.0,0.7857142857142857,0.88,0,3,5.090909090909091,9.090909090909092,1,87,250.0,2500,2500
T,11,17,11,6,0,1.0,0.6470588235294118,0.7857142857142858,0,6,44.0,28.363636363636363,1,87,250.0,2500,2500
P,0,13,0,13,0,0.0,0.0,0.0,0,13,,,1,88,250.0,2500,2500
T,11,14,5,9,6,0.45454545454545453,0.35714285714285715,0.4,6,9,48.8,17.6,1,88,250.0,2500,2500
P,9,11,8,3,1,0.8888888888888888,0.7272727272727273,0.7999999999999999,1,3,5.5,15.0,1,89,250.0,2500,2500
T,9,12,9,3,0,1.0,0.75,0.8571428571428571,0,3,18.22222222222222,4.888888888888889,1,89,250.0,2500,2500
P,8,11,8,3,0,1.0,0.7272727272727273,0.8421052631578948,0,3,5.0,11.0,1,9,250.0,2500,2500
T,8,11,8,3,0,1.0,0.7272727272727273,0.8421052631578948,0,3,20.5,10.5,1,9,250.0,2500,2500
P,0,2,0,2,0,0.0,0.0,0.0,0,2,,,1,90,250.0,2500,2500
T,7,15,7,8,0,1.0,0.4666666666666667,0.6363636363636364,0,8,29.714285714285715,8.0,1,90,250.0,2500,2500
P,10,12,10,2,0,1.0,0.8333333333333334,0.9090909090909091,0,2,6.8,4.4,1,91,250.0,2500,2500
T,10,15,10,5,0,1.0,0.6666666666666666,0.8,0,5,14.4,10.0,1,91,250.0,2500,2500
P,13,15,13,2,0,1.0,0.8666666666666667,0.9285714285714286,0,2,2.1538461538461537,8.307692307692308,1,92,250.0,2500,2500
T,13,15,13,2,0,1.0,0.8666666666666667,0.9285714285714286,0,2,29.23076923076923,16.923076923076923,1,92,250.0,2500,2500
P,0,7,0,7,0,0.0,0.0,0.0,0,7,,,1,93,250.0,2500,2500
T,7,10,6,4,1,0.8571428571428571,0.6,0.7058823529411764,1,4,14.666666666666666,16.0,1,93,250.0,2500,2500
P,9,12,9,3,0,1.0,0.75,0.8571428571428571,0,3,12.0,11.555555555555555,1,94,250.0,2500,2500
T,9,17,9,8,0,1.0,0.5294117647058824,0.6923076923076924,0,8,7.555555555555555,5.333333333333333,1,94,250.0,2500,2500
P,0,7,0,7,0,0.0,0.0,0.0,0,7,,,1,95,250.0,2500,2500
T,8,13,8,5,0,1.0,0.6153846153846154,0.761904761904762,0,5,26.0,14.0,1,95,250.0,2500,2500
P,0,9,0,9,0,0.0,0.0,0.0,0,9,,,1,96,250.0,2500,2500
T,11,19,11,8,0,1.0,0.5789473684210527,0.7333333333333334,0,8,26.181818181818183,49.45454545454545,1,96,250.0,2500,2500
P,7,10,7,3,0,1.0,0.7,0.8235294117647058,0,3,4.571428571428571,5.714285714285714,1,97,250.0,2500,2500
T,7,16,6,10,1,0.8571428571428571,0.375,0.5217391304347825,1,10,8.0,64.66666666666667,1,97,250.0,2500,2500
P,7,10,7,3,0,1.0,0.7,0.8235294117647058,0,3,5.714285714285714,5.142857142857143,1,98,250.0,2500,2500
T,7,17,7,10,0,1.0,0.4117647058823529,0.5833333333333334,0,10,26.857142857142858,36.57142857142857,1,98,250.0,2500,2500
P,11,13,11,2,0,1.0,0.8461538461538461,0.9166666666666666,0,2,4.0,4.363636363636363,1,99,250.0,2500,2500
T,11,12,11,1,0,1.0,0.9166666666666666,0.9565217391304348,0,1,30.90909090909091,4.363636363636363,1,99,250.0,2500,2500
P,5,7,5,2,0,1.0,0.7142857142857143,0.8333333333333333,0,2,7.2,12.8,2,1,250.0,2500,2500
T,5,7,5,2,0,1.0,0.7142857142857143,0.8333333333333333,0,2,24.8,8.0,2,1,250.0,2500,2500
P,7,11,7,4,0,1.0,0.6363636363636364,0.7777777777777778,0,4,10.857142857142858,22.285714285714285,2,10,250.0,2500,2500
T,7,9,7,2,0,1.0,0.7777777777777778,0.8750000000000001,0,2,17.142857142857142,5.714285714285714,2,10,250.0,2500,2500
P,8,10,8,2,0,1.0,0.8,0.888888888888889,0,2,6.0,3.0,2,100,250.0,2500,2500
T,8,10,8,2,0,1.0,0.8,0.888888888888889,0,2,29.5,9.0,2,100,250.0,2500,2500
P,0,10,0,10,0,0.0,0.0,0.0,0,10,,,2,101,250.0,2500,2500
T,10,22,8,14,2,0.8,0.36363636363636365,0.5000000000000001,2,14,80.5,50.0,2,101,250.0,2500,2500
P,8,10,8,2,0,1.0,0.8,0.888888888888889,0,2,9.0,8.0,2,102,250.0,2500,2500
T,8,10,8,2,0,1.0,0.8,0.888888888888889,0,2,15.0,8.0,2,102,250.0,2500,2500
P,0,20,0,20,0,0.0,0.0,0.0,0,20,,,2,103,250.0,2500,2500
T,13,33,12,21,1,0.9230769230769231,0.36363636363636365,0.5217391304347827,1,21,42.333333333333336,55.333333333333336,2,103,250.0,2500,2500
P,11,18,11,7,0,1.0,0.6111111111111112,0.7586206896551725,0,7,24.727272727272727,22.90909090909091,2,106,250.0,2500,2500
T,11,15,11,4,0,1.0,0.7333333333333333,0.846153846153846,0,4,7.636363636363637,6.181818181818182,2,106,250.0,2500,2500
P,7,12,7,5,0,1.0,0.5833333333333334,0.7368421052631579,0,5,10.857142857142858,25.142857142857142,2,107,250.0,2500,2500
T,7,14,7,7,0,1.0,0.5,0.6666666666666666,0,7,34.285714285714285,32.0,2,107,250.0,2500,2500
P,0,5,0,5,0,0.0,0.0,0.0,0,5,,,2,109,250.0,2500,2500
T,13,17,5,12,8,0.38461538461538464,0.29411764705882354,0.33333333333333337,8,12,34.4,23.2,2,109,250.0,2500,2500
P,7,10,7,3,0,1.0,0.7,0.8235294117647058,0,3,3.4285714285714284,5.714285714285714,2,11,250.0,2500,2500
T,7,10,7,3,0,1.0,0.7,0.8235294117647058,0,3,25.714285714285715,9.714285714285714,2,11,250.0,2500,2500
P,0,1,0,1,0,0.0,0.0,0.0,0,1,,,2,110,250.0,2500,2500
T,12,12,9,3,3,0.75,0.75,0.75,3,3,44.0,24.444444444444443,2,110,250.0,2500,2500
P,0,3,0,3,0,0.0,0.0,0.0,0,3,,,2,111,250.0,2500,2500
T,7,12,7,5,0,1.0,0.5833333333333334,0.7368421052631579,0,5,7.428571428571429,8.571428571428571,2,111,250.0,2500,2500
P,0,16,0,16,0,0.0,0.0,0.0,0,16,,,2,112,250.0,2500,2500
T,13,23,13,10,0,1.0,0.5652173913043478,0.7222222222222222,0,10,12.923076923076923,46.76923076923077,2,112,250.0,2500,2500
P,7,9,7,2,0,1.0,0.7777777777777778,0.8750000000000001,0,2,4.0,5.142857142857143,2,113,250.0,2500,2500
T,7,10,7,3,0,1.0,0.7,0.8235294117647058,0,3,46.285714285714285,19.428571428571427,2,113,250.0,2500,2500
P,7,9,7,2,0,1.0,0.7777777777777778,0.8750000000000001,0,2,5.714285714285714,8.571428571428571,2,115,250.0,2500,2500
T,7,10,7,3,0,1.0,0.7,0.8235294117647058,0,3,36.0,22.285714285714285,2,115,250.0,2500,2500
P,13,25,13,12,0,1.0,0.52,0.6842105263157895,0,12,44.61538461538461,38.15384615384615,2,116,250.0,2500,2500
T,13,16,13,3,0,1.0,0.8125,0.896551724137931,0,3,21.846153846153847,20.0,2,116,250.0,2500,2500
P,13,15,13,2,0,1.0,0.8666666666666667,0.9285714285714286,0,2,5.230769230769231,6.769230769230769,2,117,250.0,2500,2500
T,13,15,13,2,0,1.0,0.8666666666666667,0.9285714285714286,0,2,17.53846153846154,10.76923076923077,2,117,250.0,2500,2500
P,8,10,8,2,0,1.0,0.8,0.888888888888889,0,2,2.5,9.0,2,118,250.0,2500,2500
T,8,10,8,2,0,1.0,0.8,0.888888888888889,0,2,23.0,7.5,2,118,250.0,2500,2500
P,6,9,6,3,0,1.0,0.6666666666666666,0.8,0,3,6.666666666666667,7.333333333333333,2,12,250.0,2500,2500
T,6,10,6,4,0,1.0,0.6,0.7499999999999999,0,4,6.0,20.666666666666668,2,12,250.0,2500,2500
P,7,12,7,5,0,1.0,0.5833333333333334,0.7368421052631579,0,5,52.0,33.142857142857146,2,120,250.0,2500,2500
T,7,9,7,2,0,1.0,0.7777777777777778,0.8750000000000001,0,2,12.0,14.285714285714286,2,120,250.0,2500,2500
P,14,17,14,3,0,1.0,0.8235294117647058,0.9032258064516129,0,3,21.142857142857142,18.857142857142858,2,121,250.0,2500,2500
T,13,18,12,6,1,0.9230769230769231,0.6666666666666666,0.7741935483870968,1,6,55.0,25.0,2,121,250.0,2500,2500
P,7,9,7,2,0,1.0,0.7777777777777778,0.8750000000000001,0,2,4.571428571428571,9.714285714285714,2,122,250.0,2500,2500
T,7,8,7,1,0,1.0,0.875,0.9333333333333333,0,1,14.285714285714286,5.142857142857143,2,122,250.0,2500,2500
P,8,10,8,2,0,1.0,0.8,0.888888888888889,0,2,4.5,5.0,2,123,250.0,2500,2500
T,8,10,8,2,0,1.0,0.8,0.888888888888889,0,2,30.0,9.5,2,123,250.0,2500,2500
P,6,9,6,3,0,1.0,0.6666666666666666,0.8,0,3,4.666666666666667,4.666666666666667,2,124,250.0,2500,2500
T,6,23,6,17,0,1.0,0.2608695652173913,0.41379310344827586,0,17,57.333333333333336,29.333333333333332,2,124,250.0,2500,2500
P,4,8,4,4,0,1.0,0.5,0.6666666666666666,0,4,14.0,73.0,2,125,250.0,2500,2500
T,6,8,6,2,0,1.0,0.75,0.8571428571428571,0,2,39.333333333333336,53.333333333333336,2,125,250.0,2500,2500
P,8,11,8,3,0,1.0,0.7272727272727273,0.8421052631578948,0,3,16.0,41.0,2,126,250.0,2500,2500
T,8,9,2,7,6,0.25,0.2222222222222222,0.23529411764705882,6,7,132.0,16.0,2,126,250.0,2500,2500
P,6,8,6,2,0,1.0,0.75,0.8571428571428571,0,2,3.3333333333333335,2.0,2,128,250.0,2500,2500
T,6,7,6,1,0,1.0,0.8571428571428571,0.923076923076923,0,1,28.0,2.0,2,128,250.0,2500,2500
P,0,5,0,5,0,0.0,0.0,0.0,0,5,,,2,129,250.0,2500,2500
T,7,18,7,11,0,1.0,0.3888888888888889,0.56,0,11,26.857142857142858,11.428571428571429,2,129,250.0,2500,2500
P,6,12,6,6,0,1.0,0.5,0.6666666666666666,0,6,48.0,93.33333333333333,2,13,250.0,2500,2500
T,6,11,6,5,0,1.0,0.5454545454545454,0.7058823529411764,0,5,14.0,90.66666666666667,2,13,250.0,2500,2500
P,6,13,6,7,0,1.0,0.46153846153846156,0.631578947368421,0,7,24.0,50.666666666666664,2,130,250.0,2500,2500
T,6,20,6,14,0,1.0,0.3,0.4615384615384615,0,14,58.0,35.333333333333336,2,130,250.0,2500,2500
P,7,10,7,3,0,1.0,0.7,0.8235294117647058,0,3,15.428571428571429,14.285714285714286,2,131,250.0,2500,2500
T,7,12,7,5,0,1.0,0.5833333333333334,0.7368421052631579,0,5,10.285714285714286,9.142857142857142,2,131,250.0,2500,2500
P,7,10,7,3,0,1.0,0.7,0.8235294117647058,0,3,9.714285714285714,11.428571428571429,2,132,250.0,2500,2500
T,7,10,7,3,0,1.0,0.7,0.8235294117647058,0,3,27.428571428571427,7.428571428571429,2,132,250.0,2500,2500
P,6,10,6,4,0,1.0,0.6,0.7499999999999999,0,4,53.333333333333336,24.666666666666668,2,133,250.0,2500,2500
T,6,14,6,8,0,1.0,0.42857142857142855,0.6,0,8,49.333333333333336,84.0,2,133,250.0,2500,2500
P,8,10,8,2,0,1.0,0.8,0.888888888888889,0,2,5.5,4.0,2,135,250.0,2500,2500
T,8,10,8,2,0,1.0,0.8,0.888888888888889,0,2,45.5,16.5,2,135,250.0,2500,2500
P,8,10,8,2,0,1.0,0.8,0.888888888888889,0,2,3.5,11.0,2,137,250.0,2500,2500
T,8,12,8,4,0,1.0,0.6666666666666666,0.8,0,4,17.0,22.0,2,137,250.0,2500,2500
P,7,10,7,3,0,1.0,0.7,0.8235294117647058,0,3,5.142857142857143,19.428571428571427,2,138,250.0,2500,2500
T,7,39,7,32,0,1.0,0.1794871794871795,0.30434782608695654,0,32,49.142857142857146,82.28571428571429,2,138,250.0,2500,2500
P,9,15,9,6,0,1.0,0.6,0.7499999999999999,0,6,23.555555555555557,8.0,2,139,250.0,2500,2500
T,9,25,9,16,0,1.0,0.36,0.5294117647058824,0,16,21.333333333333332,18.666666666666668,2,139,250.0,2500,2500
P,11,15,11,4,0,1.0,0.7333333333333333,0.846153846153846,0,4,7.2727272727272725,9.454545454545455,2,14,250.0,2500,2500
T,11,13,11,2,0,1.0,0.8461538461538461,0.9166666666666666,0,2,11.272727272727273,14.545454545454545,2,14,250.0,2500,2500
P,10,5,2,3,8,0.2,0.4,0.26666666666666666,8,3,34.0,50.0,2,140,250.0,2500,2500
T,10,12,10,2,0,1.0,0.8333333333333334,0.9090909090909091,0,2,26.0,6.0,2,140,250.0,2500,2500
P,7,10,7,3,0,1.0,0.7,0.8235294117647058,0,3,9.142857142857142,10.285714285714286,2,141,250.0,2500,2500
T,7,10,7,3,0,1.0,0.7,0.8235294117647058,0,3,26.857142857142858,7.428571428571429,2,141,250.0,2500,2500
P,9,11,9,2,0,1.0,0.8181818181818182,0.9,0,2,4.888888888888889,9.777777777777779,2,142,250.0,2500,2500
T,9,12,9,3,0,1.0,0.75,0.8571428571428571,0,3,13.333333333333334,8.444444444444445,2,142,250.0,2500,2500
P,11,12,11,1,0,1.0,0.9166666666666666,0.9565217391304348,0,1,2.909090909090909,6.181818181818182,2,143,250.0,2500,2500
T,11,13,11,2,0,1.0,0.8461538461538461,0.9166666666666666,0,2,23.272727272727273,10.181818181818182,2,143,250.0,2500,2500
P,8,10,8,2,0,1.0,0.8,0.888888888888889,0,2,5.5,9.5,2,144,250.0,2500,2500
T,8,12,8,4,0,1.0,0.6666666666666666,0.8,0,4,23.0,12.5,2,144,250.0,2500,2500
P,8,11,8,3,0,1.0,0.7272727272727273,0.8421052631578948,0,3,4.0,16.0,2,145,250.0,2500,2500
T,8,10,8,2,0,1.0,0.8,0.888888888888889,0,2,42.0,14.5,2,145,250.0,2500,2500
P,7,9,7,2,0,1.0,0.7777777777777778,0.8750000000000001,0,2,5.714285714285714,12.0,2,146,250.0,2500,2500
T,7,8,7,1,0,1.0,0.875,0.9333333333333333,0,1,21.714285714285715,9.714285714285714,2,146,250.0,2500,2500
P,7,9,7,2,0,1.0,0.7777777777777778,0.8750000000000001,0,2,19.428571428571427,8.0,2,147,250.0,2500,2500
T,7,9,7,2,0,1.0,0.7777777777777778,0.8750000000000001,0,2,14.285714285714286,9.714285714285714,2,147,250.0,2500,2500
P,9,10,9,1,0,1.0,0.9,0.9473684210526316,0,1,5.333333333333333,4.888888888888889,2,148,250.0,2500,2500
T,9,12,9,3,0,1.0,0.75,0.8571428571428571,0,3,16.444444444444443,8.444444444444445,2,148,250.0,2500,2500
P,8,10,8,2,0,1.0,0.8,0.888888888888889,0,2,5.5,8.0,2,149,250.0,2500,2500
T,8,10,8,2,0,1.0,0.8,0.888888888888889,0,2,33.5,10.0,2,149,250.0,2500,2500
P,7,11,7,4,0,1.0,0.6363636363636364,0.7777777777777778,0,4,18.857142857142858,9.142857142857142,2,15,250.0,2500,2500
T,7,16,7,9,0,1.0,0.4375,0.6086956521739131,0,9,21.142857142857142,30.285714285714285,2,15,250.0,2500,2500
P,9,11,9,2,0,1.0,0.8181818181818182,0.9,0,2,3.5555555555555554,4.0,2,151,250.0,2500,2500
T,9,12,9,3,0,1.0,0.75,0.8571428571428571,0,3,14.222222222222221,11.11111111111111,2,151,250.0,2500,2500
P,8,10,8,2,0,1.0,0.8,0.888888888888889,0,2,4.0,2.0,2,152,250.0,2500,2500
T,8,10,8,2,0,1.0,0.8,0.888888888888889,0,2,25.0,5.5,2,152,250.0,2500,2500
P,7,8,7,1,0,1.0,0.875,0.9333333333333333,0,1,2.857142857142857,5.142857142857143,2,153,250.0,2500,2500
T,7,9,7,2,0,1.0,0.7777777777777778,0.8750000000000001,0,2,33.714285714285715,16.571428571428573,2,153,250.0,2500,2500
P,8,12,8,4,0,1.0,0.6666666666666666,0.8,0,4,10.5,8.0,2,154,250.0,2500,2500
T,8,11,8,3,0,1.0,0.7272727272727273,0.8421052631578948,0,3,18.5,8.0,2,154,250.0,2500,2500
P,7,11,7,4,0,1.0,0.6363636363636364,0.7777777777777778,0,4,6.285714285714286,10.285714285714286,2,155,250.0,2500,2500
T,7,10,7,3,0,1.0,0.7,0.8235294117647058,0,3,12.571428571428571,8.571428571428571,2,155,250.0,2500,2500
P,6,9,6,3,0,1.0,0.6666666666666666,0.8,0,3,3.3333333333333335,7.333333333333333,2,157,250.0,2500,2500
T,6,9,6,3,0,1.0,0.6666666666666666,0.8,0,3,14.0,2.6666666666666665,2,157,250.0,2500,2500
P,7,15,7,8,0,1.0,0.4666666666666667,0.6363636363636364,0,8,21.714285714285715,9.142857142857142,2,158,250.0,2500,2500
T,7,14,7,7,0,1.0,0.5,0.6666666666666666,0,7,28.0,14.857142857142858,2,158,250.0,2500,2500
P,8,11,8,3,0,1.0,0.7272727272727273,0.8421052631578948,0,3,5.0,3.0,2,159,250.0,2500,2500
T,8,11,8,3,0,1.0,0.7272727272727273,0.8421052631578948,0,3,43.0,17.0,2,159,250.0,2500,2500
P,9,12,9,3,0,1.0,0.75,0.8571428571428571,0,3,24.444444444444443,9.777777777777779,2,16,250.0,2500,2500
T,9,11,9,2,0,1.0,0.8181818181818182,0.9,0,2,17.77777777777778,11.11111111111111,2,16,250.0,2500,2500
P,7,10,7,3,0,1.0,0.7,0.8235294117647058,0,3,9.714285714285714,5.142857142857143,2,161,250.0,2500,2500
T,7,10,7,3,0,1.0,0.7,0.8235294117647058,0,3,29.142857142857142,6.857142857142857,2,161,250.0,2500,2500
P,9,10,9,1,0,1.0,0.9,0.9473684210526316,0,1,1.7777777777777777,2.2222222222222223,2,162,250.0,2500,2500
T,9,10,9,1,0,1.0,0.9,0.9473684210526316,0,1,26.22222222222222,12.444444444444445,2,162,250.0,2500,2500
P,9,11,9,2,0,1.0,0.8181818181818182,0.9,0,2,4.888888888888889,4.888888888888889,2,163,250.0,2500,2500
T,9,15,9,6,0,1.0,0.6,0.7499999999999999,0,6,25.77777777777778,19.555555555555557,2,163,250.0,2500,2500
P,8,10,8,2,0,1.0,0.8,0.888888888888889,0,2,7.5,5.5,2,164,250.0,2500,2500
T,8,11,8,3,0,1.0,0.7272727272727273,0.8421052631578948,0,3,7.0,7.0,2,164,250.0,2500,2500
P,8,13,8,5,0,1.0,0.6153846153846154,0.761904761904762,0,5,13.5,2.5,2,165,250.0,2500,2500
T,8,14,8,6,0,1.0,0.5714285714285714,0.7272727272727273,0,6,19.0,9.5,2,165,250.0,2500,2500
P,7,10,7,3,0,1.0,0.7,0.8235294117647058,0,3,4.0,9.142857142857142,2,166,250.0,2500,2500
T,7,10,7,3,0,1.0,0.7,0.8235294117647058,0,3,21.142857142857142,3.4285714285714284,2,166,250.0,2500,2500
P,8,11,8,3,0,1.0,0.7272727272727273,0.8421052631578948,0,3,1.0,4.5,2,167,250.0,2500,2500
T,8,13,8,5,0,1.0,0.6153846153846154,0.761904761904762,0,5,41.0,22.0,2,167,250.0,2500,2500
P,7,10,7,3,0,1.0,0.7,0.8235294117647058,0,3,9.142857142857142,9.142857142857142,2,168,250.0,2500,2500
T,7,10,7,3,0,1.0,0.7,0.8235294117647058,0,3,30.285714285714285,8.571428571428571,2,168,250.0,2500,2500
P,6,9,6,3,0,1.0,0.6666666666666666,0.8,0,3,5.333333333333333,4.666666666666667,2,169,250.0,2500,2500
T,6,8,6,2,0,1.0,0.75,0.8571428571428571,0,2,14.666666666666666,8.666666666666666,2,169,250.0,2500,2500
P,9,15,7,8,2,0.7777777777777778,0.4666666666666667,0.5833333333333334,2,8,46.285714285714285,69.14285714285714,2,17,250.0,2500,2500
T,9,18,9,9,0,1.0,0.5,0.6666666666666666,0,9,40.0,65.33333333333333,2,17,250.0,2500,2500
P,6,8,6,2,0,1.0,0.75,0.8571428571428571,0,2,2.6666666666666665,14.0,2,170,250.0,2500,2500
T,6,7,6,1,0,1.0,0.8571428571428571,0.923076923076923,0,1,13.333333333333334,3.3333333333333335,2,170,250.0,2500,2500
P,9,11,8,3,1,0.8888888888888888,0.7272727272727273,0.7999999999999999,1,3,58.0,21.5,2,171,250.0,2500,2500
T,9,11,9,2,0,1.0,0.8181818181818182,0.9,0,2,36.888888888888886,14.666666666666666,2,171,250.0,2500,2500
P,6,8,6,2,0,1.0,0.75,0.8571428571428571,0,2,7.333333333333333,6.666666666666667,2,172,250.0,2500,2500
T,6,7,6,1,0,1.0,0.8571428571428571,0.923076923076923,0,1,9.333333333333334,5.333333333333333,2,172,250.0,2500,2500
P,0,15,0,15,0,0.0,0.0,0.0,0,15,,,2,173,250.0,2500,2500
T,11,16,10,6,1,0.9090909090909091,0.625,0.7407407407407406,1,6,19.2,25.2,2,173,250.0,2500,2500
P,7,9,7,2,0,1.0,0.7777777777777778,0.8750000000000001,0,2,3.4285714285714284,4.571428571428571,2,174,250.0,2500,2500
T,7,10,7,3,0,1.0,0.7,0.8235294117647058,0,3,45.142857142857146,20.571428571428573,2,174,250.0,2500,2500
P,9,11,9,2,0,1.0,0.8181818181818182,0.9,0,2,3.5555555555555554,12.444444444444445,2,175,250.0,2500,2500
T,9,11,9,2,0,1.0,0.8181818181818182,0.9,0,2,37.333333333333336,12.88888888888889,2,175,250.0,2500,2500
P,7,10,7,3,0,1.0,0.7,0.8235294117647058,0,3,5.142857142857143,16.0,2,176,250.0,2500,2500
T,7,10,7,3,0,1.0,0.7,0.8235294117647058,0,3,7.428571428571429,8.571428571428571,2,176,250.0,2500,2500
P,11,11,11,0,0,1.0,1.0,1.0,0,0,6.545454545454546,10.545454545454545,2,177,250.0,2500,2500
T,11,11,11,0,0,1.0,1.0,1.0,0,0,31.272727272727273,12.727272727272727,2,177,250.0,2500,2500
P,11,13,11,2,0,1.0,0.8461538461538461,0.9166666666666666,0,2,9.090909090909092,9.454545454545455,2,178,250.0,2500,2500
T,11,16,11,5,0,1.0,0.6875,0.8148148148148148,0,5,19.636363636363637,9.818181818181818,2,178,250.0,2500,2500
P,7,10,7,3,0,1.0,0.7,0.8235294117647058,0,3,2.857142857142857,4.571428571428571,2,179,250.0,2500,2500
T,7,16,7,9,0,1.0,0.4375,0.6086956521739131,0,9,64.57142857142857,47.42857142857143,2,179,250.0,2500,2500
P,10,12,10,2,0,1.0,0.8333333333333334,0.9090909090909091,0,2,4.8,2.8,2,18,250.0,2500,2500
T,10,12,10,2,0,1.0,0.8333333333333334,0.9090909090909091,0,2,6.0,8.8,2,18,250.0,2500,2500
P,9,14,9,5,0,1.0,0.6428571428571429,0.782608695652174,0,5,11.555555555555555,17.77777777777778,2,180,250.0,2500,2500
T,9,18,7,11,2,0.7777777777777778,0.3888888888888889,0.5185185185185185,2,11,31.428571428571427,93.71428571428571,2,180,250.0,2500,2500
P,7,10,7,3,0,1.0,0.7,0.8235294117647058,0,3,16.0,8.0,2,181,250.0,2500,2500
T,7,10,7,3,0,1.0,0.7,0.8235294117647058,0,3,28.571428571428573,7.428571428571429,2,181,250.0,2500,2500
P,11,14,11,3,0,1.0,0.7857142857142857,0.88,0,3,8.363636363636363,4.7272727272727275,2,182,250.0,2500,2500
T,11,13,11,2,0,1.0,0.8461538461538461,0.9166666666666666,0,2,16.0,6.181818181818182,2,182,250.0,2500,2500
P,10,11,10,1,0,1.0,0.9090909090909091,0.9523809523809523,0,1,8.8,7.6,2,183,250.0,2500,2500
T,10,17,9,8,1,0.9,0.5294117647058824,0.6666666666666667,1,8,105.77777777777777,52.0,2,183,250.0,2500,2500
P,8,10,8,2,0,1.0,0.8,0.888888888888889,0,2,6.5,8.5,2,184,250.0,2500,2500
T,8,10,8,2,0,1.0,0.8,0.888888888888889,0,2,33.5,6.5,2,184,250.0,2500,2500
P,12,15,12,3,0,1.0,0.8,0.888888888888889,0,3,9.666666666666666,5.333333333333333,2,185,250.0,2500,2500
T,12,15,12,3,0,1.0,0.8,0.888888888888889,0,3,4.333333333333333,7.666666666666667,2,185,250.0,2500,2500
P,10,13,10,3,0,1.0,0.7692307692307693,0.8695652173913044,0,3,18.0,21.6,2,186,250.0,2500,2500
T,10,11,10,1,0,1.0,0.9090909090909091,0.9523809523809523,0,1,19.2,10.8,2,186,250.0,2500,2500
P,8,10,8,2,0,1.0,0.8,0.888888888888889,0,2,8.0,13.0,2,187,250.0,2500,2500
T,8,10,8,2,0,1.0,0.8,0.888888888888889,0,2,35.5,11.0,2,187,250.0,2500,2500
P,13,14,13,1,0,1.0,0.9285714285714286,0.962962962962963,0,1,4.3076923076923075,4.0,2,188,250.0,2500,2500
T,13,14,13,1,0,1.0,0.9285714285714286,0.962962962962963,0,1,12.615384615384615,6.769230769230769,2,188,250.0,2500,2500
P,7,12,7,5,0,1.0,0.5833333333333334,0.7368421052631579,0,5,8.0,16.0,2,189,250.0,2500,2500
T,7,7,7,0,0,1.0,1.0,1.0,0,0,16.0,9.142857142857142,2,189,250.0,2500,2500
P,7,10,7,3,0,1.0,0.7,0.8235294117647058,0,3,14.285714285714286,8.571428571428571,2,19,250.0,2500,2500
T,7,18,7,11,0,1.0,0.3888888888888889,0.56,0,11,38.285714285714285,20.571428571428573,2,19,250.0,2500,2500
P,11,13,11,2,0,1.0,0.8461538461538461,0.9166666666666666,0,2,15.272727272727273,6.909090909090909,2,190,250.0,2500,2500
T,11,14,11,3,0,1.0,0.7857142857142857,0.88,0,3,14.545454545454545,11.272727272727273,2,190,250.0,2500,2500
P,7,10,7,3,0,1.0,0.7,0.8235294117647058,0,3,3.4285714285714284,7.428571428571429,2,191,250.0,2500,2500
T,7,11,7,4,0,1.0,0.6363636363636364,0.7777777777777778,0,4,36.57142857142857,4.571428571428571,2,191,250.0,2500,2500
P,7,14,7,7,0,1.0,0.5,0.6666666666666666,0,7,18.285714285714285,25.714285714285715,2,192,250.0,2500,2500
T,7,16,7,9,0,1.0,0.4375,0.6086956521739131,0,9,5.142857142857143,22.857142857142858,2,192,250.0,2500,2500
P,8,12,8,4,0,1.0,0.6666666666666666,0.8,0,4,9.0,14.0,2,193,250.0,2500,2500
T,8,9,8,1,0,1.0,0.8888888888888888,0.9411764705882353,0,1,21.0,5.5,2,193,250.0,2500,2500
P,7,12,7,5,0,1.0,0.5833333333333334,0.7368421052631579,0,5,12.571428571428571,14.285714285714286,2,194,250.0,2500,2500
T,7,9,7,2,0,1.0,0.7777777777777778,0.8750000000000001,0,2,41.714285714285715,11.428571428571429,2,194,250.0,2500,2500
P,8,10,8,2,0,1.0,0.8,0.888888888888889,0,2,4.5,4.0,2,195,250.0,2500,2500
T,8,10,8,2,0,1.0,0.8,0.888888888888889,0,2,20.5,5.0,2,195,250.0,2500,2500
P,9,13,9,4,0,1.0,0.6923076923076923,0.8181818181818181,0,4,12.88888888888889,15.555555555555555,2,196,250.0,2500,2500
T,9,13,9,4,0,1.0,0.6923076923076923,0.8181818181818181,0,4,13.777777777777779,11.555555555555555,2,196,250.0,2500,2500
P,10,12,10,2,0,1.0,0.8333333333333334,0.9090909090909091,0,2,4.0,8.0,2,197,250.0,2500,2500
T,10,12,10,2,0,1.0,0.8333333333333334,0.9090909090909091,0,2,9.2,10.0,2,197,250.0,2500,2500
P,7,9,7,2,0,1.0,0.7777777777777778,0.8750000000000001,0,2,2.857142857142857,5.142857142857143,2,198,250.0,2500,2500
T,7,9,7,2,0,1.0,0.7777777777777778,0.8750000000000001,0,2,15.428571428571429,2.857142857142857,2,198,250.0,2500,2500
P,7,9,7,2,0,1.0,0.7777777777777778,0.8750000000000001,0,2,9.142857142857142,3.4285714285714284,2,199,250.0,2500,2500
T,7,9,7,2,0,1.0,0.7777777777777778,0.8750000000000001,0,2,29.142857142857142,8.0,2,199,250.0,2500,2500
P,7,17,7,10,0,1.0,0.4117647058823529,0.5833333333333334,0,10,49.142857142857146,50.857142857142854,2,20,250.0,2500,2500
T,7,14,7,7,0,1.0,0.5,0.6666666666666666,0,7,13.714285714285714,14.285714285714286,2,20,250.0,2500,2500
P,8,10,8,2,0,1.0,0.8,0.888888888888889,0,2,5.0,8.0,2,200,250.0,2500,2500
T,8,10,8,2,0,1.0,0.8,0.888888888888889,0,2,18.0,4.0,2,200,250.0,2500,2500
P,9,11,9,2,0,1.0,0.8181818181818182,0.9,0,2,2.6666666666666665,11.555555555555555,2,21,250.0,2500,2500
T,9,16,9,7,0,1.0,0.5625,0.72,0,7,32.888888888888886,24.0,2,21,250.0,2500,2500
P,10,13,10,3,0,1.0,0.7692307692307693,0.8695652173913044,0,3,20.4,18.0,2,22,250.0,2500,2500
T,10,11,10,1,0,1.0,0.9090909090909091,0.9523809523809523,0,1,6.8,10.8,2,22,250.0,2500,2500
P,7,16,7,9,0,1.0,0.4375,0.6086956521739131,0,9,46.285714285714285,30.285714285714285,2,23,250.0,2500,2500
T,7,9,7,2,0,1.0,0.7777777777777778,0.8750000000000001,0,2,13.714285714285714,4.571428571428571,2,23,250.0,2500,2500
P,6,2,1,1,5,0.16666666666666666,0.5,0.25,5,1,60.0,4.0,2,24,250.0,2500,2500
T,6,12,6,6,0,1.0,0.5,0.6666666666666666,0,6,12.666666666666666,44.666666666666664,2,24,250.0,2500,2500
P,6,9,6,3,0,1.0,0.6666666666666666,0.8,0,3,3.3333333333333335,4.666666666666667,2,25,250.0,2500,2500
T,6,9,6,3,0,1.0,0.6666666666666666,0.8,0,3,38.0,8.666666666666666,2,25,250.0,2500,2500
P,7,11,7,4,0,1.0,0.6363636363636364,0.7777777777777778,0,4,2.857142857142857,17.142857142857142,2,26,250.0,2500,2500
T,7,15,7,8,0,1.0,0.4666666666666667,0.6363636363636364,0,8,42.857142857142854,28.571428571428573,2,26,250.0,2500,2500
P,6,8,6,2,0,1.0,0.75,0.8571428571428571,0,2,4.0,6.666666666666667,2,27,250.0,2500,2500
T,6,9,6,3,0,1.0,0.6666666666666666,0.8,0,3,17.333333333333332,8.0,2,27,250.0,2500,2500
P,7,9,7,2,0,1.0,0.7777777777777778,0.8750000000000001,0,2,5.142857142857143,5.142857142857143,2,28,250.0,2500,2500
T,7,17,7,10,0,1.0,0.4117647058823529,0.5833333333333334,0,10,18.285714285714285,14.285714285714286,2,28,250.0,2500,2500
P,8,10,8,2,0,1.0,0.8,0.888888888888889,0,2,3.0,8.0,2,29,250.0,2500,2500
T,8,2,0,2,8,0.0,0.0,0.0,8,2,,,2,29,250.0,2500,2500
P,8,13,8,5,0,1.0,0.6153846153846154,0.761904761904762,0,5,29.5,29.5,2,3,250.0,2500,2500
T,8,13,8,5,0,1.0,0.6153846153846154,0.761904761904762,0,5,11.0,8.0,2,3,250.0,2500,2500
P,6,8,6,2,0,1.0,0.75,0.8571428571428571,0,2,2.0,10.0,2,30,250.0,2500,2500
T,6,7,6,1,0,1.0,0.8571428571428571,0.923076923076923,0,1,12.666666666666666,5.333333333333333,2,30,250.0,2500,2500
P,8,6,3,3,5,0.375,0.5,0.42857142857142855,5,3,30.666666666666668,32.0,2,31,250.0,2500,2500
T,8,20,8,12,0,1.0,0.4,0.5714285714285715,0,12,90.5,15.0,2,31,250.0,2500,2500
P,8,9,8,1,0,1.0,0.8888888888888888,0.9411764705882353,0,1,2.5,5.5,2,32,250.0,2500,2500
T,8,11,8,3,0,1.0,0.7272727272727273,0.8421052631578948,0,3,27.5,5.5,2,32,250.0,2500,2500
P,7,10,7,3,0,1.0,0.7,0.8235294117647058,0,3,4.0,3.4285714285714284,2,33,250.0,2500,2500
T,7,16,7,9,0,1.0,0.4375,0.6086956521739131,0,9,42.857142857142854,53.142857142857146,2,33,250.0,2500,2500
P,0,9,0,9,0,0.0,0.0,0.0,0,9,,,2,34,250.0,2500,2500
T,7,19,7,12,0,1.0,0.3684210526315789,0.5384615384615384,0,12,32.0,23.428571428571427,2,34,250.0,2500,2500
P,7,10,7,3,0,1.0,0.7,0.8235294117647058,0,3,5.714285714285714,9.714285714285714,2,36,250.0,2500,2500
T,7,10,7,3,0,1.0,0.7,0.8235294117647058,0,3,18.857142857142858,8.0,2,36,250.0,2500,2500
P,0,18,0,18,0,0.0,0.0,0.0,0,18,,,2,38,250.0,2500,2500
T,14,25,13,12,1,0.9285714285714286,0.52,0.6666666666666666,1,12,25.23076923076923,26.153846153846153,2,38,250.0,2500,2500
P,6,14,6,8,0,1.0,0.42857142857142855,0.6,0,8,57.333333333333336,32.0,2,39,250.0,2500,2500
T,6,8,6,2,0,1.0,0.75,0.8571428571428571,0,2,23.333333333333332,8.0,2,39,250.0,2500,2500
P,8,10,8,2,0,1.0,0.8,0.888888888888889,0,2,4.5,10.0,2,40,250.0,2500,2500
T,8,10,8,2,0,1.0,0.8,0.888888888888889,0,2,12.0,6.5,2,40,250.0,2500,2500
P,5,7,5,2,0,1.0,0.7142857142857143,0.8333333333333333,0,2,3.2,8.8,2,41,250.0,2500,2500
T,5,6,5,1,0,1.0,0.8333333333333334,0.9090909090909091,0,1,39.2,4.8,2,41,250.0,2500,2500
P,7,9,7,2,0,1.0,0.7777777777777778,0.8750000000000001,0,2,4.0,9.142857142857142,2,42,250.0,2500,2500
T,7,8,7,1,0,1.0,0.875,0.9333333333333333,0,1,30.857142857142858,6.285714285714286,2,42,250.0,2500,2500
P,7,12,7,5,0,1.0,0.5833333333333334,0.7368421052631579,0,5,16.0,19.428571428571427,2,43,250.0,2500,2500
T,7,9,7,2,0,1.0,0.7777777777777778,0.8750000000000001,0,2,10.285714285714286,8.571428571428571,2,43,250.0,2500,2500
P,0,3,0,3,0,0.0,0.0,0.0,0,3,,,2,44,250.0,2500,2500
T,8,13,8,5,0,1.0,0.6153846153846154,0.761904761904762,0,5,61.5,27.5,2,44,250.0,2500,2500
P,0,8,0,8,0,0.0,0.0,0.0,0,8,,,2,45,250.0,2500,2500
T,7,11,7,4,0,1.0,0.6363636363636364,0.7777777777777778,0,4,15.428571428571429,5.714285714285714,2,45,250.0,2500,2500
P,7,10,7,3,0,1.0,0.7,0.8235294117647058,0,3,5.142857142857143,16.0,2,46,250.0,2500,2500
T,7,10,7,3,0,1.0,0.7,0.8235294117647058,0,3,14.285714285714286,10.285714285714286,2,46,250.0,2500,2500
P,5,8,5,3,0,1.0,0.625,0.7692307692307693,0,3,10.4,5.6,2,47,250.0,2500,2500
T,5,7,5,2,0,1.0,0.7142857142857143,0.8333333333333333,0,2,27.2,13.6,2,47,250.0,2500,2500
P,7,9,7,2,0,1.0,0.7777777777777778,0.8750000000000001,0,2,4.0,7.428571428571429,2,49,250.0,2500,2500
T,7,8,7,1,0,1.0,0.875,0.9333333333333333,0,1,45.142857142857146,14.857142857142858,2,49,250.0,2500,2500
P,6,10,6,4,0,1.0,0.6,0.7499999999999999,0,4,6.0,7.333333333333333,2,5,250.0,2500,2500
T,6,9,6,3,0,1.0,0.6666666666666666,0.8,0,3,1.3333333333333333,10.0,2,5,250.0,2500,2500
P,8,13,8,5,0,1.0,0.6153846153846154,0.761904761904762,0,5,11.0,14.0,2,50,250.0,2500,2500
T,8,12,8,4,0,1.0,0.6666666666666666,0.8,0,4,19.5,4.0,2,50,250.0,2500,2500
P,0,3,0,3,0,0.0,0.0,0.0,0,3,,,2,51,250.0,2500,2500
T,7,8,6,2,1,0.8571428571428571,0.75,0.7999999999999999,1,2,6.666666666666667,6.666666666666667,2,51,250.0,2500,2500
P,0,14,0,14,0,0.0,0.0,0.0,0,14,,,2,52,250.0,2500,2500
T,8,31,8,23,0,1.0,0.25806451612903225,0.41025641025641024,0,23,49.0,62.0,2,52,250.0,2500,2500
P,8,9,8,1,0,1.0,0.8888888888888888,0.9411764705882353,0,1,8.5,9.0,2,53,250.0,2500,2500
T,8,9,8,1,0,1.0,0.8888888888888888,0.9411764705882353,0,1,5.5,4.0,2,53,250.0,2500,2500
P,7,10,7,3,0,1.0,0.7,0.8235294117647058,0,3,10.285714285714286,4.571428571428571,2,55,250.0,2500,2500
T,7,16,7,9,0,1.0,0.4375,0.6086956521739131,0,9,100.0,9.142857142857142,2,55,250.0,2500,2500
P,10,11,10,1,0,1.0,0.9090909090909091,0.9523809523809523,0,1,6.4,15.6,2,56,250.0,2500,2500
T,10,11,10,1,0,1.0,0.9090909090909091,0.9523809523809523,0,1,24.4,8.4,2,56,250.0,2500,2500
P,12,12,12,0,0,1.0,1.0,1.0,0,0,7.0,3.3333333333333335,2,57,250.0,2500,2500
T,12,13,12,1,0,1.0,0.9230769230769231,0.9600000000000001,0,1,29.0,30.0,2,57,250.0,2500,2500
P,9,9,9,0,0,1.0,1.0,1.0,0,0,4.888888888888889,10.666666666666666,2,58,250.0,2500,2500
T,9,9,9,0,0,1.0,1.0,1.0,0,0,12.444444444444445,9.777777777777779,2,58,250.0,2500,2500
P,5,13,5,8,0,1.0,0.38461538461538464,0.5555555555555556,0,8,12.8,41.6,2,59,250.0,2500,2500
T,5,9,5,4,0,1.0,0.5555555555555556,0.7142857142857143,0,4,35.2,9.6,2,59,250.0,2500,2500
P,6,8,6,2,0,1.0,0.75,0.8571428571428571,0,2,4.0,5.333333333333333,2,6,250.0,2500,2500
T,6,8,6,2,0,1.0,0.75,0.8571428571428571,0,2,15.333333333333334,5.333333333333333,2,6,250.0,2500,2500
P,7,6,4,2,3,0.5714285714285714,0.6666666666666666,0.6153846153846153,3,2,13.0,66.0,2,60,250.0,2500,2500
T,7,9,7,2,0,1.0,0.7777777777777778,0.8750000000000001,0,2,9.142857142857142,8.0,2,60,250.0,2500,2500
P,8,9,8,1,0,1.0,0.8888888888888888,0.9411764705882353,0,1,20.5,14.5,2,61,250.0,2500,2500
T,8,15,8,7,0,1.0,0.5333333333333333,0.6956521739130436,0,7,12.5,69.0,2,61,250.0,2500,2500
P,8,12,8,4,0,1.0,0.6666666666666666,0.8,0,4,5.5,12.5,2,62,250.0,2500,2500
T,8,11,8,3,0,1.0,0.7272727272727273,0.8421052631578948,0,3,10.5,9.0,2,62,250.0,2500,2500
P,9,11,9,2,0,1.0,0.8181818181818182,0.9,0,2,9.333333333333334,13.777777777777779,2,63,250.0,2500,2500
T,9,11,9,2,0,1.0,0.8181818181818182,0.9,0,2,34.22222222222222,12.88888888888889,2,63,250.0,2500,2500
P,8,10,8,2,0,1.0,0.8,0.888888888888889,0,2,3.0,5.5,2,64,250.0,2500,2500
T,8,10,8,2,0,1.0,0.8,0.888888888888889,0,2,12.5,5.5,2,64,250.0,2500,2500
P,11,18,11,7,0,1.0,0.6111111111111112,0.7586206896551725,0,7,32.0,20.0,2,65,250.0,2500,2500
T,11,13,11,2,0,1.0,0.8461538461538461,0.9166666666666666,0,2,25.454545454545453,16.363636363636363,2,65,250.0,2500,2500
P,5,8,5,3,0,1.0,0.625,0.7692307692307693,0,3,6.4,11.2,2,66,250.0,2500,2500
T,5,7,5,2,0,1.0,0.7142857142857143,0.8333333333333333,0,2,14.4,5.6,2,66,250.0,2500,2500
P,6,9,6,3,0,1.0,0.6666666666666666,0.8,0,3,4.0,2.0,2,67,250.0,2500,2500
T,6,9,6,3,0,1.0,0.6666666666666666,0.8,0,3,37.333333333333336,6.666666666666667,2,67,250.0,2500,2500
P,8,10,8,2,0,1.0,0.8,0.888888888888889,0,2,8.5,8.5,2,68,250.0,2500,2500
T,8,10,8,2,0,1.0,0.8,0.888888888888889,0,2,11.0,14.5,2,68,250.0,2500,2500
P,10,12,10,2,0,1.0,0.8333333333333334,0.9090909090909091,0,2,6.0,5.6,2,69,250.0,2500,2500
T,10,13,10,3,0,1.0,0.7692307692307693,0.8695652173913044,0,3,12.0,7.6,2,69,250.0,2500,2500
P,7,11,7,4,0,1.0,0.6363636363636364,0.7777777777777778,0,4,12.571428571428571,14.857142857142858,2,7,250.0,2500,2500
T,7,10,7,3,0,1.0,0.7,0.8235294117647058,0,3,17.714285714285715,6.857142857142857,2,7,250.0,2500,2500
P,12,15,12,3,0,1.0,0.8,0.888888888888889,0,3,15.666666666666666,7.0,2,70,250.0,2500,2500
T,12,16,12,4,0,1.0,0.75,0.8571428571428571,0,4,8.666666666666666,10.666666666666666,2,70,250.0,2500,2500
P,7,9,7,2,0,1.0,0.7777777777777778,0.8750000000000001,0,2,2.2857142857142856,1.7142857142857142,2,71,250.0,2500,2500
T,7,9,7,2,0,1.0,0.7777777777777778,0.8750000000000001,0,2,42.857142857142854,16.571428571428573,2,71,250.0,2500,2500
P,7,10,7,3,0,1.0,0.7,0.8235294117647058,0,3,12.0,16.571428571428573,2,72,250.0,2500,2500
T,7,11,7,4,0,1.0,0.6363636363636364,0.7777777777777778,0,4,20.0,4.0,2,72,250.0,2500,2500
P,7,9,7,2,0,1.0,0.7777777777777778,0.8750000000000001,0,2,4.0,5.142857142857143,2,73,250.0,2500,2500
T,7,9,7,2,0,1.0,0.7777777777777778,0.8750000000000001,0,2,9.714285714285714,2.857142857142857,2,73,250.0,2500,2500
P,10,21,10,11,0,1.0,0.47619047619047616,0.6451612903225806,0,11,10.8,12.8,2,76,250.0,2500,2500
T,10,14,10,4,0,1.0,0.7142857142857143,0.8333333333333333,0,4,8.8,6.4,2,76,250.0,2500,2500
P,9,14,9,5,0,1.0,0.6428571428571429,0.782608695652174,0,5,8.0,14.666666666666666,2,77,250.0,2500,2500
T,9,12,9,3,0,1.0,0.75,0.8571428571428571,0,3,13.777777777777779,4.888888888888889,2,77,250.0,2500,2500
P,7,11,7,4,0,1.0,0.6363636363636364,0.7777777777777778,0,4,57.142857142857146,14.285714285714286,2,78,250.0,2500,2500
T,7,13,7,6,0,1.0,0.5384615384615384,0.7000000000000001,0,6,25.142857142857142,45.714285714285715,2,78,250.0,2500,2500
P,7,13,7,6,0,1.0,0.5384615384615384,0.7000000000000001,0,6,13.142857142857142,28.571428571428573,2,79,250.0,2500,2500
T,7,20,7,13,0,1.0,0.35,0.5185185185185185,0,13,13.714285714285714,24.571428571428573,2,79,250.0,2500,2500
P,0,9,0,9,0,0.0,0.0,0.0,0,9,,,2,8,250.0,2500,2500
T,9,14,9,5,0,1.0,0.6428571428571429,0.782608695652174,0,5,19.11111111111111,5.777777777777778,2,8,250.0,2500,2500
P,10,11,10,1,0,1.0,0.9090909090909091,0.9523809523809523,0,1,7.2,8.0,2,80,250.0,2500,2500
T,10,12,10,2,0,1.0,0.8333333333333334,0.9090909090909091,0,2,20.8,12.4,2,80,250.0,2500,2500
P,10,11,10,1,0,1.0,0.9090909090909091,0.9523809523809523,0,1,11.6,7.6,2,81,250.0,2500,2500
T,10,15,10,5,0,1.0,0.6666666666666666,0.8,0,5,66.0,22.8,2,81,250.0,2500,2500
P,6,9,6,3,0,1.0,0.6666666666666666,0.8,0,3,6.666666666666667,10.0,2,82,250.0,2500,2500
T,6,8,6,2,0,1.0,0.75,0.8571428571428571,0,2,35.333333333333336,28.0,2,82,250.0,2500,2500
P,0,2,0,2,0,0.0,0.0,0.0,0,2,,,2,83,250.0,2500,2500
T,9,6,4,2,5,0.4444444444444444,0.6666666666666666,0.5333333333333333,5,2,14.0,39.0,2,83,250.0,2500,2500
P,7,10,7,3,0,1.0,0.7,0.8235294117647058,0,3,18.857142857142858,17.714285714285715,2,84,250.0,2500,2500
T,7,21,7,14,0,1.0,0.3333333333333333,0.5,0,14,41.142857142857146,45.142857142857146,2,84,250.0,2500,2500
P,11,16,11,5,0,1.0,0.6875,0.8148148148148148,0,5,3.6363636363636362,3.272727272727273,2,86,250.0,2500,2500
T,11,19,11,8,0,1.0,0.5789473684210527,0.7333333333333334,0,8,25.454545454545453,4.363636363636363,2,86,250.0,2500,2500
P,11,23,11,12,0,1.0,0.4782608695652174,0.6470588235294118,0,12,8.363636363636363,45.45454545454545,2,87,250.0,2500,2500
T,11,19,11,8,0,1.0,0.5789473684210527,0.7333333333333334,0,8,34.54545454545455,16.363636363636363,2,87,250.0,2500,2500
P,0,16,0,16,0,0.0,0.0,0.0,0,16,,,2,88,250.0,2500,2500
T,11,25,9,16,2,0.8181818181818182,0.36,0.5,2,16,17.77777777777778,62.22222222222222,2,88,250.0,2500,2500
P,9,11,9,2,0,1.0,0.8181818181818182,0.9,0,2,4.444444444444445,26.666666666666668,2,89,250.0,2500,2500
T,9,15,9,6,0,1.0,0.6,0.7499999999999999,0,6,28.0,3.5555555555555554,2,89,250.0,2500,2500
P,8,11,8,3,0,1.0,0.7272727272727273,0.8421052631578948,0,3,8.0,9.5,2,9,250.0,2500,2500
T,8,11,8,3,0,1.0,0.7272727272727273,0.8421052631578948,0,3,24.0,9.5,2,9,250.0,2500,2500
P,0,4,0,4,0,0.0,0.0,0.0,0,4,,,2,90,250.0,2500,2500
T,7,19,7,12,0,1.0,0.3684210526315789,0.5384615384615384,0,12,27.428571428571427,8.571428571428571,2,90,250.0,2500,2500
P,10,12,10,2,0,1.0,0.8333333333333334,0.9090909090909091,0,2,5.2,2.8,2,91,250.0,2500,2500
T,10,13,10,3,0,1.0,0.7692307692307693,0.8695652173913044,0,3,14.0,4.4,2,91,250.0,2500,2500
P,13,15,13,2,0,1.0,0.8666666666666667,0.9285714285714286,0,2,3.076923076923077,7.076923076923077,2,92,250.0,2500,2500
T,13,15,13,2,0,1.0,0.8666666666666667,0.9285714285714286,0,2,30.76923076923077,13.23076923076923,2,92,250.0,2500,2500
P,0,5,0,5,0,0.0,0.0,0.0,0,5,,,2,93,250.0,2500,2500
T,7,11,7,4,0,1.0,0.6363636363636364,0.7777777777777778,0,4,13.714285714285714,19.428571428571427,2,93,250.0,2500,2500
P,9,12,9,3,0,1.0,0.75,0.8571428571428571,0,3,20.444444444444443,10.666666666666666,2,94,250.0,2500,2500
T,9,13,9,4,0,1.0,0.6923076923076923,0.8181818181818181,0,4,8.0,3.111111111111111,2,94,250.0,2500,2500
P,0,3,0,3,0,0.0,0.0,0.0,0,3,,,2,95,250.0,2500,2500
T,8,11,7,4,1,0.875,0.6363636363636364,0.7368421052631579,1,4,12.0,12.0,2,95,250.0,2500,2500
P,0,9,0,9,0,0.0,0.0,0.0,0,9,,,2,96,250.0,2500,2500
T,11,19,11,8,0,1.0,0.5789473684210527,0.7333333333333334,0,8,37.81818181818182,34.18181818181818,2,96,250.0,2500,2500
P,7,9,7,2,0,1.0,0.7777777777777778,0.8750000000000001,0,2,6.857142857142857,4.571428571428571,2,97,250.0,2500,2500
T,7,13,7,6,0,1.0,0.5384615384615384,0.7000000000000001,0,6,4.571428571428571,54.285714285714285,2,97,250.0,2500,2500
P,7,12,7,5,0,1.0,0.5833333333333334,0.7368421052631579,0,5,6.285714285714286,5.714285714285714,2,98,250.0,2500,2500
T,7,23,7,16,0,1.0,0.30434782608695654,0.4666666666666667,0,16,13.714285714285714,45.142857142857146,2,98,250.0,2500,2500
P,11,13,11,2,0,1.0,0.8461538461538461,0.9166666666666666,0,2,3.272727272727273,4.363636363636363,2,99,250.0,2500,2500
T,11,12,11,1,0,1.0,0.9166666666666666,0.9565217391304348,0,1,32.36363636363637,4.7272727272727275,2,99,250.0,2500,2500
P,5,7,5,2,0,1.0,0.7142857142857143,0.8333333333333333,0,2,5.6,12.8,3,1,250.0,2500,2500
T,5,6,5,1,0,1.0,0.8333333333333334,0.9090909090909091,0,1,11.2,8.8,3,1,250.0,2500,2500
P,7,10,7,3,0,1.0,0.7,0.8235294117647058,0,3,16.0,21.714285714285715,3,10,250.0,2500,2500
T,7,9,7,2,0,1.0,0.7777777777777778,0.8750000000000001,0,2,14.285714285714286,6.857142857142857,3,10,250.0,2500,2500
P,8,10,8,2,0,1.0,0.8,0.888888888888889,0,2,4.5,3.5,3,100,250.0,2500,2500
T,8,11,8,3,0,1.0,0.7272727272727273,0.8421052631578948,0,3,24.5,9.5,3,100,250.0,2500,2500
P,0,17,0,17,0,0.0,0.0,0.0,0,17,,,3,101,250.0,2500,2500
T,10,20,9,11,1,0.9,0.45,0.6,1,11,45.333333333333336,70.66666666666667,3,101,250.0,2500,2500
P,8,10,8,2,0,1.0,0.8,0.888888888888889,0,2,7.0,9.5,3,102,250.0,2500,2500
T,8,10,8,2,0,1.0,0.8,0.888888888888889,0,2,13.0,9.5,3,102,250.0,2500,2500
P,0,20,0,20,0,0.0,0.0,0.0,0,20,,,3,103,250.0,2500,2500
T,13,29,13,16,0,1.0,0.4482758620689655,0.6190476190476191,0,16,25.53846153846154,34.15384615384615,3,103,250.0,2500,2500
P,11,13,11,2,0,1.0,0.8461538461538461,0.9166666666666666,0,2,2.909090909090909,8.0,3,106,250.0,2500,2500
T,11,14,11,3,0,1.0,0.7857142857142857,0.88,0,3,20.363636363636363,5.454545454545454,3,106,250.0,2500,2500
P,7,13,7,6,0,1.0,0.5384615384615384,0.7000000000000001,0,6,6.857142857142857,25.714285714285715,3,107,250.0,2500,2500
T,7,14,7,7,0,1.0,0.5,0.6666666666666666,0,7,8.571428571428571,36.57142857142857,3,107,250.0,2500,2500
P,0,8,0,8,0,0.0,0.0,0.0,0,8,,,3,109,250.0,2500,2500
T,13,23,4,19,9,0.3076923076923077,0.17391304347826086,0.2222222222222222,9,19,41.0,46.0,3,109,250.0,2500,2500
P,7,10,7,3,0,1.0,0.7,0.8235294117647058,0,3,2.857142857142857,4.571428571428571,3,11,250.0,2500,2500
T,7,10,7,3,0,1.0,0.7,0.8235294117647058,0,3,28.571428571428573,2.2857142857142856,3,11,250.0,2500,2500
P,0,5,0,5,0,0.0,0.0,0.0,0,5,,,3,110,250.0,2500,2500
T,12,8,5,3,7,0.4166666666666667,0.625,0.5,7,3,48.8,31.2,3,110,250.0,2500,2500
P,0,5,0,5,0,0.0,0.0,0.0,0,5,,,3,111,250.0,2500,2500
T,7,14,7,7,0,1.0,0.5,0.6666666666666666,0,7,12.0,18.285714285714285,3,111,250.0,2500,2500
P,0,15,0,15,0,0.0,0.0,0.0,0,15,,,3,112,250.0,2500,2500
T,13,24,13,11,0,1.0,0.5416666666666666,0.7027027027027027,0,11,23.384615384615383,48.30769230769231,3,112,250.0,2500,2500
P,7,9,7,2,0,1.0,0.7777777777777778,0.8750000000000001,0,2,5.142857142857143,6.285714285714286,3,113,250.0,2500,2500
T,7,9,7,2,0,1.0,0.7777777777777778,0.8750000000000001,0,2,54.285714285714285,5.142857142857143,3,113,250.0,2500,2500
P,7,9,7,2,0,1.0,0.7777777777777778,0.8750000000000001,0,2,5.142857142857143,8.0,3,115,250.0,2500,2500
T,7,10,7,3,0,1.0,0.7,0.8235294117647058,0,3,24.0,25.142857142857142,3,115,250.0,2500,2500
P,13,16,13,3,0,1.0,0.8125,0.896551724137931,0,3,15.384615384615385,10.76923076923077,3,116,250.0,2500,2500
T,13,16,13,3,0,1.0,0.8125,0.896551724137931,0,3,18.76923076923077,8.923076923076923,3,116,250.0,2500,2500
P,13,15,13,2,0,1.0,0.8666666666666667,0.9285714285714286,0,2,4.3076923076923075,6.153846153846154,3,117,250.0,2500,2500
T,13,15,13,2,0,1.0,0.8666666666666667,0.9285714285714286,0,2,16.615384615384617,10.153846153846153,3,117,250.0,2500,2500
P,8,10,8,2,0,1.0,0.8,0.888888888888889,0,2,2.5,9.5,3,118,250.0,2500,2500
T,8,11,8,3,0,1.0,0.7272727272727273,0.8421052631578948,0,3,18.0,6.5,3,118,250.0,2500,2500
P,6,9,6,3,0,1.0,0.6666666666666666,0.8,0,3,6.0,5.333333333333333,3,12,250.0,2500,2500
T,6,13,6,7,0,1.0,0.46153846153846156,0.631578947368421,0,7,6.0,15.333333333333334,3,12,250.0,2500,2500
P,7,19,7,12,0,1.0,0.3684210526315789,0.5384615384615384,0,12,49.714285714285715,62.857142857142854,3,120,250.0,2500,2500
T,7,9,7,2,0,1.0,0.7777777777777778,0.8750000000000001,0,2,14.857142857142858,14.857142857142858,3,120,250.0,2500,2500
P,14,17,14,3,0,1.0,0.8235294117647058,0.9032258064516129,0,3,33.714285714285715,20.0,3,121,250.0,2500,2500
T,13,12,11,1,2,0.8461538461538461,0.9166666666666666,0.8799999999999999,2,1,79.63636363636364,7.2727272727272725,3,121,250.0,2500,2500
P,7,9,7,2,0,1.0,0.7777777777777778,0.8750000000000001,0,2,2.2857142857142856,9.714285714285714,3,122,250.0,2500,2500
T,7,9,7,2,0,1.0,0.7777777777777778,0.8750000000000001,0,2,6.285714285714286,13.142857142857142,3,122,250.0,2500,2500
P,8,3,1,2,7,0.125,0.3333333333333333,0.18181818181818182,7,2,8.0,84.0,3,123,250.0,2500,2500
T,8,10,8,2,0,1.0,0.8,0.888888888888889,0,2,25.5,7.5,3,123,250.0,2500,2500
P,6,9,6,3,0,1.0,0.6666666666666666,0.8,0,3,4.0,4.0,3,124,250.0,2500,2500
T,6,19,6,13,0,1.0,0.3157894736842105,0.4799999999999999,0,13,20.666666666666668,29.333333333333332,3,124,250.0,2500,2500
P,4,9,4,5,0,1.0,0.4444444444444444,0.6153846153846153,0,5,1.0,38.0,3,125,250.0,2500,2500
T,6,11,6,5,0,1.0,0.5454545454545454,0.7058823529411764,0,5,40.0,54.0,3,125,250.0,2500,2500
P,8,12,8,4,0,1.0,0.6666666666666666,0.8,0,4,23.5,53.0,3,126,250.0,2500,2500
T,8,3,0,3,8,0.0,0.0,0.0,8,3,,,3,126,250.0,2500,2500
P,6,9,6,3,0,1.0,0.6666666666666666,0.8,0,3,4.666666666666667,6.666666666666667,3,128,250.0,2500,2500
T,6,8,6,2,0,1.0,0.75,0.8571428571428571,0,2,26.0,2.0,3,128,250.0,2500,2500
P,0,5,0,5,0,0.0,0.0,0.0,0,5,,,3,129,250.0,2500,2500
T,7,13,7,6,0,1.0,0.5384615384615384,0.7000000000000001,0,6,8.571428571428571,13.714285714285714,3,129,250.0,2500,2500
P,6,4,2,2,4,0.3333333333333333,0.5,0.4,4,2,100.0,38.0,3,13,250.0,2500,2500
T,6,10,6,4,0,1.0,0.6,0.7499999999999999,0,4,28.0,52.666666666666664,3,13,250.0,2500,2500
P,6,16,6,10,0,1.0,0.375,0.5454545454545454,0,10,43.333333333333336,54.666666666666664,3,130,250.0,2500,2500
T,6,23,6,17,0,1.0,0.2608695652173913,0.41379310344827586,0,17,46.666666666666664,60.0,3,130,250.0,2500,2500
P,7,10,7,3,0,1.0,0.7,0.8235294117647058,0,3,12.0,11.428571428571429,3,131,250.0,2500,2500
T,7,10,7,3,0,1.0,0.7,0.8235294117647058,0,3,4.571428571428571,14.285714285714286,3,131,250.0,2500,2500
P,7,10,7,3,0,1.0,0.7,0.8235294117647058,0,3,10.285714285714286,11.428571428571429,3,132,250.0,2500,2500
T,7,10,7,3,0,1.0,0.7,0.8235294117647058,0,3,22.285714285714285,5.142857142857143,3,132,250.0,2500,2500
P,6,11,6,5,0,1.0,0.5454545454545454,0.7058823529411764,0,5,23.333333333333332,54.666666666666664,3,133,250.0,2500,2500
T,6,12,6,6,0,1.0,0.5,0.6666666666666666,0,6,52.666666666666664,84.66666666666667,3,133,250.0,2500,2500
P,8,13,8,5,0,1.0,0.6153846153846154,0.761904761904762,0,5,14.5,26.0,3,135,250.0,2500,2500
T,8,10,8,2,0,1.0,0.8,0.888888888888889,0,2,38.5,9.0,3,135,250.0,2500,2500
P,8,11,8,3,0,1.0,0.7272727272727273,0.8421052631578948,0,3,3.0,10.0,3,137,250.0,2500,2500
T,8,12,8,4,0,1.0,0.6666666666666666,0.8,0,4,15.5,11.5,3,137,250.0,2500,2500
P,7,13,7,6,0,1.0,0.5384615384615384,0.7000000000000001,0,6,12.571428571428571,22.285714285714285,3,138,250.0,2500,2500
T,7,34,7,27,0,1.0,0.20588235294117646,0.34146341463414637,0,27,38.285714285714285,72.0,3,138,250.0,2500,2500
P,9,15,9,6,0,1.0,0.6,0.7499999999999999,0,6,17.77777777777778,19.11111111111111,3,139,250.0,2500,2500
T,9,19,9,10,0,1.0,0.47368421052631576,0.6428571428571429,0,10,26.22222222222222,21.333333333333332,3,139,250.0,2500,2500
P,11,14,11,3,0,1.0,0.7857142857142857,0.88,0,3,4.363636363636363,8.727272727272727,3,14,250.0,2500,2500
T,11,14,11,3,0,1.0,0.7857142857142857,0.88,0,3,17.09090909090909,21.818181818181817,3,14,250.0,2500,2500
P,10,0,0,0,10,0.0,0.0,0.0,10,0,,,3,140,250.0,2500,2500
T,10,12,10,2,0,1.0,0.8333333333333334,0.9090909090909091,0,2,24.0,5.2,3,140,250.0,2500,2500
P,7,10,7,3,0,1.0,0.7,0.8235294117647058,0,3,6.857142857142857,8.571428571428571,3,141,250.0,2500,2500
T,7,10,7,3,0,1.0,0.7,0.8235294117647058,0,3,21.142857142857142,5.142857142857143,3,141,250.0,2500,2500
P,9,11,9,2,0,1.0,0.8181818181818182,0.9,0,2,4.888888888888889,11.555555555555555,3,142,250.0,2500,2500
T,9,12,9,3,0,1.0,0.75,0.8571428571428571,0,3,11.555555555555555,6.222222222222222,3,142,250.0,2500,2500
P,11,12,11,1,0,1.0,0.9166666666666666,0.9565217391304348,0,1,1.8181818181818181,6.909090909090909,3,143,250.0,2500,2500
T,11,13,11,2,0,1.0,0.8461538461538461,0.9166666666666666,0,2,20.363636363636363,9.818181818181818,3,143,250.0,2500,2500
P,8,10,8,2,0,1.0,0.8,0.888888888888889,0,2,5.0,9.0,3,144,250.0,2500,2500
T,8,10,8,2,0,1.0,0.8,0.888888888888889,0,2,23.5,9.5,3,144,250.0,2500,2500
P,8,8,5,3,3,0.625,0.625,0.625,3,3,40.8,41.6,3,145,250.0,2500,2500
T,8,10,8,2,0,1.0,0.8,0.888888888888889,0,2,38.0,9.0,3,145,250.0,2500,2500
P,7,10,7,3,0,1.0,0.7,0.8235294117647058,0,3,11.428571428571429,13.714285714285714,3,146,250.0,2500,2500
T,7,8,7,1,0,1.0,0.875,0.9333333333333333,0,1,18.285714285714285,9.714285714285714,3,146,250.0,2500,2500
P,7,9,7,2,0,1.0,0.7777777777777778,0.8750000000000001,0,2,17.142857142857142,7.428571428571429,3,147,250.0,2500,2500
T,7,9,7,2,0,1.0,0.7777777777777778,0.8750000000000001,0,2,12.0,13.142857142857142,3,147,250.0,2500,2500
P,9,10,9,1,0,1.0,0.9,0.9473684210526316,0,1,6.666666666666667,4.444444444444445,3,148,250.0,2500,2500
T,9,11,9,2,0,1.0,0.8181818181818182,0.9,0,2,12.0,5.333333333333333,3,148,250.0,2500,2500
P,8,10,8,2,0,1.0,0.8,0.888888888888889,0,2,18.0,56.5,3,149,250.0,2500,2500
T,8,10,8,2,0,1.0,0.8,0.888888888888889,0,2,31.0,4.5,3,149,250.0,2500,2500
P,7,10,7,3,0,1.0,0.7,0.8235294117647058,0,3,12.0,8.571428571428571,3,15,250.0,2500,2500
T,7,13,7,6,0,1.0,0.5384615384615384,0.7000000000000001,0,6,21.714285714285715,20.571428571428573,3,15,250.0,2500,2500
P,9,11,9,2,0,1.0,0.8181818181818182,0.9,0,2,4.0,3.111111111111111,3,151,250.0,2500,2500
T,9,14,9,5,0,1.0,0.6428571428571429,0.782608695652174,0,5,11.555555555555555,5.777777777777778,3,151,250.0,2500,2500
P,8,10,8,2,0,1.0,0.8,0.888888888888889,0,2,3.5,1.0,3,152,250.0,2500,2500
T,8,10,8,2,0,1.0,0.8,0.888888888888889,0,2,21.0,5.0,3,152,250.0,2500,2500
P,7,8,7,1,0,1.0,0.875,0.9333333333333333,0,1,2.857142857142857,3.4285714285714284,3,153,250.0,2500,2500
T,7,8,7,1,0,1.0,0.875,0.9333333333333333,0,1,44.57142857142857,9.714285714285714,3,153,250.0,2500,2500
P,8,11,8,3,0,1.0,0.7272727272727273,0.8421052631578948,0,3,10.5,7.0,3,154,250.0,2500,2500
T,8,11,8,3,0,1.0,0.7272727272727273,0.8421052631578948,0,3,18.0,7.0,3,154,250.0,2500,2500
P,7,10,7,3,0,1.0,0.7,0.8235294117647058,0,3,6.857142857142857,12.0,3,155,250.0,2500,2500
T,7,9,7,2,0,1.0,0.7777777777777778,0.8750000000000001,0,2,12.0,9.142857142857142,3,155,250.0,2500,2500
P,6,11,6,5,0,1.0,0.5454545454545454,0.7058823529411764,0,5,20.666666666666668,10.666666666666666,3,157,250.0,2500,2500
T,6,9,6,3,0,1.0,0.6666666666666666,0.8,0,3,11.333333333333334,4.0,3,157,250.0,2500,2500
P,7,15,7,8,0,1.0,0.4666666666666667,0.6363636363636364,0,8,17.714285714285715,9.714285714285714,3,158,250.0,2500,2500
T,7,18,7,11,0,1.0,0.3888888888888889,0.56,0,11,50.857142857142854,42.857142857142854,3,158,250.0,2500,2500
P,8,11,8,3,0,1.0,0.7272727272727273,0.8421052631578948,0,3,5.0,3.0,3,159,250.0,2500,2500
T,8,11,8,3,0,1.0,0.7272727272727273,0.8421052631578948,0,3,39.0,8.5,3,159,250.0,2500,2500
P,9,11,9,2,0,1.0,0.8181818181818182,0.9,0,2,23.555555555555557,9.777777777777779,3,16,250.0,2500,2500
T,9,11,9,2,0,1.0,0.8181818181818182,0.9,0,2,13.333333333333334,8.88888888888889,3,16,250.0,2500,2500
P,7,10,7,3,0,1.0,0.7,0.8235294117647058,0,3,10.857142857142858,6.285714285714286,3,161,250.0,2500,2500
T,7,10,7,3,0,1.0,0.7,0.8235294117647058,0,3,28.571428571428573,6.285714285714286,3,161,250.0,2500,2500
P,9,10,9,1,0,1.0,0.9,0.9473684210526316,0,1,2.2222222222222223,2.6666666666666665,3,162,250.0,2500,2500
T,9,10,9,1,0,1.0,0.9,0.9473684210526316,0,1,20.444444444444443,6.222222222222222,3,162,250.0,2500,2500
P,9,11,9,2,0,1.0,0.8181818181818182,0.9,0,2,4.0,4.444444444444445,3,163,250.0,2500,2500
T,9,22,9,13,0,1.0,0.4090909090909091,0.5806451612903226,0,13,56.44444444444444,59.111111111111114,3,163,250.0,2500,2500
P,8,10,8,2,0,1.0,0.8,0.888888888888889,0,2,7.0,9.5,3,164,250.0,2500,2500
T,8,11,8,3,0,1.0,0.7272727272727273,0.8421052631578948,0,3,8.0,7.5,3,164,250.0,2500,2500
P,8,14,8,6,0,1.0,0.5714285714285714,0.7272727272727273,0,6,17.5,7.0,3,165,250.0,2500,2500
T,8,13,8,5,0,1.0,0.6153846153846154,0.761904761904762,0,5,4.5,10.0,3,165,250.0,2500,2500
P,7,10,7,3,0,1.0,0.7,0.8235294117647058,0,3,5.714285714285714,9.142857142857142,3,166,250.0,2500,2500
T,7,10,7,3,0,1.0,0.7,0.8235294117647058,0,3,15.428571428571429,3.4285714285714284,3,166,250.0,2500,2500
P,8,11,8,3,0,1.0,0.7272727272727273,0.8421052631578948,0,3,3.5,5.0,3,167,250.0,2500,2500
T,8,13,8,5,0,1.0,0.6153846153846154,0.761904761904762,0,5,36.0,13.5,3,167,250.0,2500,2500
P,7,10,7,3,0,1.0,0.7,0.8235294117647058,0,3,9.714285714285714,9.142857142857142,3,168,250.0,2500,2500
T,7,10,7,3,0,1.0,0.7,0.8235294117647058,0,3,26.857142857142858,11.428571428571429,3,168,250.0,2500,2500
P,6,9,6,3,0,1.0,0.6666666666666666,0.8,0,3,6.0,4.666666666666667,3,169,250.0,2500,2500
T,6,8,6,2,0,1.0,0.75,0.8571428571428571,0,2,12.666666666666666,8.666666666666666,3,169,250.0,2500,2500
P,9,22,9,13,0,1.0,0.4090909090909091,0.5806451612903226,0,13,51.55555555555556,55.111111111111114,3,17,250.0,2500,2500
T,9,19,9,10,0,1.0,0.47368421052631576,0.6428571428571429,0,10,40.44444444444444,35.55555555555556,3,17,250.0,2500,2500
P,6,8,6,2,0,1.0,0.75,0.8571428571428571,0,2,2.6666666666666665,13.333333333333334,3,170,250.0,2500,2500
T,6,7,6,1,0,1.0,0.8571428571428571,0.923076923076923,0,1,10.0,4.666666666666667,3,170,250.0,2500,2500
P,9,2,1,1,8,0.1111111111111111,0.5,0.1818181818181818,8,1,40.0,72.0,3,171,250.0,2500,2500
T,9,11,9,2,0,1.0,0.8181818181818182,0.9,0,2,32.888888888888886,8.88888888888889,3,171,250.0,2500,2500
P,6,8,6,2,0,1.0,0.75,0.8571428571428571,0,2,7.333333333333333,6.666666666666667,3,172,250.0,2500,2500
T,6,7,6,1,0,1.0,0.8571428571428571,0.923076923076923,0,1,7.333333333333333,3.3333333333333335,3,172,250.0,2500,2500
P,0,7,0,7,0,0.0,0.0,0.0,0,7,,,3,173,250.0,2500,2500
T,11,17,10,7,1,0.9090909090909091,0.5882352941176471,0.7142857142857143,1,7,25.2,26.8,3,173,250.0,2500,2500
P,7,9,7,2,0,1.0,0.7777777777777778,0.8750000000000001,0,2,4.0,5.142857142857143,3,174,250.0,2500,2500
T,7,9,7,2,0,1.0,0.7777777777777778,0.8750000000000001,0,2,44.57142857142857,20.0,3,174,250.0,2500,2500
P,9,11,9,2,0,1.0,0.8181818181818182,0.9,0,2,3.5555555555555554,12.88888888888889,3,175,250.0,2500,2500
T,9,11,9,2,0,1.0,0.8181818181818182,0.9,0,2,34.22222222222222,8.88888888888889,3,175,250.0,2500,2500
P,7,10,7,3,0,1.0,0.7,0.8235294117647058,0,3,4.0,14.285714285714286,3,176,250.0,2500,2500
T,7,10,7,3,0,1.0,0.7,0.8235294117647058,0,3,7.428571428571429,12.571428571428571,3,176,250.0,2500,2500
P,11,11,11,0,0,1.0,1.0,1.0,0,0,6.181818181818182,15.272727272727273,3,177,250.0,2500,2500
T,11,11,11,0,0,1.0,1.0,1.0,0,0,29.818181818181817,13.090909090909092,3,177,250.0,2500,2500
P,11,13,11,2,0,1.0,0.8461538461538461,0.9166666666666666,0,2,9.454545454545455,9.090909090909092,3,178,250.0,2500,2500
T,11,14,11,3,0,1.0,0.7857142857142857,0.88,0,3,16.363636363636363,5.818181818181818,3,178,250.0,2500,2500
P,7,10,7,3,0,1.0,0.7,0.8235294117647058,0,3,2.857142857142857,6.285714285714286,3,179,250.0,2500,2500
T,7,12,7,5,0,1.0,0.5833333333333334,0.7368421052631579,0,5,28.571428571428573,37.714285714285715,3,179,250.0,2500,2500
P,10,12,10,2,0,1.0,0.8333333333333334,0.9090909090909091,0,2,4.8,3.6,3,18,250.0,2500,2500
T,10,18,10,8,0,1.0,0.5555555555555556,0.7142857142857143,0,8,8.0,47.2,3,18,250.0,2500,2500
P,9,12,9,3,0,1.0,0.75,0.8571428571428571,0,3,7.555555555555555,6.666666666666667,3,180,250.0,2500,2500
T,9,15,7,8,2,0.7777777777777778,0.4666666666666667,0.5833333333333334,2,8,20.571428571428573,108.0,3,180,250.0,2500,2500
P,7,10,7,3,0,1.0,0.7,0.8235294117647058,0,3,16.571428571428573,6.857142857142857,3,181,250.0,2500,2500
T,7,10,7,3,0,1.0,0.7,0.8235294117647058,0,3,22.285714285714285,10.285714285714286,3,181,250.0,2500,2500
P,11,15,11,4,0,1.0,0.7333333333333333,0.846153846153846,0,4,8.727272727272727,6.181818181818182,3,182,250.0,2500,2500
T,11,13,11,2,0,1.0,0.8461538461538461,0.9166666666666666,0,2,14.545454545454545,6.545454545454546,3,182,250.0,2500,2500
P,10,11,10,1,0,1.0,0.9090909090909091,0.9523809523809523,0,1,4.8,5.6,3,183,250.0,2500,2500
T,10,21,10,11,0,1.0,0.47619047619047616,0.6451612903225806,0,11,84.8,66.8,3,183,250.0,2500,2500
P,8,10,8,2,0,1.0,0.8,0.888888888888889,0,2,6.5,9.0,3,184,250.0,2500,2500
T,8,10,8,2,0,1.0,0.8,0.888888888888889,0,2,30.5,6.5,3,184,250.0,2500,2500
P,12,15,12,3,0,1.0,0.8,0.888888888888889,0,3,6.333333333333333,5.333333333333333,3,185,250.0,2500,2500
T,12,15,12,3,0,1.0,0.8,0.888888888888889,0,3,7.0,6.333333333333333,3,185,250.0,2500,2500
P,10,11,10,1,0,1.0,0.9090909090909091,0.9523809523809523,0,1,16.4,19.6,3,186,250.0,2500,2500
T,10,11,10,1,0,1.0,0.9090909090909091,0.9523809523809523,0,1,18.4,11.6,3,186,250.0,2500,2500
P,8,5,4,1,4,0.5,0.8,0.6153846153846154,4,1,27.0,52.0,3,187,250.0,2500,2500
T,8,10,8,2,0,1.0,0.8,0.888888888888889,0,2,29.5,4.5,3,187,250.0,2500,2500
P,13,14,13,1,0,1.0,0.9285714285714286,0.962962962962963,0,1,4.0,3.3846153846153846,3,188,250.0,2500,2500
T,13,14,13,1,0,1.0,0.9285714285714286,0.962962962962963,0,1,10.153846153846153,6.769230769230769,3,188,250.0,2500,2500
P,7,9,7,2,0,1.0,0.7777777777777778,0.8750000000000001,0,2,16.571428571428573,17.714285714285715,3,189,250.0,2500,2500
T,7,7,7,0,0,1.0,1.0,1.0,0,0,12.571428571428571,9.714285714285714,3,189,250.0,2500,2500
P,7,14,6,8,1,0.8571428571428571,0.42857142857142855,0.5714285714285714,1,8,34.0,24.666666666666668,3,19,250.0,2500,2500
T,7,20,7,13,0,1.0,0.35,0.5185185185185185,0,13,20.571428571428573,32.57142857142857,3,19,250.0,2500,2500
P,11,13,11,2,0,1.0,0.8461538461538461,0.9166666666666666,0,2,15.272727272727273,7.2727272727272725,3,190,250.0,2500,2500
T,11,12,11,1,0,1.0,0.9166666666666666,0.9565217391304348,0,1,13.090909090909092,10.545454545454545,3,190,250.0,2500,2500
P,7,10,7,3,0,1.0,0.7,0.8235294117647058,0,3,4.0,8.0,3,191,250.0,2500,2500
T,7,10,7,3,0,1.0,0.7,0.8235294117647058,0,3,30.857142857142858,6.857142857142857,3,191,250.0,2500,2500
P,7,10,7,3,0,1.0,0.7,0.8235294117647058,0,3,6.285714285714286,18.857142857142858,3,192,250.0,2500,2500
T,7,13,7,6,0,1.0,0.5384615384615384,0.7000000000000001,0,6,12.571428571428571,22.285714285714285,3,192,250.0,2500,2500
P,8,6,4,2,4,0.5,0.6666666666666666,0.5714285714285715,4,2,7.0,55.0,3,193,250.0,2500,2500
T,8,9,8,1,0,1.0,0.8888888888888888,0.9411764705882353,0,1,16.5,5.5,3,193,250.0,2500,2500
P,7,11,7,4,0,1.0,0.6363636363636364,0.7777777777777778,0,4,18.857142857142858,15.428571428571429,3,194,250.0,2500,2500
T,7,9,7,2,0,1.0,0.7777777777777778,0.8750000000000001,0,2,35.42857142857143,9.142857142857142,3,194,250.0,2500,2500
P,8,10,8,2,0,1.0,0.8,0.888888888888889,0,2,4.0,4.0,3,195,250.0,2500,2500
T,8,10,8,2,0,1.0,0.8,0.888888888888889,0,2,18.5,8.0,3,195,250.0,2500,2500
P,9,14,9,5,0,1.0,0.6428571428571429,0.782608695652174,0,5,12.444444444444445,17.77777777777778,3,196,250.0,2500,2500
T,9,12,9,3,0,1.0,0.75,0.8571428571428571,0,3,11.555555555555555,10.222222222222221,3,196,250.0,2500,2500
P,10,12,10,2,0,1.0,0.8333333333333334,0.9090909090909091,0,2,3.2,8.0,3,197,250.0,2500,2500
T,10,12,10,2,0,1.0,0.8333333333333334,0.9090909090909091,0,2,8.4,9.6,3,197,250.0,2500,2500
P,7,9,7,2,0,1.0,0.7777777777777778,0.8750000000000001,0,2,2.857142857142857,5.714285714285714,3,198,250.0,2500,2500
T,7,9,7,2,0,1.0,0.7777777777777778,0.8750000000000001,0,2,15.428571428571429,5.142857142857143,3,198,250.0,2500,2500
P,7,9,7,2,0,1.0,0.7777777777777778,0.8750000000000001,0,2,9.142857142857142,3.4285714285714284,3,199,250.0,2500,2500
T,7,9,7,2,0,1.0,0.7777777777777778,0.8750000000000001,0,2,26.285714285714285,16.0,3,199,250.0,2500,2500
P,7,14,7,7,0,1.0,0.5,0.6666666666666666,0,7,20.571428571428573,26.857142857142858,3,20,250.0,2500,2500
T,7,13,7,6,0,1.0,0.5384615384615384,0.7000000000000001,0,6,35.42857142857143,4.571428571428571,3,20,250.0,2500,2500
P,8,14,8,6,0,1.0,0.5714285714285714,0.7272727272727273,0,6,6.0,15.0,3,200,250.0,2500,2500
T,8,10,8,2,0,1.0,0.8,0.888888888888889,0,2,13.0,3.5,3,200,250.0,2500,2500
P,9,11,9,2,0,1.0,0.8181818181818182,0.9,0,2,4.444444444444445,9.777777777777779,3,21,250.0,2500,2500
T,9,11,8,3,1,0.8888888888888888,0.7272727272727273,0.7999999999999999,1,3,64.5,43.5,3,21,250.0,2500,2500
P,10,12,10,2,0,1.0,0.8333333333333334,0.9090909090909091,0,2,10.0,5.6,3,22,250.0,2500,2500
T,10,11,10,1,0,1.0,0.9090909090909091,0.9523809523809523,0,1,5.6,10.4,3,22,250.0,2500,2500
P,7,11,7,4,0,1.0,0.6363636363636364,0.7777777777777778,0,4,4.0,22.285714285714285,3,23,250.0,2500,2500
T,7,9,7,2,0,1.0,0.7777777777777778,0.8750000000000001,0,2,14.285714285714286,8.571428571428571,3,23,250.0,2500,2500
P,6,7,5,2,1,0.8333333333333334,0.7142857142857143,0.7692307692307692,1,2,65.6,9.6,3,24,250.0,2500,2500
T,6,10,6,4,0,1.0,0.6,0.7499999999999999,0,4,24.666666666666668,40.666666666666664,3,24,250.0,2500,2500
P,6,9,6,3,0,1.0,0.6666666666666666,0.8,0,3,3.3333333333333335,4.666666666666667,3,25,250.0,2500,2500
T,6,9,6,3,0,1.0,0.6666666666666666,0.8,0,3,28.0,7.333333333333333,3,25,250.0,2500,2500
P,7,11,7,4,0,1.0,0.6363636363636364,0.7777777777777778,0,4,2.857142857142857,23.428571428571427,3,26,250.0,2500,2500
T,7,13,7,6,0,1.0,0.5384615384615384,0.7000000000000001,0,6,9.714285714285714,13.142857142857142,3,26,250.0,2500,2500
P,6,8,6,2,0,1.0,0.75,0.8571428571428571,0,2,4.666666666666667,6.666666666666667,3,27,250.0,2500,2500
T,6,11,6,5,0,1.0,0.5454545454545454,0.7058823529411764,0,5,30.0,5.333333333333333,3,27,250.0,2500,2500
P,7,9,7,2,0,1.0,0.7777777777777778,0.8750000000000001,0,2,5.142857142857143,4.0,3,28,250.0,2500,2500
T,7,14,7,7,0,1.0,0.5,0.6666666666666666,0,7,16.571428571428573,14.857142857142858,3,28,250.0,2500,2500
P,8,10,8,2,0,1.0,0.8,0.888888888888889,0,2,3.0,5.5,3,29,250.0,2500,2500
T,8,2,0,2,8,0.0,0.0,0.0,8,2,,,3,29,250.0,2500,2500
P,8,10,8,2,0,1.0,0.8,0.888888888888889,0,2,17.0,11.5,3,3,250.0,2500,2500
T,8,11,8,3,0,1.0,0.7272727272727273,0.8421052631578948,0,3,36.0,16.0,3,3,250.0,2500,2500
P,6,8,6,2,0,1.0,0.75,0.8571428571428571,0,2,1.3333333333333333,7.333333333333333,3,30,250.0,2500,2500
T,6,8,6,2,0,1.0,0.75,0.8571428571428571,0,2,7.333333333333333,5.333333333333333,3,30,250.0,2500,2500
P,8,4,3,1,5,0.375,0.75,0.5,5,1,17.333333333333332,21.333333333333332,3,31,250.0,2500,2500
T,8,18,8,10,0,1.0,0.4444444444444444,0.6153846153846153,0,10,45.5,52.5,3,31,250.0,2500,2500
P,8,9,8,1,0,1.0,0.8888888888888888,0.9411764705882353,0,1,1.5,5.0,3,32,250.0,2500,2500
T,8,9,8,1,0,1.0,0.8888888888888888,0.9411764705882353,0,1,8.5,11.5,3,32,250.0,2500,2500
P,7,10,7,3,0,1.0,0.7,0.8235294117647058,0,3,4.0,3.4285714285714284,3,33,250.0,2500,2500
T,7,12,7,5,0,1.0,0.5833333333333334,0.7368421052631579,0,5,43.42857142857143,22.857142857142858,3,33,250.0,2500,2500
P,0,7,0,7,0,0.0,0.0,0.0,0,7,,,3,34,250.0,2500,2500
T,7,17,7,10,0,1.0,0.4117647058823529,0.5833333333333334,0,10,16.571428571428573,19.428571428571427,3,34,250.0,2500,2500
P,7,10,7,3,0,1.0,0.7,0.8235294117647058,0,3,4.0,9.142857142857142,3,36,250.0,2500,2500
T,7,10,7,3,0,1.0,0.7,0.8235294117647058,0,3,9.714285714285714,4.571428571428571,3,36,250.0,2500,2500
P,0,19,0,19,0,0.0,0.0,0.0,0,19,,,3,38,250.0,2500,2500
T,14,29,14,15,0,1.0,0.4827586206896552,0.6511627906976745,0,15,35.42857142857143,30.857142857142858,3,38,250.0,2500,2500
P,6,13,6,7,0,1.0,0.46153846153846156,0.631578947368421,0,7,50.666666666666664,26.0,3,39,250.0,2500,2500
T,6,8,6,2,0,1.0,0.75,0.8571428571428571,0,2,16.666666666666668,10.0,3,39,250.0,2500,2500
P,8,10,8,2,0,1.0,0.8,0.888888888888889,0,2,3.5,9.5,3,40,250.0,2500,2500
T,8,10,8,2,0,1.0,0.8,0.888888888888889,0,2,11.0,6.5,3,40,250.0,2500,2500
P,5,8,5,3,0,1.0,0.625,0.7692307692307693,0,3,3.2,7.2,3,41,250.0,2500,2500
T,5,6,5,1,0,1.0,0.8333333333333334,0.9090909090909091,0,1,34.4,5.6,3,41,250.0,2500,2500
P,7,9,7,2,0,1.0,0.7777777777777778,0.8750000000000001,0,2,3.4285714285714284,9.714285714285714,3,42,250.0,2500,2500
T,7,8,7,1,0,1.0,0.875,0.9333333333333333,0,1,28.0,10.285714285714286,3,42,250.0,2500,2500
P,7,14,7,7,0,1.0,0.5,0.6666666666666666,0,7,16.571428571428573,43.42857142857143,3,43,250.0,2500,2500
T,7,9,7,2,0,1.0,0.7777777777777778,0.8750000000000001,0,2,8.571428571428571,8.571428571428571,3,43,250.0,2500,2500
P,0,4,0,4,0,0.0,0.0,0.0,0,4,,,3,44,250.0,2500,2500
T,8,16,8,8,0,1.0,0.5,0.6666666666666666,0,8,24.5,28.0,3,44,250.0,2500,2500
P,0,10,0,10,0,0.0,0.0,0.0,0,10,,,3,45,250.0,2500,2500
T,7,9,7,2,0,1.0,0.7777777777777778,0.8750000000000001,0,2,33.142857142857146,9.142857142857142,3,45,250.0,2500,2500
P,7,10,7,3,0,1.0,0.7,0.8235294117647058,0,3,5.142857142857143,13.714285714285714,3,46,250.0,2500,2500
T,7,11,7,4,0,1.0,0.6363636363636364,0.7777777777777778,0,4,16.571428571428573,4.0,3,46,250.0,2500,2500
P,5,8,5,3,0,1.0,0.625,0.7692307692307693,0,3,10.4,7.2,3,47,250.0,2500,2500
T,5,7,5,2,0,1.0,0.7142857142857143,0.8333333333333333,0,2,18.4,11.2,3,47,250.0,2500,2500
P,7,9,7,2,0,1.0,0.7777777777777778,0.8750000000000001,0,2,3.4285714285714284,7.428571428571429,3,49,250.0,2500,2500
T,7,8,7,1,0,1.0,0.875,0.9333333333333333,0,1,41.714285714285715,17.714285714285715,3,49,250.0,2500,2500
P,6,9,6,3,0,1.0,0.6666666666666666,0.8,0,3,6.0,6.0,3,5,250.0,2500,2500
T,6,9,6,3,0,1.0,0.6666666666666666,0.8,0,3,2.0,7.333333333333333,3,5,250.0,2500,2500
P,8,11,8,3,0,1.0,0.7272727272727273,0.8421052631578948,0,3,6.5,12.0,3,50,250.0,2500,2500
T,8,13,8,5,0,1.0,0.6153846153846154,0.761904761904762,0,5,15.5,10.5,3,50,250.0,2500,2500
P,0,2,0,2,0,0.0,0.0,0.0,0,2,,,3,51,250.0,2500,2500
T,7,8,6,2,1,0.8571428571428571,0.75,0.7999999999999999,1,2,4.666666666666667,2.0,3,51,250.0,2500,2500
P,0,14,0,14,0,0.0,0.0,0.0,0,14,,,3,52,250.0,2500,2500
T,8,19,7,12,1,0.875,0.3684210526315789,0.5185185185185185,1,12,53.142857142857146,47.42857142857143,3,52,250.0,2500,2500
P,8,9,8,1,0,1.0,0.8888888888888888,0.9411764705882353,0,1,8.0,9.5,3,53,250.0,2500,2500
T,8,9,8,1,0,1.0,0.8888888888888888,0.9411764705882353,0,1,6.5,5.5,3,53,250.0,2500,2500
P,7,10,7,3,0,1.0,0.7,0.8235294117647058,0,3,9.714285714285714,4.571428571428571,3,55,250.0,2500,2500
T,7,17,7,10,0,1.0,0.4117647058823529,0.5833333333333334,0,10,81.14285714285714,28.0,3,55,250.0,2500,2500
P,10,6,4,2,6,0.4,0.6666666666666666,0.5,6,2,11.0,40.0,3,56,250.0,2500,2500
T,10,11,10,1,0,1.0,0.9090909090909091,0.9523809523809523,0,1,22.8,9.2,3,56,250.0,2500,2500
P,12,12,12,0,0,1.0,1.0,1.0,0,0,6.0,3.3333333333333335,3,57,250.0,2500,2500
T,12,18,12,6,0,1.0,0.6666666666666666,0.8,0,6,30.333333333333332,87.0,3,57,250.0,2500,2500
P,9,9,9,0,0,1.0,1.0,1.0,0,0,4.888888888888889,11.555555555555555,3,58,250.0,2500,2500
T,9,9,9,0,0,1.0,1.0,1.0,0,0,14.222222222222221,12.0,3,58,250.0,2500,2500
P,5,11,5,6,0,1.0,0.45454545454545453,0.625,0,6,27.2,17.6,3,59,250.0,2500,2500
T,5,10,5,5,0,1.0,0.5,0.6666666666666666,0,5,38.4,23.2,3,59,250.0,2500,2500
P,6,8,6,2,0,1.0,0.75,0.8571428571428571,0,2,4.666666666666667,3.3333333333333335,3,6,250.0,2500,2500
T,6,8,6,2,0,1.0,0.75,0.8571428571428571,0,2,15.333333333333334,16.0,3,6,250.0,2500,2500
P,7,7,2,5,5,0.2857142857142857,0.2857142857142857,0.2857142857142857,5,5,6.0,84.0,3,60,250.0,2500,2500
T,7,9,7,2,0,1.0,0.7777777777777778,0.8750000000000001,0,2,14.285714285714286,9.714285714285714,3,60,250.0,2500,2500
P,8,9,8,1,0,1.0,0.8888888888888888,0.9411764705882353,0,1,14.0,11.5,3,61,250.0,2500,2500
T,8,12,8,4,0,1.0,0.6666666666666666,0.8,0,4,17.5,73.0,3,61,250.0,2500,2500
P,8,13,8,5,0,1.0,0.6153846153846154,0.761904761904762,0,5,6.0,10.0,3,62,250.0,2500,2500
T,8,11,8,3,0,1.0,0.7272727272727273,0.8421052631578948,0,3,8.0,6.5,3,62,250.0,2500,2500
P,9,11,9,2,0,1.0,0.8181818181818182,0.9,0,2,7.111111111111111,12.444444444444445,3,63,250.0,2500,2500
T,9,11,9,2,0,1.0,0.8181818181818182,0.9,0,2,28.88888888888889,9.333333333333334,3,63,250.0,2500,2500
P,8,10,8,2,0,1.0,0.8,0.888888888888889,0,2,3.5,6.5,3,64,250.0,2500,2500
T,8,10,8,2,0,1.0,0.8,0.888888888888889,0,2,11.0,3.5,3,64,250.0,2500,2500
P,11,15,11,4,0,1.0,0.7333333333333333,0.846153846153846,0,4,9.818181818181818,7.2727272727272725,3,65,250.0,2500,2500
T,11,13,11,2,0,1.0,0.8461538461538461,0.9166666666666666,0,2,58.90909090909091,12.363636363636363,3,65,250.0,2500,2500
P,5,9,5,4,0,1.0,0.5555555555555556,0.7142857142857143,0,4,4.8,12.0,3,66,250.0,2500,2500
T,5,7,5,2,0,1.0,0.7142857142857143,0.8333333333333333,0,2,13.6,5.6,3,66,250.0,2500,2500
P,6,9,6,3,0,1.0,0.6666666666666666,0.8,0,3,4.0,2.0,3,67,250.0,2500,2500
T,6,8,6,2,0,1.0,0.75,0.8571428571428571,0,2,38.0,22.0,3,67,250.0,2500,2500
P,8,10,8,2,0,1.0,0.8,0.888888888888889,0,2,7.5,8.0,3,68,250.0,2500,2500
T,8,10,8,2,0,1.0,0.8,0.888888888888889,0,2,11.5,21.0,3,68,250.0,2500,2500
P,10,12,10,2,0,1.0,0.8333333333333334,0.9090909090909091,0,2,4.4,5.6,3,69,250.0,2500,2500
T,10,13,10,3,0,1.0,0.7692307692307693,0.8695652173913044,0,3,12.4,10.8,3,69,250.0,2500,2500
P,7,10,7,3,0,1.0,0.7,0.8235294117647058,0,3,3.4285714285714284,28.0,3,7,250.0,2500,2500
T,7,10,7,3,0,1.0,0.7,0.8235294117647058,0,3,14.857142857142858,8.571428571428571,3,7,250.0,2500,2500
P,12,15,12,3,0,1.0,0.8,0.888888888888889,0,3,14.666666666666666,5.666666666666667,3,70,250.0,2500,2500
T,12,16,12,4,0,1.0,0.75,0.8571428571428571,0,4,17.0,9.0,3,70,250.0,2500,2500
P,7,9,7,2,0,1.0,0.7777777777777778,0.8750000000000001,0,2,2.857142857142857,2.2857142857142856,3,71,250.0,2500,2500
T,7,13,7,6,0,1.0,0.5384615384615384,0.7000000000000001,0,6,30.857142857142858,34.285714285714285,3,71,250.0,2500,2500
P,7,18,7,11,0,1.0,0.3888888888888889,0.56,0,11,31.428571428571427,52.57142857142857,3,72,250.0,2500,2500
T,7,11,7,4,0,1.0,0.6363636363636364,0.7777777777777778,0,4,21.142857142857142,3.4285714285714284,3,72,250.0,2500,2500
P,7,9,7,2,0,1.0,0.7777777777777778,0.8750000000000001,0,2,4.0,5.142857142857143,3,73,250.0,2500,2500
T,7,9,7,2,0,1.0,0.7777777777777778,0.8750000000000001,0,2,8.571428571428571,4.0,3,73,250.0,2500,2500
P,10,20,10,10,0,1.0,0.5,0.6666666666666666,0,10,19.6,16.8,3,76,250.0,2500,2500
T,10,13,10,3,0,1.0,0.7692307692307693,0.8695652173913044,0,3,4.8,6.0,3,76,250.0,2500,2500
P,9,12,9,3,0,1.0,0.75,0.8571428571428571,0,3,8.88888888888889,11.11111111111111,3,77,250.0,2500,2500
T,9,12,9,3,0,1.0,0.75,0.8571428571428571,0,3,13.333333333333334,4.0,3,77,250.0,2500,2500
P,7,10,7,3,0,1.0,0.7,0.8235294117647058,0,3,12.571428571428571,1.7142857142857142,3,78,250.0,2500,2500
T,7,12,7,5,0,1.0,0.5833333333333334,0.7368421052631579,0,5,18.857142857142858,5.714285714285714,3,78,250.0,2500,2500
P,7,13,7,6,0,1.0,0.5384615384615384,0.7000000000000001,0,6,12.571428571428571,22.285714285714285,3,79,250.0,2500,2500
T,7,18,7,11,0,1.0,0.3888888888888889,0.56,0,11,32.0,36.0,3,79,250.0,2500,2500
P,0,15,0,15,0,0.0,0.0,0.0,0,15,,,3,8,250.0,2500,2500
T,9,13,9,4,0,1.0,0.6923076923076923,0.8181818181818181,0,4,9.777777777777779,6.666666666666667,3,8,250.0,2500,2500
P,10,11,10,1,0,1.0,0.9090909090909091,0.9523809523809523,0,1,6.0,8.0,3,80,250.0,2500,2500
T,10,13,10,3,0,1.0,0.7692307692307693,0.8695652173913044,0,3,26.8,14.4,3,80,250.0,2500,2500
P,10,11,10,1,0,1.0,0.9090909090909091,0.9523809523809523,0,1,4.4,7.2,3,81,250.0,2500,2500
T,10,13,10,3,0,1.0,0.7692307692307693,0.8695652173913044,0,3,27.2,65.2,3,81,250.0,2500,2500
P,6,8,5,3,1,0.8333333333333334,0.625,0.7142857142857143,1,3,10.4,8.0,3,82,250.0,2500,2500
T,6,7,6,1,0,1.0,0.8571428571428571,0.923076923076923,0,1,39.333333333333336,2.0,3,82,250.0,2500,2500
P,0,4,0,4,0,0.0,0.0,0.0,0,4,,,3,83,250.0,2500,2500
T,9,6,4,2,5,0.4444444444444444,0.6666666666666666,0.5333333333333333,5,2,10.0,37.0,3,83,250.0,2500,2500
P,7,10,7,3,0,1.0,0.7,0.8235294117647058,0,3,17.714285714285715,12.0,3,84,250.0,2500,2500
T,7,16,7,9,0,1.0,0.4375,0.6086956521739131,0,9,38.285714285714285,35.42857142857143,3,84,250.0,2500,2500
P,11,17,11,6,0,1.0,0.6470588235294118,0.7857142857142858,0,6,2.1818181818181817,3.272727272727273,3,86,250.0,2500,2500
T,11,16,11,5,0,1.0,0.6875,0.8148148148148148,0,5,14.909090909090908,6.181818181818182,3,86,250.0,2500,2500
P,11,20,11,9,0,1.0,0.55,0.7096774193548387,0,9,16.0,22.181818181818183,3,87,250.0,2500,2500
T,11,20,10,10,1,0.9090909090909091,0.5,0.6451612903225806,1,10,49.6,60.0,3,87,250.0,2500,2500
P,0,20,0,20,0,0.0,0.0,0.0,0,20,,,3,88,250.0,2500,2500
T,11,23,9,14,2,0.8181818181818182,0.391304347826087,0.5294117647058824,2,14,36.0,48.0,3,88,250.0,2500,2500
P,9,11,9,2,0,1.0,0.8181818181818182,0.9,0,2,4.0,19.11111111111111,3,89,250.0,2500,2500
T,9,14,9,5,0,1.0,0.6428571428571429,0.782608695652174,0,5,14.222222222222221,7.555555555555555,3,89,250.0,2500,2500
P,8,11,8,3,0,1.0,0.7272727272727273,0.8421052631578948,0,3,4.5,9.5,3,9,250.0,2500,2500
T,8,11,8,3,0,1.0,0.7272727272727273,0.8421052631578948,0,3,19.0,6.5,3,9,250.0,2500,2500
P,0,4,0,4,0,0.0,0.0,0.0,0,4,,,3,90,250.0,2500,2500
T,7,12,7,5,0,1.0,0.5833333333333334,0.7368421052631579,0,5,25.714285714285715,5.142857142857143,3,90,250.0,2500,2500
P,10,12,10,2,0,1.0,0.8333333333333334,0.9090909090909091,0,2,4.4,4.8,3,91,250.0,2500,2500
T,10,13,10,3,0,1.0,0.7692307692307693,0.8695652173913044,0,3,14.4,4.0,3,91,250.0,2500,2500
P,13,15,13,2,0,1.0,0.8666666666666667,0.9285714285714286,0,2,1.8461538461538463,8.615384615384615,3,92,250.0,2500,2500
T,13,15,13,2,0,1.0,0.8666666666666667,0.9285714285714286,0,2,24.615384615384617,17.846153846153847,3,92,250.0,2500,2500
P,0,7,0,7,0,0.0,0.0,0.0,0,7,,,3,93,250.0,2500,2500
T,7,11,7,4,0,1.0,0.6363636363636364,0.7777777777777778,0,4,16.0,24.571428571428573,3,93,250.0,2500,2500
P,9,12,9,3,0,1.0,0.75,0.8571428571428571,0,3,11.11111111111111,8.88888888888889,3,94,250.0,2500,2500
T,9,15,9,6,0,1.0,0.6,0.7499999999999999,0,6,9.333333333333334,5.777777777777778,3,94,250.0,2500,2500
P,0,4,0,4,0,0.0,0.0,0.0,0,4,,,3,95,250.0,2500,2500
T,8,12,8,4,0,1.0,0.6666666666666666,0.8,0,4,25.0,19.0,3,95,250.0,2500,2500
P,0,14,0,14,0,0.0,0.0,0.0,0,14,,,3,96,250.0,2500,2500
T,11,19,11,8,0,1.0,0.5789473684210527,0.7333333333333334,0,8,47.63636363636363,33.09090909090909,3,96,250.0,2500,2500
P,7,9,7,2,0,1.0,0.7777777777777778,0.8750000000000001,0,2,4.0,4.0,3,97,250.0,2500,2500
T,7,17,7,10,0,1.0,0.4117647058823529,0.5833333333333334,0,10,9.142857142857142,18.285714285714285,3,97,250.0,2500,2500
P,7,11,7,4,0,1.0,0.6363636363636364,0.7777777777777778,0,4,5.142857142857143,6.285714285714286,3,98,250.0,2500,2500
T,7,17,7,10,0,1.0,0.4117647058823529,0.5833333333333334,0,10,25.714285714285715,56.57142857142857,3,98,250.0,2500,2500
P,11,14,11,3,0,1.0,0.7857142857142857,0.88,0,3,3.6363636363636362,9.090909090909092,3,99,250.0,2500,2500
T,11,12,11,1,0,1.0,0.9166666666666666,0.9565217391304348,0,1,30.181818181818183,4.7272727272727275,3,99,250.0,2500,2500
