Wave,Boundary,error_samples,error_ms,seed,record_id,sampling_frequency_hz
P,Onset,3,12.0,1,1,250.0
P,Offset,-3,-12.0,1,1,250.0
P,Onset,2,8.0,1,1,250.0
P,Offset,-3,-12.0,1,1,250.0
P,Onset,0,0.0,1,1,250.0
P,Offset,-2,-8.0,1,1,250.0
P,Onset,1,4.0,1,1,250.0
P,Offset,-3,-12.0,1,1,250.0
P,Onset,1,4.0,1,1,250.0
P,Offset,-4,-16.0,1,1,250.0
T,Onset,4,16.0,1,1,250.0
T,Offset,-1,-4.0,1,1,250.0
T,Onset,0,0.0,1,1,250.0
T,Offset,-3,-12.0,1,1,250.0
T,Onset,-1,-4.0,1,1,250.0
T,Offset,-3,-12.0,1,1,250.0
T,Onset,-1,-4.0,1,1,250.0
T,Offset,-3,-12.0,1,1,250.0
T,Onset,-2,-8.0,1,1,250.0
T,Offset,-3,-12.0,1,1,250.0
P,Onset,2,8.0,1,10,250.0
P,Offset,-2,-8.0,1,10,250.0
P,Onset,8,32.0,1,10,250.0
P,Offset,-6,-24.0,1,10,250.0
P,Onset,5,20.0,1,10,250.0
P,Offset,-8,-32.0,1,10,250.0
P,Onset,6,24.0,1,10,250.0
P,Offset,-13,-52.0,1,10,250.0
P,Onset,9,36.0,1,10,250.0
P,Offset,-1,-4.0,1,10,250.0
P,Onset,16,64.0,1,10,250.0
P,Offset,-7,-28.0,1,10,250.0
P,Onset,11,44.0,1,10,250.0
P,Offset,-2,-8.0,1,10,250.0
T,Onset,1,4.0,1,10,250.0
T,Offset,-1,-4.0,1,10,250.0
T,Onset,1,4.0,1,10,250.0
T,Offset,-1,-4.0,1,10,250.0
T,Onset,2,8.0,1,10,250.0
T,Offset,-1,-4.0,1,10,250.0
T,Onset,3,12.0,1,10,250.0
T,Offset,-1,-4.0,1,10,250.0
T,Onset,5,20.0,1,10,250.0
T,Offset,-2,-8.0,1,10,250.0
T,Onset,4,16.0,1,10,250.0
T,Offset,1,4.0,1,10,250.0
T,Onset,12,48.0,1,10,250.0
T,Offset,-1,-4.0,1,10,250.0
P,Onset,1,4.0,1,100,250.0
P,Offset,-1,-4.0,1,100,250.0
P,Onset,2,8.0,1,100,250.0
P,Offset,-2,-8.0,1,100,250.0
P,Onset,0,0.0,1,100,250.0
P,Offset,-1,-4.0,1,100,250.0
P,Onset,0,0.0,1,100,250.0
P,Offset,1,4.0,1,100,250.0
P,Onset,2,8.0,1,100,250.0
P,Offset,0,0.0,1,100,250.0
P,Onset,1,4.0,1,100,250.0
P,Offset,1,4.0,1,100,250.0
P,Onset,2,8.0,1,100,250.0
P,Offset,1,4.0,1,100,250.0
P,Onset,3,12.0,1,100,250.0
P,Offset,0,0.0,1,100,250.0
T,Onset,5,20.0,1,100,250.0
T,Offset,-3,-12.0,1,100,250.0
T,Onset,6,24.0,1,100,250.0
T,Offset,-4,-16.0,1,100,250.0
T,Onset,5,20.0,1,100,250.0
T,Offset,-2,-8.0,1,100,250.0
T,Onset,4,16.0,1,100,250.0
T,Offset,-1,-4.0,1,100,250.0
T,Onset,5,20.0,1,100,250.0
T,Offset,-1,-4.0,1,100,250.0
T,Onset,6,24.0,1,100,250.0
T,Offset,0,0.0,1,100,250.0
T,Onset,10,40.0,1,100,250.0
T,Offset,-2,-8.0,1,100,250.0
T,Onset,13,52.0,1,100,250.0
T,Offset,-1,-4.0,1,100,250.0
T,Onset,1,4.0,1,101,250.0
T,Offset,-2,-8.0,1,101,250.0
T,Onset,0,0.0,1,101,250.0
T,Offset,-1,-4.0,1,101,250.0
T,Onset,32,128.0,1,101,250.0
T,Offset,-25,-100.0,1,101,250.0
T,Onset,11,44.0,1,101,250.0
T,Offset,0,0.0,1,101,250.0
T,Onset,4,16.0,1,101,250.0
T,Offset,11,44.0,1,101,250.0
T,Onset,6,24.0,1,101,250.0
T,Offset,10,40.0,1,101,250.0
T,Onset,19,76.0,1,101,250.0
T,Offset,-35,-140.0,1,101,250.0
T,Onset,3,12.0,1,101,250.0
T,Offset,16,64.0,1,101,250.0
T,Onset,15,60.0,1,101,250.0
T,Offset,11,44.0,1,101,250.0
T,Onset,18,72.0,1,101,250.0
T,Offset,16,64.0,1,101,250.0
P,Onset,2,8.0,1,102,250.0
P,Offset,-2,-8.0,1,102,250.0
P,Onset,2,8.0,1,102,250.0
P,Offset,-2,-8.0,1,102,250.0
P,Onset,1,4.0,1,102,250.0
P,Offset,-1,-4.0,1,102,250.0
P,Onset,2,8.0,1,102,250.0
P,Offset,-2,-8.0,1,102,250.0
P,Onset,2,8.0,1,102,250.0
P,Offset,-3,-12.0,1,102,250.0
P,Onset,2,8.0,1,102,250.0
P,Offset,-1,-4.0,1,102,250.0
P,Onset,2,8.0,1,102,250.0
P,Offset,-4,-16.0,1,102,250.0
P,Onset,2,8.0,1,102,250.0
P,Offset,-4,-16.0,1,102,250.0
T,Onset,3,12.0,1,102,250.0
T,Offset,-3,-12.0,1,102,250.0
T,Onset,-1,-4.0,1,102,250.0
T,Offset,1,4.0,1,102,250.0
T,Onset,1,4.0,1,102,250.0
T,Offset,-2,-8.0,1,102,250.0
T,Onset,-1,-4.0,1,102,250.0
T,Offset,-3,-12.0,1,102,250.0
T,Onset,6,24.0,1,102,250.0
T,Offset,-2,-8.0,1,102,250.0
T,Onset,6,24.0,1,102,250.0
T,Offset,-2,-8.0,1,102,250.0
T,Onset,3,12.0,1,102,250.0
T,Offset,1,4.0,1,102,250.0
T,Onset,2,8.0,1,102,250.0
T,Offset,2,8.0,1,102,250.0
T,Onset,-2,-8.0,1,103,250.0
T,Offset,2,8.0,1,103,250.0
T,Onset,0,0.0,1,103,250.0
T,Offset,0,0.0,1,103,250.0
T,Onset,-3,-12.0,1,103,250.0
T,Offset,2,8.0,1,103,250.0
T,Onset,0,0.0,1,103,250.0
T,Offset,-1,-4.0,1,103,250.0
T,Onset,19,76.0,1,103,250.0
T,Offset,-24,-96.0,1,103,250.0
T,Onset,4,16.0,1,103,250.0
T,Offset,-11,-44.0,1,103,250.0
T,Onset,-19,-76.0,1,103,250.0
T,Offset,9,36.0,1,103,250.0
T,Onset,5,20.0,1,103,250.0
T,Offset,-23,-92.0,1,103,250.0
T,Onset,-11,-44.0,1,103,250.0
T,Offset,-7,-28.0,1,103,250.0
T,Onset,1,4.0,1,103,250.0
T,Offset,-20,-80.0,1,103,250.0
T,Onset,-1,-4.0,1,103,250.0
T,Offset,-19,-76.0,1,103,250.0
T,Onset,26,104.0,1,103,250.0
T,Offset,-6,-24.0,1,103,250.0
T,Onset,27,108.0,1,103,250.0
T,Offset,-4,-16.0,1,103,250.0
P,Onset,1,4.0,1,106,250.0
P,Offset,-1,-4.0,1,106,250.0
P,Onset,4,16.0,1,106,250.0
P,Offset,-5,-20.0,1,106,250.0
P,Onset,1,4.0,1,106,250.0
P,Offset,1,4.0,1,106,250.0
P,Onset,1,4.0,1,106,250.0
P,Offset,1,4.0,1,106,250.0
P,Onset,5,20.0,1,106,250.0
P,Offset,-9,-36.0,1,106,250.0
P,Onset,4,16.0,1,106,250.0
P,Offset,0,0.0,1,106,250.0
P,Onset,6,24.0,1,106,250.0
P,Offset,0,0.0,1,106,250.0
P,Onset,8,32.0,1,106,250.0
P,Offset,-15,-60.0,1,106,250.0
P,Onset,5,20.0,1,106,250.0
P,Offset,-18,-72.0,1,106,250.0
P,Onset,7,28.0,1,106,250.0
P,Offset,-20,-80.0,1,106,250.0
P,Onset,16,64.0,1,106,250.0
P,Offset,0,0.0,1,106,250.0
T,Onset,5,20.0,1,106,250.0
T,Offset,-2,-8.0,1,106,250.0
T,Onset,2,8.0,1,106,250.0
T,Offset,2,8.0,1,106,250.0
T,Onset,-3,-12.0,1,106,250.0
T,Offset,-3,-12.0,1,106,250.0
T,Onset,4,16.0,1,106,250.0
T,Offset,2,8.0,1,106,250.0
T,Onset,7,28.0,1,106,250.0
T,Offset,-1,-4.0,1,106,250.0
T,Onset,9,36.0,1,106,250.0
T,Offset,-1,-4.0,1,106,250.0
T,Onset,11,44.0,1,106,250.0
T,Offset,-2,-8.0,1,106,250.0
T,Onset,9,36.0,1,106,250.0
T,Offset,1,4.0,1,106,250.0
T,Onset,12,48.0,1,106,250.0
T,Offset,1,4.0,1,106,250.0
T,Onset,14,56.0,1,106,250.0
T,Offset,1,4.0,1,106,250.0
T,Onset,24,96.0,1,106,250.0
T,Offset,0,0.0,1,106,250.0
P,Onset,1,4.0,1,107,250.0
P,Offset,-1,-4.0,1,107,250.0
P,Onset,2,8.0,1,107,250.0
P,Offset,-1,-4.0,1,107,250.0
P,Onset,2,8.0,1,107,250.0
P,Offset,-1,-4.0,1,107,250.0
P,Onset,2,8.0,1,107,250.0
P,Offset,0,0.0,1,107,250.0
P,Onset,6,24.0,1,107,250.0
P,Offset,4,16.0,1,107,250.0
P,Onset,-2,-8.0,1,107,250.0
P,Offset,-13,-52.0,1,107,250.0
P,Onset,-1,-4.0,1,107,250.0
P,Offset,-17,-68.0,1,107,250.0
T,Onset,-4,-16.0,1,107,250.0
T,Offset,1,4.0,1,107,250.0
T,Onset,1,4.0,1,107,250.0
T,Offset,3,12.0,1,107,250.0
T,Onset,2,8.0,1,107,250.0
T,Offset,4,16.0,1,107,250.0
T,Onset,1,4.0,1,107,250.0
T,Offset,-9,-36.0,1,107,250.0
T,Onset,-1,-4.0,1,107,250.0
T,Offset,-7,-28.0,1,107,250.0
T,Onset,-4,-16.0,1,107,250.0
T,Offset,-17,-68.0,1,107,250.0
T,Onset,-17,-68.0,1,107,250.0
T,Offset,-17,-68.0,1,107,250.0
T,Onset,19,76.0,1,109,250.0
T,Offset,-16,-64.0,1,109,250.0
T,Onset,11,44.0,1,109,250.0
T,Offset,-4,-16.0,1,109,250.0
T,Onset,12,48.0,1,109,250.0
T,Offset,-5,-20.0,1,109,250.0
T,Onset,9,36.0,1,109,250.0
T,Offset,-1,-4.0,1,109,250.0
T,Onset,11,44.0,1,109,250.0
T,Offset,-2,-8.0,1,109,250.0
T,Onset,0,0.0,1,109,250.0
T,Offset,-20,-80.0,1,109,250.0
P,Onset,2,8.0,1,11,250.0
P,Offset,-2,-8.0,1,11,250.0
P,Onset,1,4.0,1,11,250.0
P,Offset,-1,-4.0,1,11,250.0
P,Onset,1,4.0,1,11,250.0
P,Offset,-1,-4.0,1,11,250.0
P,Onset,1,4.0,1,11,250.0
P,Offset,-2,-8.0,1,11,250.0
P,Onset,0,0.0,1,11,250.0
P,Offset,-2,-8.0,1,11,250.0
P,Onset,0,0.0,1,11,250.0
P,Offset,-2,-8.0,1,11,250.0
P,Onset,-1,-4.0,1,11,250.0
P,Offset,-2,-8.0,1,11,250.0
T,Onset,0,0.0,1,11,250.0
T,Offset,1,4.0,1,11,250.0
T,Onset,3,12.0,1,11,250.0
T,Offset,-2,-8.0,1,11,250.0
T,Onset,5,20.0,1,11,250.0
T,Offset,-2,-8.0,1,11,250.0
T,Onset,9,36.0,1,11,250.0
T,Offset,-5,-20.0,1,11,250.0
T,Onset,6,24.0,1,11,250.0
T,Offset,-1,-4.0,1,11,250.0
T,Onset,9,36.0,1,11,250.0
T,Offset,-3,-12.0,1,11,250.0
T,Onset,8,32.0,1,11,250.0
T,Offset,-1,-4.0,1,11,250.0
T,Onset,3,12.0,1,110,250.0
T,Offset,-4,-16.0,1,110,250.0
T,Onset,3,12.0,1,110,250.0
T,Offset,-2,-8.0,1,110,250.0
T,Onset,20,80.0,1,110,250.0
T,Offset,-12,-48.0,1,110,250.0
T,Onset,6,24.0,1,110,250.0
T,Offset,-26,-104.0,1,110,250.0
T,Onset,-1,-4.0,1,111,250.0
T,Offset,0,0.0,1,111,250.0
T,Onset,0,0.0,1,111,250.0
T,Offset,-1,-4.0,1,111,250.0
T,Onset,1,4.0,1,111,250.0
T,Offset,1,4.0,1,111,250.0
T,Onset,1,4.0,1,111,250.0
T,Offset,1,4.0,1,111,250.0
T,Onset,-2,-8.0,1,111,250.0
T,Offset,5,20.0,1,111,250.0
T,Onset,6,24.0,1,111,250.0
T,Offset,4,16.0,1,111,250.0
T,Onset,9,36.0,1,111,250.0
T,Offset,1,4.0,1,111,250.0
T,Onset,3,12.0,1,112,250.0
T,Offset,0,0.0,1,112,250.0
T,Onset,3,12.0,1,112,250.0
T,Offset,1,4.0,1,112,250.0
T,Onset,-4,-16.0,1,112,250.0
T,Offset,0,0.0,1,112,250.0
T,Onset,7,28.0,1,112,250.0
T,Offset,-1,-4.0,1,112,250.0
T,Onset,-5,-20.0,1,112,250.0
T,Offset,-1,-4.0,1,112,250.0
T,Onset,-2,-8.0,1,112,250.0
T,Offset,10,40.0,1,112,250.0
T,Onset,7,28.0,1,112,250.0
T,Offset,3,12.0,1,112,250.0
T,Onset,-4,-16.0,1,112,250.0
T,Offset,18,72.0,1,112,250.0
T,Onset,-14,-56.0,1,112,250.0
T,Offset,0,0.0,1,112,250.0
T,Onset,0,0.0,1,112,250.0
T,Offset,15,60.0,1,112,250.0
T,Onset,6,24.0,1,112,250.0
T,Offset,20,80.0,1,112,250.0
T,Onset,7,28.0,1,112,250.0
T,Offset,19,76.0,1,112,250.0
T,Onset,6,24.0,1,112,250.0
T,Offset,22,88.0,1,112,250.0
P,Onset,1,4.0,1,113,250.0
P,Offset,-1,-4.0,1,113,250.0
P,Onset,1,4.0,1,113,250.0
P,Offset,-1,-4.0,1,113,250.0
P,Onset,1,4.0,1,113,250.0
P,Offset,-2,-8.0,1,113,250.0
P,Onset,0,0.0,1,113,250.0
P,Offset,-1,-4.0,1,113,250.0
P,Onset,1,4.0,1,113,250.0
P,Offset,-3,-12.0,1,113,250.0
P,Onset,0,0.0,1,113,250.0
P,Offset,-2,-8.0,1,113,250.0
P,Onset,0,0.0,1,113,250.0
P,Offset,-4,-16.0,1,113,250.0
T,Onset,8,32.0,1,113,250.0
T,Offset,-1,-4.0,1,113,250.0
T,Onset,8,32.0,1,113,250.0
T,Offset,0,0.0,1,113,250.0
T,Onset,10,40.0,1,113,250.0
T,Offset,-1,-4.0,1,113,250.0
T,Onset,12,48.0,1,113,250.0
T,Offset,-2,-8.0,1,113,250.0
T,Onset,13,52.0,1,113,250.0
T,Offset,0,0.0,1,113,250.0
T,Onset,14,56.0,1,113,250.0
T,Offset,1,4.0,1,113,250.0
T,Onset,15,60.0,1,113,250.0
T,Offset,1,4.0,1,113,250.0
P,Onset,3,12.0,1,115,250.0
P,Offset,-3,-12.0,1,115,250.0
P,Onset,1,4.0,1,115,250.0
P,Offset,-1,-4.0,1,115,250.0
P,Onset,2,8.0,1,115,250.0
P,Offset,-3,-12.0,1,115,250.0
P,Onset,2,8.0,1,115,250.0
P,Offset,-1,-4.0,1,115,250.0
P,Onset,2,8.0,1,115,250.0
P,Offset,-3,-12.0,1,115,250.0
P,Onset,1,4.0,1,115,250.0
P,Offset,-3,-12.0,1,115,250.0
P,Onset,1,4.0,1,115,250.0
P,Offset,-3,-12.0,1,115,250.0
T,Onset,0,0.0,1,115,250.0
T,Offset,-1,-4.0,1,115,250.0
T,Onset,-1,-4.0,1,115,250.0
T,Offset,-2,-8.0,1,115,250.0
T,Onset,3,12.0,1,115,250.0
T,Offset,-6,-24.0,1,115,250.0
T,Onset,9,36.0,1,115,250.0
T,Offset,-2,-8.0,1,115,250.0
T,Onset,7,28.0,1,115,250.0
T,Offset,0,0.0,1,115,250.0
T,Onset,10,40.0,1,115,250.0
T,Offset,-2,-8.0,1,115,250.0
T,Onset,12,48.0,1,115,250.0
T,Offset,-1,-4.0,1,115,250.0
P,Onset,5,20.0,1,116,250.0
P,Offset,-5,-20.0,1,116,250.0
P,Onset,5,20.0,1,116,250.0
P,Offset,-3,-12.0,1,116,250.0
P,Onset,5,20.0,1,116,250.0
P,Offset,-1,-4.0,1,116,250.0
P,Onset,5,20.0,1,116,250.0
P,Offset,-1,-4.0,1,116,250.0
P,Onset,9,36.0,1,116,250.0
P,Offset,-4,-16.0,1,116,250.0
P,Onset,7,28.0,1,116,250.0
P,Offset,-2,-8.0,1,116,250.0
P,Onset,10,40.0,1,116,250.0
P,Offset,-4,-16.0,1,116,250.0
P,Onset,6,24.0,1,116,250.0
P,Offset,0,0.0,1,116,250.0
P,Onset,12,48.0,1,116,250.0
P,Offset,-1,-4.0,1,116,250.0
P,Onset,14,56.0,1,116,250.0
P,Offset,-3,-12.0,1,116,250.0
P,Onset,13,52.0,1,116,250.0
P,Offset,-2,-8.0,1,116,250.0
P,Onset,17,68.0,1,116,250.0
P,Offset,-5,-20.0,1,116,250.0
P,Onset,15,60.0,1,116,250.0
P,Offset,-2,-8.0,1,116,250.0
T,Onset,3,12.0,1,116,250.0
T,Offset,-2,-8.0,1,116,250.0
T,Onset,2,8.0,1,116,250.0
T,Offset,-3,-12.0,1,116,250.0
T,Onset,1,4.0,1,116,250.0
T,Offset,0,0.0,1,116,250.0
T,Onset,4,16.0,1,116,250.0
T,Offset,-2,-8.0,1,116,250.0
T,Onset,1,4.0,1,116,250.0
T,Offset,-3,-12.0,1,116,250.0
T,Onset,5,20.0,1,116,250.0
T,Offset,-2,-8.0,1,116,250.0
T,Onset,4,16.0,1,116,250.0
T,Offset,-1,-4.0,1,116,250.0
T,Onset,5,20.0,1,116,250.0
T,Offset,-1,-4.0,1,116,250.0
T,Onset,4,16.0,1,116,250.0
T,Offset,0,0.0,1,116,250.0
T,Onset,6,24.0,1,116,250.0
T,Offset,0,0.0,1,116,250.0
T,Onset,7,28.0,1,116,250.0
T,Offset,0,0.0,1,116,250.0
T,Onset,4,16.0,1,116,250.0
T,Offset,3,12.0,1,116,250.0
T,Onset,8,32.0,1,116,250.0
T,Offset,0,0.0,1,116,250.0
P,Onset,1,4.0,1,117,250.0
P,Offset,-1,-4.0,1,117,250.0
P,Onset,1,4.0,1,117,250.0
P,Offset,-1,-4.0,1,117,250.0
P,Onset,1,4.0,1,117,250.0
P,Offset,-1,-4.0,1,117,250.0
P,Onset,1,4.0,1,117,250.0
P,Offset,-1,-4.0,1,117,250.0
P,Onset,-1,-4.0,1,117,250.0
P,Offset,0,0.0,1,117,250.0
P,Onset,1,4.0,1,117,250.0
P,Offset,-2,-8.0,1,117,250.0
P,Onset,1,4.0,1,117,250.0
P,Offset,0,0.0,1,117,250.0
P,Onset,1,4.0,1,117,250.0
P,Offset,0,0.0,1,117,250.0
P,Onset,1,4.0,1,117,250.0
P,Offset,-3,-12.0,1,117,250.0
P,Onset,1,4.0,1,117,250.0
P,Offset,-3,-12.0,1,117,250.0
P,Onset,1,4.0,1,117,250.0
P,Offset,-3,-12.0,1,117,250.0
P,Onset,1,4.0,1,117,250.0
P,Offset,-3,-12.0,1,117,250.0
P,Onset,0,0.0,1,117,250.0
P,Offset,-4,-16.0,1,117,250.0
T,Onset,3,12.0,1,117,250.0
T,Offset,-3,-12.0,1,117,250.0
T,Onset,3,12.0,1,117,250.0
T,Offset,-2,-8.0,1,117,250.0
T,Onset,3,12.0,1,117,250.0
T,Offset,-2,-8.0,1,117,250.0
T,Onset,-2,-8.0,1,117,250.0
T,Offset,3,12.0,1,117,250.0
T,Onset,-1,-4.0,1,117,250.0
T,Offset,-2,-8.0,1,117,250.0
T,Onset,7,28.0,1,117,250.0
T,Offset,-3,-12.0,1,117,250.0
T,Onset,6,24.0,1,117,250.0
T,Offset,-2,-8.0,1,117,250.0
T,Onset,7,28.0,1,117,250.0
T,Offset,-2,-8.0,1,117,250.0
T,Onset,8,32.0,1,117,250.0
T,Offset,-3,-12.0,1,117,250.0
T,Onset,9,36.0,1,117,250.0
T,Offset,-4,-16.0,1,117,250.0
T,Onset,-1,-4.0,1,117,250.0
T,Offset,-4,-16.0,1,117,250.0
T,Onset,-3,-12.0,1,117,250.0
T,Offset,-3,-12.0,1,117,250.0
T,Onset,-3,-12.0,1,117,250.0
T,Offset,-4,-16.0,1,117,250.0
P,Onset,2,8.0,1,118,250.0
P,Offset,-2,-8.0,1,118,250.0
P,Onset,1,4.0,1,118,250.0
P,Offset,-1,-4.0,1,118,250.0
P,Onset,1,4.0,1,118,250.0
P,Offset,-2,-8.0,1,118,250.0
P,Onset,1,4.0,1,118,250.0
P,Offset,-2,-8.0,1,118,250.0
P,Onset,0,0.0,1,118,250.0
P,Offset,-3,-12.0,1,118,250.0
P,Onset,0,0.0,1,118,250.0
P,Offset,-4,-16.0,1,118,250.0
P,Onset,0,0.0,1,118,250.0
P,Offset,-4,-16.0,1,118,250.0
P,Onset,0,0.0,1,118,250.0
P,Offset,-4,-16.0,1,118,250.0
T,Onset,1,4.0,1,118,250.0
T,Offset,-2,-8.0,1,118,250.0
T,Onset,-3,-12.0,1,118,250.0
T,Offset,0,0.0,1,118,250.0
T,Onset,0,0.0,1,118,250.0
T,Offset,3,12.0,1,118,250.0
T,Onset,1,4.0,1,118,250.0
T,Offset,3,12.0,1,118,250.0
T,Onset,5,20.0,1,118,250.0
T,Offset,0,0.0,1,118,250.0
T,Onset,7,28.0,1,118,250.0
T,Offset,-2,-8.0,1,118,250.0
T,Onset,8,32.0,1,118,250.0
T,Offset,-2,-8.0,1,118,250.0
T,Onset,9,36.0,1,118,250.0
T,Offset,1,4.0,1,118,250.0
P,Onset,1,4.0,1,12,250.0
P,Offset,-1,-4.0,1,12,250.0
P,Onset,2,8.0,1,12,250.0
P,Offset,-2,-8.0,1,12,250.0
P,Onset,2,8.0,1,12,250.0
P,Offset,-2,-8.0,1,12,250.0
P,Onset,2,8.0,1,12,250.0
P,Offset,-2,-8.0,1,12,250.0
P,Onset,-1,-4.0,1,12,250.0
P,Offset,-1,-4.0,1,12,250.0
P,Onset,0,0.0,1,12,250.0
P,Offset,-3,-12.0,1,12,250.0
T,Onset,1,4.0,1,12,250.0
T,Offset,-1,-4.0,1,12,250.0
T,Onset,-1,-4.0,1,12,250.0
T,Offset,2,8.0,1,12,250.0
T,Onset,-1,-4.0,1,12,250.0
T,Offset,2,8.0,1,12,250.0
T,Onset,-2,-8.0,1,12,250.0
T,Offset,6,24.0,1,12,250.0
T,Onset,-1,-4.0,1,12,250.0
T,Offset,8,32.0,1,12,250.0
T,Onset,3,12.0,1,12,250.0
T,Offset,4,16.0,1,12,250.0
P,Onset,11,44.0,1,120,250.0
P,Offset,-18,-72.0,1,120,250.0
P,Onset,11,44.0,1,120,250.0
P,Offset,-19,-76.0,1,120,250.0
P,Onset,7,28.0,1,120,250.0
P,Offset,-17,-68.0,1,120,250.0
P,Onset,8,32.0,1,120,250.0
P,Offset,-18,-72.0,1,120,250.0
P,Onset,14,56.0,1,120,250.0
P,Offset,-3,-12.0,1,120,250.0
P,Onset,15,60.0,1,120,250.0
P,Offset,-2,-8.0,1,120,250.0
P,Onset,51,204.0,1,120,250.0
P,Offset,-2,-8.0,1,120,250.0
T,Onset,6,24.0,1,120,250.0
T,Offset,-5,-20.0,1,120,250.0
T,Onset,-1,-4.0,1,120,250.0
T,Offset,-1,-4.0,1,120,250.0
T,Onset,6,24.0,1,120,250.0
T,Offset,-3,-12.0,1,120,250.0
T,Onset,0,0.0,1,120,250.0
T,Offset,3,12.0,1,120,250.0
T,Onset,1,4.0,1,120,250.0
T,Offset,3,12.0,1,120,250.0
T,Onset,3,12.0,1,120,250.0
T,Offset,-7,-28.0,1,120,250.0
T,Onset,2,8.0,1,120,250.0
T,Offset,-7,-28.0,1,120,250.0
P,Onset,1,4.0,1,121,250.0
P,Offset,-1,-4.0,1,121,250.0
P,Onset,9,36.0,1,121,250.0
P,Offset,-10,-40.0,1,121,250.0
P,Onset,1,4.0,1,121,250.0
P,Offset,-2,-8.0,1,121,250.0
P,Onset,0,0.0,1,121,250.0
P,Offset,2,8.0,1,121,250.0
P,Onset,5,20.0,1,121,250.0
P,Offset,-2,-8.0,1,121,250.0
P,Onset,-2,-8.0,1,121,250.0
P,Offset,-1,-4.0,1,121,250.0
P,Onset,8,32.0,1,121,250.0
P,Offset,-4,-16.0,1,121,250.0
P,Onset,6,24.0,1,121,250.0
P,Offset,-11,-44.0,1,121,250.0
P,Onset,4,16.0,1,121,250.0
P,Offset,1,4.0,1,121,250.0
P,Onset,7,28.0,1,121,250.0
P,Offset,-1,-4.0,1,121,250.0
P,Onset,6,24.0,1,121,250.0
P,Offset,0,0.0,1,121,250.0
P,Onset,13,52.0,1,121,250.0
P,Offset,-1,-4.0,1,121,250.0
P,Onset,-2,-8.0,1,121,250.0
P,Offset,-10,-40.0,1,121,250.0
P,Onset,36,144.0,1,121,250.0
P,Offset,-11,-44.0,1,121,250.0
T,Onset,1,4.0,1,121,250.0
T,Offset,0,0.0,1,121,250.0
T,Onset,12,48.0,1,121,250.0
T,Offset,-4,-16.0,1,121,250.0
T,Onset,21,84.0,1,121,250.0
T,Offset,-12,-48.0,1,121,250.0
T,Onset,18,72.0,1,121,250.0
T,Offset,-7,-28.0,1,121,250.0
T,Onset,23,92.0,1,121,250.0
T,Offset,-11,-44.0,1,121,250.0
T,Onset,16,64.0,1,121,250.0
T,Offset,-4,-16.0,1,121,250.0
T,Onset,19,76.0,1,121,250.0
T,Offset,-6,-24.0,1,121,250.0
T,Onset,22,88.0,1,121,250.0
T,Offset,-9,-36.0,1,121,250.0
T,Onset,21,84.0,1,121,250.0
T,Offset,-3,-12.0,1,121,250.0
T,Onset,-2,-8.0,1,121,250.0
T,Offset,-25,-100.0,1,121,250.0
T,Onset,36,144.0,1,121,250.0
T,Offset,-3,-12.0,1,121,250.0
P,Onset,2,8.0,1,122,250.0
P,Offset,-3,-12.0,1,122,250.0
P,Onset,1,4.0,1,122,250.0
P,Offset,-3,-12.0,1,122,250.0
P,Onset,-1,-4.0,1,122,250.0
P,Offset,-1,-4.0,1,122,250.0
P,Onset,1,4.0,1,122,250.0
P,Offset,-4,-16.0,1,122,250.0
P,Onset,0,0.0,1,122,250.0
P,Offset,-3,-12.0,1,122,250.0
P,Onset,-1,-4.0,1,122,250.0
P,Offset,-2,-8.0,1,122,250.0
P,Onset,0,0.0,1,122,250.0
P,Offset,-3,-12.0,1,122,250.0
T,Onset,2,8.0,1,122,250.0
T,Offset,0,0.0,1,122,250.0
T,Onset,3,12.0,1,122,250.0
T,Offset,0,0.0,1,122,250.0
T,Onset,4,16.0,1,122,250.0
T,Offset,0,0.0,1,122,250.0
T,Onset,4,16.0,1,122,250.0
T,Offset,0,0.0,1,122,250.0
T,Onset,-1,-4.0,1,122,250.0
T,Offset,-5,-20.0,1,122,250.0
T,Onset,10,40.0,1,122,250.0
T,Offset,-2,-8.0,1,122,250.0
T,Onset,4,16.0,1,122,250.0
T,Offset,5,20.0,1,122,250.0
P,Onset,3,12.0,1,123,250.0
P,Offset,-3,-12.0,1,123,250.0
P,Onset,0,0.0,1,123,250.0
P,Offset,-1,-4.0,1,123,250.0
P,Onset,12,48.0,1,123,250.0
P,Offset,-11,-44.0,1,123,250.0
P,Onset,-1,-4.0,1,123,250.0
P,Offset,-2,-8.0,1,123,250.0
P,Onset,1,4.0,1,123,250.0
P,Offset,-4,-16.0,1,123,250.0
P,Onset,4,16.0,1,123,250.0
P,Offset,-12,-48.0,1,123,250.0
P,Onset,11,44.0,1,123,250.0
P,Offset,-3,-12.0,1,123,250.0
T,Onset,5,20.0,1,123,250.0
T,Offset,-2,-8.0,1,123,250.0
T,Onset,5,20.0,1,123,250.0
T,Offset,-2,-8.0,1,123,250.0
T,Onset,6,24.0,1,123,250.0
T,Offset,-2,-8.0,1,123,250.0
T,Onset,8,32.0,1,123,250.0
T,Offset,-4,-16.0,1,123,250.0
T,Onset,7,28.0,1,123,250.0
T,Offset,-3,-12.0,1,123,250.0
T,Onset,7,28.0,1,123,250.0
T,Offset,-2,-8.0,1,123,250.0
T,Onset,9,36.0,1,123,250.0
T,Offset,-3,-12.0,1,123,250.0
T,Onset,9,36.0,1,123,250.0
T,Offset,-2,-8.0,1,123,250.0
P,Onset,1,4.0,1,124,250.0
P,Offset,0,0.0,1,124,250.0
P,Onset,2,8.0,1,124,250.0
P,Offset,-1,-4.0,1,124,250.0
P,Onset,2,8.0,1,124,250.0
P,Offset,-3,-12.0,1,124,250.0
P,Onset,1,4.0,1,124,250.0
P,Offset,-3,-12.0,1,124,250.0
P,Onset,-1,-4.0,1,124,250.0
P,Offset,-1,-4.0,1,124,250.0
P,Onset,2,8.0,1,124,250.0
P,Offset,0,0.0,1,124,250.0
T,Onset,-3,-12.0,1,124,250.0
T,Offset,8,32.0,1,124,250.0
T,Onset,5,20.0,1,124,250.0
T,Offset,1,4.0,1,124,250.0
T,Onset,5,20.0,1,124,250.0
T,Offset,2,8.0,1,124,250.0
T,Onset,5,20.0,1,124,250.0
T,Offset,24,96.0,1,124,250.0
T,Onset,0,0.0,1,124,250.0
T,Offset,34,136.0,1,124,250.0
T,Onset,-3,-12.0,1,124,250.0
T,Offset,42,168.0,1,124,250.0
P,Onset,0,0.0,1,125,250.0
P,Offset,-6,-24.0,1,125,250.0
P,Onset,2,8.0,1,125,250.0
P,Offset,-19,-76.0,1,125,250.0
P,Onset,2,8.0,1,125,250.0
P,Offset,-21,-84.0,1,125,250.0
P,Onset,20,80.0,1,125,250.0
P,Offset,4,16.0,1,125,250.0
T,Onset,1,4.0,1,125,250.0
T,Offset,0,0.0,1,125,250.0
T,Onset,15,60.0,1,125,250.0
T,Offset,-11,-44.0,1,125,250.0
T,Onset,0,0.0,1,125,250.0
T,Offset,-6,-24.0,1,125,250.0
T,Onset,7,28.0,1,125,250.0
T,Offset,4,16.0,1,125,250.0
T,Onset,16,64.0,1,125,250.0
T,Offset,-40,-160.0,1,125,250.0
T,Onset,-13,-52.0,1,125,250.0
T,Offset,-29,-116.0,1,125,250.0
P,Onset,2,8.0,1,126,250.0
P,Offset,0,0.0,1,126,250.0
P,Onset,2,8.0,1,126,250.0
P,Offset,2,8.0,1,126,250.0
P,Onset,1,4.0,1,126,250.0
P,Offset,-5,-20.0,1,126,250.0
P,Onset,-2,-8.0,1,126,250.0
P,Offset,-3,-12.0,1,126,250.0
P,Onset,10,40.0,1,126,250.0
P,Offset,-17,-68.0,1,126,250.0
P,Onset,-1,-4.0,1,126,250.0
P,Offset,-7,-28.0,1,126,250.0
P,Onset,13,52.0,1,126,250.0
P,Offset,-4,-16.0,1,126,250.0
P,Onset,-2,-8.0,1,126,250.0
P,Offset,-13,-52.0,1,126,250.0
T,Onset,35,140.0,1,126,250.0
T,Offset,-9,-36.0,1,126,250.0
P,Onset,1,4.0,1,128,250.0
P,Offset,-1,-4.0,1,128,250.0
P,Onset,0,0.0,1,128,250.0
P,Offset,0,0.0,1,128,250.0
P,Onset,1,4.0,1,128,250.0
P,Offset,0,0.0,1,128,250.0
P,Onset,1,4.0,1,128,250.0
P,Offset,-3,-12.0,1,128,250.0
P,Onset,1,4.0,1,128,250.0
P,Offset,1,4.0,1,128,250.0
P,Onset,2,8.0,1,128,250.0
P,Offset,0,0.0,1,128,250.0
T,Onset,0,0.0,1,128,250.0
T,Offset,1,4.0,1,128,250.0
T,Onset,1,4.0,1,128,250.0
T,Offset,0,0.0,1,128,250.0
T,Onset,5,20.0,1,128,250.0
T,Offset,-1,-4.0,1,128,250.0
T,Onset,9,36.0,1,128,250.0
T,Offset,0,0.0,1,128,250.0
T,Onset,10,40.0,1,128,250.0
T,Offset,0,0.0,1,128,250.0
T,Onset,18,72.0,1,128,250.0
T,Offset,1,4.0,1,128,250.0
T,Onset,0,0.0,1,129,250.0
T,Offset,0,0.0,1,129,250.0
T,Onset,-2,-8.0,1,129,250.0
T,Offset,2,8.0,1,129,250.0
T,Onset,2,8.0,1,129,250.0
T,Offset,-1,-4.0,1,129,250.0
T,Onset,-3,-12.0,1,129,250.0
T,Offset,1,4.0,1,129,250.0
T,Onset,-1,-4.0,1,129,250.0
T,Offset,-1,-4.0,1,129,250.0
T,Onset,3,12.0,1,129,250.0
T,Offset,0,0.0,1,129,250.0
T,Onset,7,28.0,1,129,250.0
T,Offset,1,4.0,1,129,250.0
P,Onset,20,80.0,1,13,250.0
P,Offset,-18,-72.0,1,13,250.0
P,Onset,18,72.0,1,13,250.0
P,Offset,-25,-100.0,1,13,250.0
P,Onset,10,40.0,1,13,250.0
P,Offset,-22,-88.0,1,13,250.0
P,Onset,23,92.0,1,13,250.0
P,Offset,-3,-12.0,1,13,250.0
P,Onset,24,96.0,1,13,250.0
P,Offset,-3,-12.0,1,13,250.0
T,Onset,1,4.0,1,13,250.0
T,Offset,1,4.0,1,13,250.0
T,Onset,25,100.0,1,13,250.0
T,Offset,-11,-44.0,1,13,250.0
T,Onset,-1,-4.0,1,13,250.0
T,Offset,-13,-52.0,1,13,250.0
T,Onset,-1,-4.0,1,13,250.0
T,Offset,-17,-68.0,1,13,250.0
T,Onset,-3,-12.0,1,13,250.0
T,Offset,-31,-124.0,1,13,250.0
T,Onset,-15,-60.0,1,13,250.0
T,Offset,-22,-88.0,1,13,250.0
P,Onset,-1,-4.0,1,130,250.0
P,Offset,-3,-12.0,1,130,250.0
P,Onset,13,52.0,1,130,250.0
P,Offset,-5,-20.0,1,130,250.0
P,Onset,-6,-24.0,1,130,250.0
P,Offset,-4,-16.0,1,130,250.0
P,Onset,-6,-24.0,1,130,250.0
P,Offset,-14,-56.0,1,130,250.0
P,Onset,-25,-100.0,1,130,250.0
P,Offset,-14,-56.0,1,130,250.0
P,Onset,-38,-152.0,1,130,250.0
P,Offset,-12,-48.0,1,130,250.0
T,Onset,11,44.0,1,130,250.0
T,Offset,-11,-44.0,1,130,250.0
T,Onset,15,60.0,1,130,250.0
T,Offset,-10,-40.0,1,130,250.0
T,Onset,23,92.0,1,130,250.0
T,Offset,-13,-52.0,1,130,250.0
T,Onset,-4,-16.0,1,130,250.0
T,Offset,-10,-40.0,1,130,250.0
T,Onset,-3,-12.0,1,130,250.0
T,Offset,-13,-52.0,1,130,250.0
T,Onset,31,124.0,1,130,250.0
T,Offset,0,0.0,1,130,250.0
P,Onset,5,20.0,1,131,250.0
P,Offset,-5,-20.0,1,131,250.0
P,Onset,8,32.0,1,131,250.0
P,Offset,-6,-24.0,1,131,250.0
P,Onset,8,32.0,1,131,250.0
P,Offset,-5,-20.0,1,131,250.0
P,Onset,3,12.0,1,131,250.0
P,Offset,0,0.0,1,131,250.0
P,Onset,9,36.0,1,131,250.0
P,Offset,-2,-8.0,1,131,250.0
P,Onset,8,32.0,1,131,250.0
P,Offset,-17,-68.0,1,131,250.0
P,Onset,14,56.0,1,131,250.0
P,Offset,-4,-16.0,1,131,250.0
T,Onset,-1,-4.0,1,131,250.0
T,Offset,2,8.0,1,131,250.0
T,Onset,8,32.0,1,131,250.0
T,Offset,-9,-36.0,1,131,250.0
T,Onset,-1,-4.0,1,131,250.0
T,Offset,0,0.0,1,131,250.0
T,Onset,-1,-4.0,1,131,250.0
T,Offset,-2,-8.0,1,131,250.0
T,Onset,-3,-12.0,1,131,250.0
T,Offset,-1,-4.0,1,131,250.0
T,Onset,-3,-12.0,1,131,250.0
T,Offset,-1,-4.0,1,131,250.0
T,Onset,-2,-8.0,1,131,250.0
T,Offset,-5,-20.0,1,131,250.0
P,Onset,4,16.0,1,132,250.0
P,Offset,-5,-20.0,1,132,250.0
P,Onset,4,16.0,1,132,250.0
P,Offset,-2,-8.0,1,132,250.0
P,Onset,4,16.0,1,132,250.0
P,Offset,-2,-8.0,1,132,250.0
P,Onset,2,8.0,1,132,250.0
P,Offset,-4,-16.0,1,132,250.0
P,Onset,-2,-8.0,1,132,250.0
P,Offset,-1,-4.0,1,132,250.0
P,Onset,0,0.0,1,132,250.0
P,Offset,-4,-16.0,1,132,250.0
P,Onset,1,4.0,1,132,250.0
P,Offset,-5,-20.0,1,132,250.0
T,Onset,2,8.0,1,132,250.0
T,Offset,-1,-4.0,1,132,250.0
T,Onset,4,16.0,1,132,250.0
T,Offset,-1,-4.0,1,132,250.0
T,Onset,4,16.0,1,132,250.0
T,Offset,-1,-4.0,1,132,250.0
T,Onset,8,32.0,1,132,250.0
T,Offset,-1,-4.0,1,132,250.0
T,Onset,10,40.0,1,132,250.0
T,Offset,-1,-4.0,1,132,250.0
T,Onset,9,36.0,1,132,250.0
T,Offset,1,4.0,1,132,250.0
T,Onset,12,48.0,1,132,250.0
T,Offset,0,0.0,1,132,250.0
P,Onset,-1,-4.0,1,133,250.0
P,Offset,0,0.0,1,133,250.0
P,Onset,15,60.0,1,133,250.0
P,Offset,-16,-64.0,1,133,250.0
P,Onset,2,8.0,1,133,250.0
P,Offset,1,4.0,1,133,250.0
P,Onset,10,40.0,1,133,250.0
P,Offset,-3,-12.0,1,133,250.0
P,Onset,7,28.0,1,133,250.0
P,Offset,1,4.0,1,133,250.0
P,Onset,-1,-4.0,1,133,250.0
P,Offset,-18,-72.0,1,133,250.0
T,Onset,24,96.0,1,133,250.0
T,Offset,-26,-104.0,1,133,250.0
T,Onset,17,68.0,1,133,250.0
T,Offset,-26,-104.0,1,133,250.0
T,Onset,0,0.0,1,133,250.0
T,Offset,-13,-52.0,1,133,250.0
T,Onset,29,116.0,1,133,250.0
T,Offset,-15,-60.0,1,133,250.0
T,Onset,18,72.0,1,133,250.0
T,Offset,-3,-12.0,1,133,250.0
T,Onset,31,124.0,1,133,250.0
T,Offset,-14,-56.0,1,133,250.0
P,Onset,0,0.0,1,135,250.0
P,Offset,0,0.0,1,135,250.0
P,Onset,3,12.0,1,135,250.0
P,Offset,-2,-8.0,1,135,250.0
P,Onset,-2,-8.0,1,135,250.0
P,Offset,1,4.0,1,135,250.0
P,Onset,2,8.0,1,135,250.0
P,Offset,-1,-4.0,1,135,250.0
P,Onset,1,4.0,1,135,250.0
P,Offset,0,0.0,1,135,250.0
P,Onset,-3,-12.0,1,135,250.0
P,Offset,1,4.0,1,135,250.0
P,Onset,-2,-8.0,1,135,250.0
P,Offset,-1,-4.0,1,135,250.0
P,Onset,-1,-4.0,1,135,250.0
P,Offset,-2,-8.0,1,135,250.0
T,Onset,6,24.0,1,135,250.0
T,Offset,-3,-12.0,1,135,250.0
T,Onset,8,32.0,1,135,250.0
T,Offset,-5,-20.0,1,135,250.0
T,Onset,10,40.0,1,135,250.0
T,Offset,-2,-8.0,1,135,250.0
T,Onset,12,48.0,1,135,250.0
T,Offset,-2,-8.0,1,135,250.0
T,Onset,11,44.0,1,135,250.0
T,Offset,-1,-4.0,1,135,250.0
T,Onset,13,52.0,1,135,250.0
T,Offset,-2,-8.0,1,135,250.0
T,Onset,11,44.0,1,135,250.0
T,Offset,0,0.0,1,135,250.0
T,Onset,14,56.0,1,135,250.0
T,Offset,-2,-8.0,1,135,250.0
P,Onset,0,0.0,1,137,250.0
P,Offset,0,0.0,1,137,250.0
P,Onset,-2,-8.0,1,137,250.0
P,Offset,3,12.0,1,137,250.0
P,Onset,-1,-4.0,1,137,250.0
P,Offset,3,12.0,1,137,250.0
P,Onset,1,4.0,1,137,250.0
P,Offset,1,4.0,1,137,250.0
P,Onset,0,0.0,1,137,250.0
P,Offset,-3,-12.0,1,137,250.0
P,Onset,-1,-4.0,1,137,250.0
P,Offset,-3,-12.0,1,137,250.0
P,Onset,-1,-4.0,1,137,250.0
P,Offset,-3,-12.0,1,137,250.0
P,Onset,0,0.0,1,137,250.0
P,Offset,-5,-20.0,1,137,250.0
T,Onset,4,16.0,1,137,250.0
T,Offset,-4,-16.0,1,137,250.0
T,Onset,1,4.0,1,137,250.0
T,Offset,-3,-12.0,1,137,250.0
T,Onset,-1,-4.0,1,137,250.0
T,Offset,-1,-4.0,1,137,250.0
T,Onset,4,16.0,1,137,250.0
T,Offset,-8,-32.0,1,137,250.0
T,Onset,-1,-4.0,1,137,250.0
T,Offset,-4,-16.0,1,137,250.0
T,Onset,8,32.0,1,137,250.0
T,Offset,-2,-8.0,1,137,250.0
T,Onset,5,20.0,1,137,250.0
T,Offset,2,8.0,1,137,250.0
T,Onset,9,36.0,1,137,250.0
T,Offset,0,0.0,1,137,250.0
P,Onset,0,0.0,1,138,250.0
P,Offset,-2,-8.0,1,138,250.0
P,Onset,-1,-4.0,1,138,250.0
P,Offset,-2,-8.0,1,138,250.0
P,Onset,0,0.0,1,138,250.0
P,Offset,-4,-16.0,1,138,250.0
P,Onset,-3,-12.0,1,138,250.0
P,Offset,-2,-8.0,1,138,250.0
P,Onset,-2,-8.0,1,138,250.0
P,Offset,-3,-12.0,1,138,250.0
P,Onset,1,4.0,1,138,250.0
P,Offset,-6,-24.0,1,138,250.0
P,Onset,-2,-8.0,1,138,250.0
P,Offset,-8,-32.0,1,138,250.0
T,Onset,-24,-96.0,1,138,250.0
T,Offset,39,156.0,1,138,250.0
T,Onset,29,116.0,1,138,250.0
T,Offset,-13,-52.0,1,138,250.0
T,Onset,-10,-40.0,1,138,250.0
T,Offset,31,124.0,1,138,250.0
T,Onset,-14,-56.0,1,138,250.0
T,Offset,40,160.0,1,138,250.0
T,Onset,-12,-48.0,1,138,250.0
T,Offset,38,152.0,1,138,250.0
T,Onset,-5,-20.0,1,138,250.0
T,Offset,34,136.0,1,138,250.0
P,Onset,4,16.0,1,139,250.0
P,Offset,-4,-16.0,1,139,250.0
P,Onset,-2,-8.0,1,139,250.0
P,Offset,2,8.0,1,139,250.0
P,Onset,1,4.0,1,139,250.0
P,Offset,0,0.0,1,139,250.0
P,Onset,1,4.0,1,139,250.0
P,Offset,1,4.0,1,139,250.0
P,Onset,5,20.0,1,139,250.0
P,Offset,-2,-8.0,1,139,250.0
P,Onset,-2,-8.0,1,139,250.0
P,Offset,-1,-4.0,1,139,250.0
P,Onset,12,48.0,1,139,250.0
P,Offset,-9,-36.0,1,139,250.0
P,Onset,7,28.0,1,139,250.0
P,Offset,5,20.0,1,139,250.0
P,Onset,12,48.0,1,139,250.0
P,Offset,2,8.0,1,139,250.0
T,Onset,1,4.0,1,139,250.0
T,Offset,-1,-4.0,1,139,250.0
T,Onset,1,4.0,1,139,250.0
T,Offset,-1,-4.0,1,139,250.0
T,Onset,1,4.0,1,139,250.0
T,Offset,1,4.0,1,139,250.0
T,Onset,0,0.0,1,139,250.0
T,Offset,-3,-12.0,1,139,250.0
T,Onset,3,12.0,1,139,250.0
T,Offset,3,12.0,1,139,250.0
T,Onset,2,8.0,1,139,250.0
T,Offset,-11,-44.0,1,139,250.0
T,Onset,-9,-36.0,1,139,250.0
T,Offset,-1,-4.0,1,139,250.0
T,Onset,6,24.0,1,139,250.0
T,Offset,6,24.0,1,139,250.0
T,Onset,-14,-56.0,1,139,250.0
T,Offset,0,0.0,1,139,250.0
P,Onset,1,4.0,1,14,250.0
P,Offset,-1,-4.0,1,14,250.0
P,Onset,2,8.0,1,14,250.0
P,Offset,-1,-4.0,1,14,250.0
P,Onset,1,4.0,1,14,250.0
P,Offset,0,0.0,1,14,250.0
P,Onset,1,4.0,1,14,250.0
P,Offset,0,0.0,1,14,250.0
P,Onset,0,0.0,1,14,250.0
P,Offset,-1,-4.0,1,14,250.0
P,Onset,1,4.0,1,14,250.0
P,Offset,-2,-8.0,1,14,250.0
P,Onset,2,8.0,1,14,250.0
P,Offset,-1,-4.0,1,14,250.0
P,Onset,2,8.0,1,14,250.0
P,Offset,0,0.0,1,14,250.0
P,Onset,0,0.0,1,14,250.0
P,Offset,-2,-8.0,1,14,250.0
P,Onset,-1,-4.0,1,14,250.0
P,Offset,-1,-4.0,1,14,250.0
P,Onset,0,0.0,1,14,250.0
P,Offset,-2,-8.0,1,14,250.0
T,Onset,-1,-4.0,1,14,250.0
T,Offset,-1,-4.0,1,14,250.0
T,Onset,4,16.0,1,14,250.0
T,Offset,-2,-8.0,1,14,250.0
T,Onset,0,0.0,1,14,250.0
T,Offset,-2,-8.0,1,14,250.0
T,Onset,-1,-4.0,1,14,250.0
T,Offset,-2,-8.0,1,14,250.0
T,Onset,3,12.0,1,14,250.0
T,Offset,0,0.0,1,14,250.0
T,Onset,2,8.0,1,14,250.0
T,Offset,-6,-24.0,1,14,250.0
T,Onset,8,32.0,1,14,250.0
T,Offset,-4,-16.0,1,14,250.0
T,Onset,-1,-4.0,1,14,250.0
T,Offset,7,28.0,1,14,250.0
T,Onset,2,8.0,1,14,250.0
T,Offset,-9,-36.0,1,14,250.0
T,Onset,-2,-8.0,1,14,250.0
T,Offset,-5,-20.0,1,14,250.0
T,Onset,9,36.0,1,14,250.0
T,Offset,7,28.0,1,14,250.0
P,Onset,16,64.0,1,140,250.0
P,Offset,-6,-24.0,1,140,250.0
T,Onset,3,12.0,1,140,250.0
T,Offset,-2,-8.0,1,140,250.0
T,Onset,2,8.0,1,140,250.0
T,Offset,-3,-12.0,1,140,250.0
T,Onset,5,20.0,1,140,250.0
T,Offset,-2,-8.0,1,140,250.0
T,Onset,6,24.0,1,140,250.0
T,Offset,-2,-8.0,1,140,250.0
T,Onset,5,20.0,1,140,250.0
T,Offset,-1,-4.0,1,140,250.0
T,Onset,5,20.0,1,140,250.0
T,Offset,0,0.0,1,140,250.0
T,Onset,6,24.0,1,140,250.0
T,Offset,0,0.0,1,140,250.0
T,Onset,8,32.0,1,140,250.0
T,Offset,1,4.0,1,140,250.0
T,Onset,8,32.0,1,140,250.0
T,Offset,2,8.0,1,140,250.0
T,Onset,12,48.0,1,140,250.0
T,Offset,-1,-4.0,1,140,250.0
P,Onset,-1,-4.0,1,141,250.0
P,Offset,1,4.0,1,141,250.0
P,Onset,2,8.0,1,141,250.0
P,Offset,-2,-8.0,1,141,250.0
P,Onset,3,12.0,1,141,250.0
P,Offset,-3,-12.0,1,141,250.0
P,Onset,3,12.0,1,141,250.0
P,Offset,-4,-16.0,1,141,250.0
P,Onset,2,8.0,1,141,250.0
P,Offset,0,0.0,1,141,250.0
P,Onset,4,16.0,1,141,250.0
P,Offset,-2,-8.0,1,141,250.0
P,Onset,0,0.0,1,141,250.0
P,Offset,-4,-16.0,1,141,250.0
T,Onset,0,0.0,1,141,250.0
T,Offset,-1,-4.0,1,141,250.0
T,Onset,2,8.0,1,141,250.0
T,Offset,0,0.0,1,141,250.0
T,Onset,4,16.0,1,141,250.0
T,Offset,-2,-8.0,1,141,250.0
T,Onset,5,20.0,1,141,250.0
T,Offset,0,0.0,1,141,250.0
T,Onset,9,36.0,1,141,250.0
T,Offset,-1,-4.0,1,141,250.0
T,Onset,6,24.0,1,141,250.0
T,Offset,4,16.0,1,141,250.0
T,Onset,7,28.0,1,141,250.0
T,Offset,4,16.0,1,141,250.0
P,Onset,2,8.0,1,142,250.0
P,Offset,-2,-8.0,1,142,250.0
P,Onset,1,4.0,1,142,250.0
P,Offset,-2,-8.0,1,142,250.0
P,Onset,1,4.0,1,142,250.0
P,Offset,-2,-8.0,1,142,250.0
P,Onset,-1,-4.0,1,142,250.0
P,Offset,0,0.0,1,142,250.0
P,Onset,2,8.0,1,142,250.0
P,Offset,-4,-16.0,1,142,250.0
P,Onset,0,0.0,1,142,250.0
P,Offset,-2,-8.0,1,142,250.0
P,Onset,1,4.0,1,142,250.0
P,Offset,-3,-12.0,1,142,250.0
P,Onset,-1,-4.0,1,142,250.0
P,Offset,-2,-8.0,1,142,250.0
P,Onset,-2,-8.0,1,142,250.0
P,Offset,-3,-12.0,1,142,250.0
T,Onset,0,0.0,1,142,250.0
T,Offset,1,4.0,1,142,250.0
T,Onset,3,12.0,1,142,250.0
T,Offset,-2,-8.0,1,142,250.0
T,Onset,4,16.0,1,142,250.0
T,Offset,-5,-20.0,1,142,250.0
T,Onset,2,8.0,1,142,250.0
T,Offset,-3,-12.0,1,142,250.0
T,Onset,-1,-4.0,1,142,250.0
T,Offset,-3,-12.0,1,142,250.0
T,Onset,1,4.0,1,142,250.0
T,Offset,3,12.0,1,142,250.0
T,Onset,5,20.0,1,142,250.0
T,Offset,0,0.0,1,142,250.0
T,Onset,5,20.0,1,142,250.0
T,Offset,2,8.0,1,142,250.0
T,Onset,9,36.0,1,142,250.0
T,Offset,0,0.0,1,142,250.0
P,Onset,0,0.0,1,143,250.0
P,Offset,0,0.0,1,143,250.0
P,Onset,0,0.0,1,143,250.0
P,Offset,0,0.0,1,143,250.0
P,Onset,1,4.0,1,143,250.0
P,Offset,-1,-4.0,1,143,250.0
P,Onset,0,0.0,1,143,250.0
P,Offset,-1,-4.0,1,143,250.0
P,Onset,0,0.0,1,143,250.0
P,Offset,1,4.0,1,143,250.0
P,Onset,0,0.0,1,143,250.0
P,Offset,-2,-8.0,1,143,250.0
P,Onset,-2,-8.0,1,143,250.0
P,Offset,0,0.0,1,143,250.0
P,Onset,-1,-4.0,1,143,250.0
P,Offset,-2,-8.0,1,143,250.0
P,Onset,-1,-4.0,1,143,250.0
P,Offset,-2,-8.0,1,143,250.0
P,Onset,-1,-4.0,1,143,250.0
P,Offset,-2,-8.0,1,143,250.0
P,Onset,-1,-4.0,1,143,250.0
P,Offset,-3,-12.0,1,143,250.0
T,Onset,3,12.0,1,143,250.0
T,Offset,-3,-12.0,1,143,250.0
T,Onset,6,24.0,1,143,250.0
T,Offset,-4,-16.0,1,143,250.0
T,Onset,1,4.0,1,143,250.0
T,Offset,-3,-12.0,1,143,250.0
T,Onset,5,20.0,1,143,250.0
T,Offset,-3,-12.0,1,143,250.0
T,Onset,6,24.0,1,143,250.0
T,Offset,-4,-16.0,1,143,250.0
T,Onset,5,20.0,1,143,250.0
T,Offset,-3,-12.0,1,143,250.0
T,Onset,7,28.0,1,143,250.0
T,Offset,-4,-16.0,1,143,250.0
T,Onset,6,24.0,1,143,250.0
T,Offset,-2,-8.0,1,143,250.0
T,Onset,7,28.0,1,143,250.0
T,Offset,-3,-12.0,1,143,250.0
T,Onset,6,24.0,1,143,250.0
T,Offset,-1,-4.0,1,143,250.0
T,Onset,9,36.0,1,143,250.0
T,Offset,-1,-4.0,1,143,250.0
P,Onset,0,0.0,1,144,250.0
P,Offset,0,0.0,1,144,250.0
P,Onset,2,8.0,1,144,250.0
P,Offset,-3,-12.0,1,144,250.0
P,Onset,1,4.0,1,144,250.0
P,Offset,-3,-12.0,1,144,250.0
P,Onset,1,4.0,1,144,250.0
P,Offset,-3,-12.0,1,144,250.0
P,Onset,0,0.0,1,144,250.0
P,Offset,-3,-12.0,1,144,250.0
P,Onset,-2,-8.0,1,144,250.0
P,Offset,-3,-12.0,1,144,250.0
P,Onset,-3,-12.0,1,144,250.0
P,Offset,-2,-8.0,1,144,250.0
P,Onset,-2,-8.0,1,144,250.0
P,Offset,-3,-12.0,1,144,250.0
T,Onset,-1,-4.0,1,144,250.0
T,Offset,1,4.0,1,144,250.0
T,Onset,1,4.0,1,144,250.0
T,Offset,-2,-8.0,1,144,250.0
T,Onset,0,0.0,1,144,250.0
T,Offset,-2,-8.0,1,144,250.0
T,Onset,-1,-4.0,1,144,250.0
T,Offset,-3,-12.0,1,144,250.0
T,Onset,7,28.0,1,144,250.0
T,Offset,1,4.0,1,144,250.0
T,Onset,10,40.0,1,144,250.0
T,Offset,-2,-8.0,1,144,250.0
T,Onset,15,60.0,1,144,250.0
T,Offset,-2,-8.0,1,144,250.0
T,Onset,13,52.0,1,144,250.0
T,Offset,0,0.0,1,144,250.0
P,Onset,1,4.0,1,145,250.0
P,Offset,-1,-4.0,1,145,250.0
P,Onset,1,4.0,1,145,250.0
P,Offset,-1,-4.0,1,145,250.0
P,Onset,2,8.0,1,145,250.0
P,Offset,-1,-4.0,1,145,250.0
P,Onset,1,4.0,1,145,250.0
P,Offset,0,0.0,1,145,250.0
P,Onset,0,0.0,1,145,250.0
P,Offset,-1,-4.0,1,145,250.0
P,Onset,0,0.0,1,145,250.0
P,Offset,-2,-8.0,1,145,250.0
P,Onset,-1,-4.0,1,145,250.0
P,Offset,-2,-8.0,1,145,250.0
P,Onset,-2,-8.0,1,145,250.0
P,Offset,-2,-8.0,1,145,250.0
T,Onset,7,28.0,1,145,250.0
T,Offset,-2,-8.0,1,145,250.0
T,Onset,7,28.0,1,145,250.0
T,Offset,-1,-4.0,1,145,250.0
T,Onset,10,40.0,1,145,250.0
T,Offset,-4,-16.0,1,145,250.0
T,Onset,12,48.0,1,145,250.0
T,Offset,-3,-12.0,1,145,250.0
T,Onset,12,48.0,1,145,250.0
T,Offset,-3,-12.0,1,145,250.0
T,Onset,14,56.0,1,145,250.0
T,Offset,-4,-16.0,1,145,250.0
T,Onset,13,52.0,1,145,250.0
T,Offset,-2,-8.0,1,145,250.0
T,Onset,14,56.0,1,145,250.0
T,Offset,-3,-12.0,1,145,250.0
P,Onset,1,4.0,1,146,250.0
P,Offset,-1,-4.0,1,146,250.0
P,Onset,-1,-4.0,1,146,250.0
P,Offset,0,0.0,1,146,250.0
P,Onset,-3,-12.0,1,146,250.0
P,Offset,-1,-4.0,1,146,250.0
P,Onset,-1,-4.0,1,146,250.0
P,Offset,-3,-12.0,1,146,250.0
P,Onset,0,0.0,1,146,250.0
P,Offset,-5,-20.0,1,146,250.0
P,Onset,0,0.0,1,146,250.0
P,Offset,-6,-24.0,1,146,250.0
P,Onset,-3,-12.0,1,146,250.0
P,Offset,-4,-16.0,1,146,250.0
T,Onset,4,16.0,1,146,250.0
T,Offset,-2,-8.0,1,146,250.0
T,Onset,6,24.0,1,146,250.0
T,Offset,-4,-16.0,1,146,250.0
T,Onset,4,16.0,1,146,250.0
T,Offset,-1,-4.0,1,146,250.0
T,Onset,3,12.0,1,146,250.0
T,Offset,2,8.0,1,146,250.0
T,Onset,7,28.0,1,146,250.0
T,Offset,-2,-8.0,1,146,250.0
T,Onset,8,32.0,1,146,250.0
T,Offset,-1,-4.0,1,146,250.0
T,Onset,10,40.0,1,146,250.0
T,Offset,-2,-8.0,1,146,250.0
P,Onset,2,8.0,1,147,250.0
P,Offset,0,0.0,1,147,250.0
P,Onset,5,20.0,1,147,250.0
P,Offset,-3,-12.0,1,147,250.0
P,Onset,5,20.0,1,147,250.0
P,Offset,-2,-8.0,1,147,250.0
P,Onset,6,24.0,1,147,250.0
P,Offset,-3,-12.0,1,147,250.0
P,Onset,1,4.0,1,147,250.0
P,Offset,-4,-16.0,1,147,250.0
P,Onset,4,16.0,1,147,250.0
P,Offset,0,0.0,1,147,250.0
P,Onset,8,32.0,1,147,250.0
P,Offset,-3,-12.0,1,147,250.0
T,Onset,-1,-4.0,1,147,250.0
T,Offset,0,0.0,1,147,250.0
T,Onset,0,0.0,1,147,250.0
T,Offset,1,4.0,1,147,250.0
T,Onset,1,4.0,1,147,250.0
T,Offset,-2,-8.0,1,147,250.0
T,Onset,4,16.0,1,147,250.0
T,Offset,-2,-8.0,1,147,250.0
T,Onset,-1,-4.0,1,147,250.0
T,Offset,4,16.0,1,147,250.0
T,Onset,0,0.0,1,147,250.0
T,Offset,-4,-16.0,1,147,250.0
T,Onset,1,4.0,1,147,250.0
T,Offset,-5,-20.0,1,147,250.0
P,Onset,1,4.0,1,148,250.0
P,Offset,-1,-4.0,1,148,250.0
P,Onset,1,4.0,1,148,250.0
P,Offset,-1,-4.0,1,148,250.0
P,Onset,2,8.0,1,148,250.0
P,Offset,-1,-4.0,1,148,250.0
P,Onset,1,4.0,1,148,250.0
P,Offset,-2,-8.0,1,148,250.0
P,Onset,0,0.0,1,148,250.0
P,Offset,-1,-4.0,1,148,250.0
P,Onset,-1,-4.0,1,148,250.0
P,Offset,0,0.0,1,148,250.0
P,Onset,4,16.0,1,148,250.0
P,Offset,-2,-8.0,1,148,250.0
P,Onset,3,12.0,1,148,250.0
P,Offset,-1,-4.0,1,148,250.0
P,Onset,0,0.0,1,148,250.0
P,Offset,-4,-16.0,1,148,250.0
T,Onset,1,4.0,1,148,250.0
T,Offset,-1,-4.0,1,148,250.0
T,Onset,1,4.0,1,148,250.0
T,Offset,-2,-8.0,1,148,250.0
T,Onset,2,8.0,1,148,250.0
T,Offset,-3,-12.0,1,148,250.0
T,Onset,3,12.0,1,148,250.0
T,Offset,-2,-8.0,1,148,250.0
T,Onset,2,8.0,1,148,250.0
T,Offset,-4,-16.0,1,148,250.0
T,Onset,4,16.0,1,148,250.0
T,Offset,0,0.0,1,148,250.0
T,Onset,7,28.0,1,148,250.0
T,Offset,-3,-12.0,1,148,250.0
T,Onset,7,28.0,1,148,250.0
T,Offset,-2,-8.0,1,148,250.0
T,Onset,8,32.0,1,148,250.0
T,Offset,0,0.0,1,148,250.0
P,Onset,3,12.0,1,149,250.0
P,Offset,-4,-16.0,1,149,250.0
P,Onset,0,0.0,1,149,250.0
P,Offset,-1,-4.0,1,149,250.0
P,Onset,1,4.0,1,149,250.0
P,Offset,-2,-8.0,1,149,250.0
P,Onset,1,4.0,1,149,250.0
P,Offset,-2,-8.0,1,149,250.0
P,Onset,-2,-8.0,1,149,250.0
P,Offset,0,0.0,1,149,250.0
P,Onset,0,0.0,1,149,250.0
P,Offset,-2,-8.0,1,149,250.0
P,Onset,1,4.0,1,149,250.0
P,Offset,-3,-12.0,1,149,250.0
P,Onset,1,4.0,1,149,250.0
P,Offset,-3,-12.0,1,149,250.0
T,Onset,5,20.0,1,149,250.0
T,Offset,-2,-8.0,1,149,250.0
T,Onset,7,28.0,1,149,250.0
T,Offset,-2,-8.0,1,149,250.0
T,Onset,8,32.0,1,149,250.0
T,Offset,-2,-8.0,1,149,250.0
T,Onset,6,24.0,1,149,250.0
T,Offset,0,0.0,1,149,250.0
T,Onset,9,36.0,1,149,250.0
T,Offset,-2,-8.0,1,149,250.0
T,Onset,11,44.0,1,149,250.0
T,Offset,-2,-8.0,1,149,250.0
T,Onset,9,36.0,1,149,250.0
T,Offset,0,0.0,1,149,250.0
T,Onset,9,36.0,1,149,250.0
T,Offset,0,0.0,1,149,250.0
P,Onset,5,20.0,1,15,250.0
P,Offset,-4,-16.0,1,15,250.0
P,Onset,6,24.0,1,15,250.0
P,Offset,-4,-16.0,1,15,250.0
P,Onset,6,24.0,1,15,250.0
P,Offset,-3,-12.0,1,15,250.0
P,Onset,7,28.0,1,15,250.0
P,Offset,-3,-12.0,1,15,250.0
P,Onset,-2,-8.0,1,15,250.0
P,Offset,-2,-8.0,1,15,250.0
P,Onset,6,24.0,1,15,250.0
P,Offset,-1,-4.0,1,15,250.0
P,Onset,7,28.0,1,15,250.0
P,Offset,-2,-8.0,1,15,250.0
T,Onset,1,4.0,1,15,250.0
T,Offset,0,0.0,1,15,250.0
T,Onset,5,20.0,1,15,250.0
T,Offset,-7,-28.0,1,15,250.0
T,Onset,11,44.0,1,15,250.0
T,Offset,-16,-64.0,1,15,250.0
T,Onset,7,28.0,1,15,250.0
T,Offset,-2,-8.0,1,15,250.0
T,Onset,2,8.0,1,15,250.0
T,Offset,-7,-28.0,1,15,250.0
T,Onset,21,84.0,1,15,250.0
T,Offset,-11,-44.0,1,15,250.0
T,Onset,-1,-4.0,1,15,250.0
T,Offset,-18,-72.0,1,15,250.0
P,Onset,0,0.0,1,151,250.0
P,Offset,0,0.0,1,151,250.0
P,Onset,-2,-8.0,1,151,250.0
P,Offset,2,8.0,1,151,250.0
P,Onset,2,8.0,1,151,250.0
P,Offset,-1,-4.0,1,151,250.0
P,Onset,3,12.0,1,151,250.0
P,Offset,-2,-8.0,1,151,250.0
P,Onset,0,0.0,1,151,250.0
P,Offset,-1,-4.0,1,151,250.0
P,Onset,-3,-12.0,1,151,250.0
P,Offset,0,0.0,1,151,250.0
P,Onset,5,20.0,1,151,250.0
P,Offset,-1,-4.0,1,151,250.0
P,Onset,7,28.0,1,151,250.0
P,Offset,1,4.0,1,151,250.0
P,Onset,7,28.0,1,151,250.0
P,Offset,1,4.0,1,151,250.0
T,Onset,-1,-4.0,1,151,250.0
T,Offset,1,4.0,1,151,250.0
T,Onset,0,0.0,1,151,250.0
T,Offset,0,0.0,1,151,250.0
T,Onset,3,12.0,1,151,250.0
T,Offset,-1,-4.0,1,151,250.0
T,Onset,2,8.0,1,151,250.0
T,Offset,0,0.0,1,151,250.0
T,Onset,2,8.0,1,151,250.0
T,Offset,3,12.0,1,151,250.0
T,Onset,2,8.0,1,151,250.0
T,Offset,3,12.0,1,151,250.0
T,Onset,6,24.0,1,151,250.0
T,Offset,-1,-4.0,1,151,250.0
T,Onset,2,8.0,1,151,250.0
T,Offset,3,12.0,1,151,250.0
T,Onset,8,32.0,1,151,250.0
T,Offset,-1,-4.0,1,151,250.0
P,Onset,-1,-4.0,1,152,250.0
P,Offset,1,4.0,1,152,250.0
P,Onset,-1,-4.0,1,152,250.0
P,Offset,0,0.0,1,152,250.0
P,Onset,0,0.0,1,152,250.0
P,Offset,1,4.0,1,152,250.0
P,Onset,0,0.0,1,152,250.0
P,Offset,-1,-4.0,1,152,250.0
P,Onset,-1,-4.0,1,152,250.0
P,Offset,0,0.0,1,152,250.0
P,Onset,1,4.0,1,152,250.0
P,Offset,1,4.0,1,152,250.0
P,Onset,-2,-8.0,1,152,250.0
P,Offset,0,0.0,1,152,250.0
P,Onset,2,8.0,1,152,250.0
P,Offset,0,0.0,1,152,250.0
T,Onset,2,8.0,1,152,250.0
T,Offset,-2,-8.0,1,152,250.0
T,Onset,2,8.0,1,152,250.0
T,Offset,1,4.0,1,152,250.0
T,Onset,6,24.0,1,152,250.0
T,Offset,-2,-8.0,1,152,250.0
T,Onset,4,16.0,1,152,250.0
T,Offset,1,4.0,1,152,250.0
T,Onset,7,28.0,1,152,250.0
T,Offset,-1,-4.0,1,152,250.0
T,Onset,8,32.0,1,152,250.0
T,Offset,-1,-4.0,1,152,250.0
T,Onset,6,24.0,1,152,250.0
T,Offset,2,8.0,1,152,250.0
T,Onset,7,28.0,1,152,250.0
T,Offset,2,8.0,1,152,250.0
P,Onset,1,4.0,1,153,250.0
P,Offset,-2,-8.0,1,153,250.0
P,Onset,0,0.0,1,153,250.0
P,Offset,-1,-4.0,1,153,250.0
P,Onset,0,0.0,1,153,250.0
P,Offset,-2,-8.0,1,153,250.0
P,Onset,0,0.0,1,153,250.0
P,Offset,-2,-8.0,1,153,250.0
P,Onset,-1,-4.0,1,153,250.0
P,Offset,-1,-4.0,1,153,250.0
P,Onset,0,0.0,1,153,250.0
P,Offset,-2,-8.0,1,153,250.0
P,Onset,-2,-8.0,1,153,250.0
P,Offset,-1,-4.0,1,153,250.0
T,Onset,-1,-4.0,1,153,250.0
T,Offset,2,8.0,1,153,250.0
T,Onset,5,20.0,1,153,250.0
T,Offset,-2,-8.0,1,153,250.0
T,Onset,4,16.0,1,153,250.0
T,Offset,-1,-4.0,1,153,250.0
T,Onset,6,24.0,1,153,250.0
T,Offset,-1,-4.0,1,153,250.0
T,Onset,-2,-8.0,1,153,250.0
T,Offset,-4,-16.0,1,153,250.0
T,Onset,6,24.0,1,153,250.0
T,Offset,0,0.0,1,153,250.0
T,Onset,8,32.0,1,153,250.0
T,Offset,-1,-4.0,1,153,250.0
P,Onset,1,4.0,1,154,250.0
P,Offset,-1,-4.0,1,154,250.0
P,Onset,-1,-4.0,1,154,250.0
P,Offset,0,0.0,1,154,250.0
P,Onset,-1,-4.0,1,154,250.0
P,Offset,-2,-8.0,1,154,250.0
P,Onset,5,20.0,1,154,250.0
P,Offset,-2,-8.0,1,154,250.0
P,Onset,4,16.0,1,154,250.0
P,Offset,-1,-4.0,1,154,250.0
P,Onset,0,0.0,1,154,250.0
P,Offset,-3,-12.0,1,154,250.0
P,Onset,9,36.0,1,154,250.0
P,Offset,-5,-20.0,1,154,250.0
P,Onset,-2,-8.0,1,154,250.0
P,Offset,-4,-16.0,1,154,250.0
T,Onset,8,32.0,1,154,250.0
T,Offset,-8,-32.0,1,154,250.0
T,Onset,1,4.0,1,154,250.0
T,Offset,-2,-8.0,1,154,250.0
T,Onset,0,0.0,1,154,250.0
T,Offset,1,4.0,1,154,250.0
T,Onset,3,12.0,1,154,250.0
T,Offset,-1,-4.0,1,154,250.0
T,Onset,3,12.0,1,154,250.0
T,Offset,0,0.0,1,154,250.0
T,Onset,6,24.0,1,154,250.0
T,Offset,-1,-4.0,1,154,250.0
T,Onset,5,20.0,1,154,250.0
T,Offset,1,4.0,1,154,250.0
T,Onset,9,36.0,1,154,250.0
T,Offset,0,0.0,1,154,250.0
P,Onset,1,4.0,1,155,250.0
P,Offset,-2,-8.0,1,155,250.0
P,Onset,2,8.0,1,155,250.0
P,Offset,0,0.0,1,155,250.0
P,Onset,-2,-8.0,1,155,250.0
P,Offset,0,0.0,1,155,250.0
P,Onset,-3,-12.0,1,155,250.0
P,Offset,0,0.0,1,155,250.0
P,Onset,2,8.0,1,155,250.0
P,Offset,2,8.0,1,155,250.0
P,Onset,-1,-4.0,1,155,250.0
P,Offset,6,24.0,1,155,250.0
P,Onset,14,56.0,1,155,250.0
P,Offset,-9,-36.0,1,155,250.0
T,Onset,0,0.0,1,155,250.0
T,Offset,1,4.0,1,155,250.0
T,Onset,1,4.0,1,155,250.0
T,Offset,0,0.0,1,155,250.0
T,Onset,2,8.0,1,155,250.0
T,Offset,0,0.0,1,155,250.0
T,Onset,0,0.0,1,155,250.0
T,Offset,2,8.0,1,155,250.0
T,Onset,1,4.0,1,155,250.0
T,Offset,3,12.0,1,155,250.0
T,Onset,4,16.0,1,155,250.0
T,Offset,1,4.0,1,155,250.0
T,Onset,8,32.0,1,155,250.0
T,Offset,4,16.0,1,155,250.0
P,Onset,-1,-4.0,1,157,250.0
P,Offset,-2,-8.0,1,157,250.0
P,Onset,-1,-4.0,1,157,250.0
P,Offset,-2,-8.0,1,157,250.0
P,Onset,-1,-4.0,1,157,250.0
P,Offset,-2,-8.0,1,157,250.0
P,Onset,-1,-4.0,1,157,250.0
P,Offset,-3,-12.0,1,157,250.0
P,Onset,-2,-8.0,1,157,250.0
P,Offset,-3,-12.0,1,157,250.0
P,Onset,-1,-4.0,1,157,250.0
P,Offset,-5,-20.0,1,157,250.0
T,Onset,4,16.0,1,157,250.0
T,Offset,-3,-12.0,1,157,250.0
T,Onset,2,8.0,1,157,250.0
T,Offset,-3,-12.0,1,157,250.0
T,Onset,5,20.0,1,157,250.0
T,Offset,-2,-8.0,1,157,250.0
T,Onset,3,12.0,1,157,250.0
T,Offset,0,0.0,1,157,250.0
T,Onset,4,16.0,1,157,250.0
T,Offset,-1,-4.0,1,157,250.0
T,Onset,6,24.0,1,157,250.0
T,Offset,-2,-8.0,1,157,250.0
P,Onset,1,4.0,1,158,250.0
P,Offset,-1,-4.0,1,158,250.0
P,Onset,0,0.0,1,158,250.0
P,Offset,1,4.0,1,158,250.0
P,Onset,-2,-8.0,1,158,250.0
P,Offset,0,0.0,1,158,250.0
P,Onset,1,4.0,1,158,250.0
P,Offset,-3,-12.0,1,158,250.0
P,Onset,0,0.0,1,158,250.0
P,Offset,-2,-8.0,1,158,250.0
P,Onset,-2,-8.0,1,158,250.0
P,Offset,-2,-8.0,1,158,250.0
P,Onset,-3,-12.0,1,158,250.0
P,Offset,-1,-4.0,1,158,250.0
T,Onset,8,32.0,1,158,250.0
T,Offset,-9,-36.0,1,158,250.0
T,Onset,8,32.0,1,158,250.0
T,Offset,-4,-16.0,1,158,250.0
T,Onset,14,56.0,1,158,250.0
T,Offset,-5,-20.0,1,158,250.0
T,Onset,11,44.0,1,158,250.0
T,Offset,0,0.0,1,158,250.0
T,Onset,13,52.0,1,158,250.0
T,Offset,-1,-4.0,1,158,250.0
T,Onset,6,24.0,1,158,250.0
T,Offset,-24,-96.0,1,158,250.0
T,Onset,19,76.0,1,158,250.0
T,Offset,-1,-4.0,1,158,250.0
P,Onset,-1,-4.0,1,159,250.0
P,Offset,1,4.0,1,159,250.0
P,Onset,0,0.0,1,159,250.0
P,Offset,0,0.0,1,159,250.0
P,Onset,-1,-4.0,1,159,250.0
P,Offset,0,0.0,1,159,250.0
P,Onset,1,4.0,1,159,250.0
P,Offset,0,0.0,1,159,250.0
P,Onset,-2,-8.0,1,159,250.0
P,Offset,1,4.0,1,159,250.0
P,Onset,-3,-12.0,1,159,250.0
P,Offset,2,8.0,1,159,250.0
P,Onset,1,4.0,1,159,250.0
P,Offset,1,4.0,1,159,250.0
P,Onset,-2,-8.0,1,159,250.0
P,Offset,0,0.0,1,159,250.0
T,Onset,7,28.0,1,159,250.0
T,Offset,-2,-8.0,1,159,250.0
T,Onset,8,32.0,1,159,250.0
T,Offset,-2,-8.0,1,159,250.0
T,Onset,9,36.0,1,159,250.0
T,Offset,-2,-8.0,1,159,250.0
T,Onset,9,36.0,1,159,250.0
T,Offset,-2,-8.0,1,159,250.0
T,Onset,10,40.0,1,159,250.0
T,Offset,-2,-8.0,1,159,250.0
T,Onset,12,48.0,1,159,250.0
T,Offset,-3,-12.0,1,159,250.0
T,Onset,13,52.0,1,159,250.0
T,Offset,-3,-12.0,1,159,250.0
T,Onset,13,52.0,1,159,250.0
T,Offset,-2,-8.0,1,159,250.0
P,Onset,3,12.0,1,16,250.0
P,Offset,-2,-8.0,1,16,250.0
P,Onset,2,8.0,1,16,250.0
P,Offset,-3,-12.0,1,16,250.0
P,Onset,6,24.0,1,16,250.0
P,Offset,-4,-16.0,1,16,250.0
P,Onset,3,12.0,1,16,250.0
P,Offset,-5,-20.0,1,16,250.0
P,Onset,5,20.0,1,16,250.0
P,Offset,-2,-8.0,1,16,250.0
P,Onset,6,24.0,1,16,250.0
P,Offset,-2,-8.0,1,16,250.0
P,Onset,7,28.0,1,16,250.0
P,Offset,-3,-12.0,1,16,250.0
P,Onset,7,28.0,1,16,250.0
P,Offset,-2,-8.0,1,16,250.0
P,Onset,8,32.0,1,16,250.0
P,Offset,-2,-8.0,1,16,250.0
T,Onset,3,12.0,1,16,250.0
T,Offset,-3,-12.0,1,16,250.0
T,Onset,3,12.0,1,16,250.0
T,Offset,-2,-8.0,1,16,250.0
T,Onset,2,8.0,1,16,250.0
T,Offset,-3,-12.0,1,16,250.0
T,Onset,4,16.0,1,16,250.0
T,Offset,-2,-8.0,1,16,250.0
T,Onset,2,8.0,1,16,250.0
T,Offset,-4,-16.0,1,16,250.0
T,Onset,5,20.0,1,16,250.0
T,Offset,-2,-8.0,1,16,250.0
T,Onset,5,20.0,1,16,250.0
T,Offset,-2,-8.0,1,16,250.0
T,Onset,6,24.0,1,16,250.0
T,Offset,-2,-8.0,1,16,250.0
T,Onset,5,20.0,1,16,250.0
T,Offset,0,0.0,1,16,250.0
P,Onset,3,12.0,1,161,250.0
P,Offset,-2,-8.0,1,161,250.0
P,Onset,1,4.0,1,161,250.0
P,Offset,-2,-8.0,1,161,250.0
P,Onset,1,4.0,1,161,250.0
P,Offset,-2,-8.0,1,161,250.0
P,Onset,3,12.0,1,161,250.0
P,Offset,-1,-4.0,1,161,250.0
P,Onset,-1,-4.0,1,161,250.0
P,Offset,-2,-8.0,1,161,250.0
P,Onset,-2,-8.0,1,161,250.0
P,Offset,-2,-8.0,1,161,250.0
P,Onset,10,40.0,1,161,250.0
P,Offset,-1,-4.0,1,161,250.0
T,Onset,8,32.0,1,161,250.0
T,Offset,-5,-20.0,1,161,250.0
T,Onset,3,12.0,1,161,250.0
T,Offset,1,4.0,1,161,250.0
T,Onset,9,36.0,1,161,250.0
T,Offset,-2,-8.0,1,161,250.0
T,Onset,6,24.0,1,161,250.0
T,Offset,1,4.0,1,161,250.0
T,Onset,6,24.0,1,161,250.0
T,Offset,1,4.0,1,161,250.0
T,Onset,8,32.0,1,161,250.0
T,Offset,0,0.0,1,161,250.0
T,Onset,7,28.0,1,161,250.0
T,Offset,2,8.0,1,161,250.0
P,Onset,0,0.0,1,162,250.0
P,Offset,0,0.0,1,162,250.0
P,Onset,0,0.0,1,162,250.0
P,Offset,-1,-4.0,1,162,250.0
P,Onset,0,0.0,1,162,250.0
P,Offset,-1,-4.0,1,162,250.0
P,Onset,-1,-4.0,1,162,250.0
P,Offset,0,0.0,1,162,250.0
P,Onset,0,0.0,1,162,250.0
P,Offset,-1,-4.0,1,162,250.0
P,Onset,-1,-4.0,1,162,250.0
P,Offset,0,0.0,1,162,250.0
P,Onset,-2,-8.0,1,162,250.0
P,Offset,0,0.0,1,162,250.0
P,Onset,-1,-4.0,1,162,250.0
P,Offset,-1,-4.0,1,162,250.0
P,Onset,-1,-4.0,1,162,250.0
P,Offset,-1,-4.0,1,162,250.0
T,Onset,4,16.0,1,162,250.0
T,Offset,-3,-12.0,1,162,250.0
T,Onset,7,28.0,1,162,250.0
T,Offset,-3,-12.0,1,162,250.0
T,Onset,6,24.0,1,162,250.0
T,Offset,-1,-4.0,1,162,250.0
T,Onset,7,28.0,1,162,250.0
T,Offset,-2,-8.0,1,162,250.0
T,Onset,7,28.0,1,162,250.0
T,Offset,-1,-4.0,1,162,250.0
T,Onset,8,32.0,1,162,250.0
T,Offset,-2,-8.0,1,162,250.0
T,Onset,4,16.0,1,162,250.0
T,Offset,3,12.0,1,162,250.0
T,Onset,8,32.0,1,162,250.0
T,Offset,-1,-4.0,1,162,250.0
T,Onset,9,36.0,1,162,250.0
T,Offset,-1,-4.0,1,162,250.0
P,Onset,-1,-4.0,1,163,250.0
P,Offset,1,4.0,1,163,250.0
P,Onset,2,8.0,1,163,250.0
P,Offset,-2,-8.0,1,163,250.0
P,Onset,0,0.0,1,163,250.0
P,Offset,0,0.0,1,163,250.0
P,Onset,-1,-4.0,1,163,250.0
P,Offset,1,4.0,1,163,250.0
P,Onset,-1,-4.0,1,163,250.0
P,Offset,0,0.0,1,163,250.0
P,Onset,1,4.0,1,163,250.0
P,Offset,-3,-12.0,1,163,250.0
P,Onset,2,8.0,1,163,250.0
P,Offset,0,0.0,1,163,250.0
P,Onset,-1,-4.0,1,163,250.0
P,Offset,-2,-8.0,1,163,250.0
P,Onset,-1,-4.0,1,163,250.0
P,Offset,-3,-12.0,1,163,250.0
T,Onset,-1,-4.0,1,163,250.0
T,Offset,2,8.0,1,163,250.0
T,Onset,4,16.0,1,163,250.0
T,Offset,-3,-12.0,1,163,250.0
T,Onset,0,0.0,1,163,250.0
T,Offset,2,8.0,1,163,250.0
T,Onset,15,60.0,1,163,250.0
T,Offset,-13,-52.0,1,163,250.0
T,Onset,5,20.0,1,163,250.0
T,Offset,-9,-36.0,1,163,250.0
T,Onset,-2,-8.0,1,163,250.0
T,Offset,-3,-12.0,1,163,250.0
T,Onset,-2,-8.0,1,163,250.0
T,Offset,-8,-32.0,1,163,250.0
T,Onset,16,64.0,1,163,250.0
T,Offset,-3,-12.0,1,163,250.0
T,Onset,-8,-32.0,1,163,250.0
T,Offset,-14,-56.0,1,163,250.0
P,Onset,0,0.0,1,164,250.0
P,Offset,1,4.0,1,164,250.0
P,Onset,-1,-4.0,1,164,250.0
P,Offset,2,8.0,1,164,250.0
P,Onset,1,4.0,1,164,250.0
P,Offset,-2,-8.0,1,164,250.0
P,Onset,2,8.0,1,164,250.0
P,Offset,0,0.0,1,164,250.0
P,Onset,-3,-12.0,1,164,250.0
P,Offset,1,4.0,1,164,250.0
P,Onset,0,0.0,1,164,250.0
P,Offset,-3,-12.0,1,164,250.0
P,Onset,-1,-4.0,1,164,250.0
P,Offset,-2,-8.0,1,164,250.0
P,Onset,6,24.0,1,164,250.0
P,Offset,-2,-8.0,1,164,250.0
T,Onset,0,0.0,1,164,250.0
T,Offset,1,4.0,1,164,250.0
T,Onset,-2,-8.0,1,164,250.0
T,Offset,3,12.0,1,164,250.0
T,Onset,-1,-4.0,1,164,250.0
T,Offset,0,0.0,1,164,250.0
T,Onset,2,8.0,1,164,250.0
T,Offset,0,0.0,1,164,250.0
T,Onset,-1,-4.0,1,164,250.0
T,Offset,3,12.0,1,164,250.0
T,Onset,1,4.0,1,164,250.0
T,Offset,1,4.0,1,164,250.0
T,Onset,-1,-4.0,1,164,250.0
T,Offset,4,16.0,1,164,250.0
T,Onset,-4,-16.0,1,164,250.0
T,Offset,0,0.0,1,164,250.0
P,Onset,1,4.0,1,165,250.0
P,Offset,0,0.0,1,165,250.0
P,Onset,-1,-4.0,1,165,250.0
P,Offset,-1,-4.0,1,165,250.0
P,Onset,0,0.0,1,165,250.0
P,Offset,-2,-8.0,1,165,250.0
P,Onset,6,24.0,1,165,250.0
P,Offset,0,0.0,1,165,250.0
P,Onset,6,24.0,1,165,250.0
P,Offset,0,0.0,1,165,250.0
P,Onset,8,32.0,1,165,250.0
P,Offset,-2,-8.0,1,165,250.0
P,Onset,6,24.0,1,165,250.0
P,Offset,1,4.0,1,165,250.0
P,Onset,8,32.0,1,165,250.0
P,Offset,-1,-4.0,1,165,250.0
T,Onset,0,0.0,1,165,250.0
T,Offset,1,4.0,1,165,250.0
T,Onset,0,0.0,1,165,250.0
T,Offset,-2,-8.0,1,165,250.0
T,Onset,0,0.0,1,165,250.0
T,Offset,-2,-8.0,1,165,250.0
T,Onset,2,8.0,1,165,250.0
T,Offset,0,0.0,1,165,250.0
T,Onset,-1,-4.0,1,165,250.0
T,Offset,-1,-4.0,1,165,250.0
T,Onset,-2,-8.0,1,165,250.0
T,Offset,-2,-8.0,1,165,250.0
T,Onset,-1,-4.0,1,165,250.0
T,Offset,-3,-12.0,1,165,250.0
T,Onset,-1,-4.0,1,165,250.0
T,Offset,-9,-36.0,1,165,250.0
P,Onset,0,0.0,1,166,250.0
P,Offset,-2,-8.0,1,166,250.0
P,Onset,-1,-4.0,1,166,250.0
P,Offset,-1,-4.0,1,166,250.0
P,Onset,-2,-8.0,1,166,250.0
P,Offset,-2,-8.0,1,166,250.0
P,Onset,-2,-8.0,1,166,250.0
P,Offset,-2,-8.0,1,166,250.0
P,Onset,-2,-8.0,1,166,250.0
P,Offset,-3,-12.0,1,166,250.0
P,Onset,-2,-8.0,1,166,250.0
P,Offset,-3,-12.0,1,166,250.0
P,Onset,-2,-8.0,1,166,250.0
P,Offset,-5,-20.0,1,166,250.0
T,Onset,-1,-4.0,1,166,250.0
T,Offset,1,4.0,1,166,250.0
T,Onset,3,12.0,1,166,250.0
T,Offset,-1,-4.0,1,166,250.0
T,Onset,3,12.0,1,166,250.0
T,Offset,0,0.0,1,166,250.0
T,Onset,5,20.0,1,166,250.0
T,Offset,-1,-4.0,1,166,250.0
T,Onset,6,24.0,1,166,250.0
T,Offset,-1,-4.0,1,166,250.0
T,Onset,3,12.0,1,166,250.0
T,Offset,2,8.0,1,166,250.0
T,Onset,5,20.0,1,166,250.0
T,Offset,0,0.0,1,166,250.0
P,Onset,0,0.0,1,167,250.0
P,Offset,0,0.0,1,167,250.0
P,Onset,0,0.0,1,167,250.0
P,Offset,-1,-4.0,1,167,250.0
P,Onset,0,0.0,1,167,250.0
P,Offset,1,4.0,1,167,250.0
P,Onset,-1,-4.0,1,167,250.0
P,Offset,-1,-4.0,1,167,250.0
P,Onset,0,0.0,1,167,250.0
P,Offset,-2,-8.0,1,167,250.0
P,Onset,1,4.0,1,167,250.0
P,Offset,1,4.0,1,167,250.0
P,Onset,0,0.0,1,167,250.0
P,Offset,-2,-8.0,1,167,250.0
P,Onset,-1,-4.0,1,167,250.0
P,Offset,-2,-8.0,1,167,250.0
T,Onset,5,20.0,1,167,250.0
T,Offset,-2,-8.0,1,167,250.0
T,Onset,9,36.0,1,167,250.0
T,Offset,-12,-48.0,1,167,250.0
T,Onset,8,32.0,1,167,250.0
T,Offset,-4,-16.0,1,167,250.0
T,Onset,8,32.0,1,167,250.0
T,Offset,-3,-12.0,1,167,250.0
T,Onset,10,40.0,1,167,250.0
T,Offset,-4,-16.0,1,167,250.0
T,Onset,11,44.0,1,167,250.0
T,Offset,-3,-12.0,1,167,250.0
T,Onset,11,44.0,1,167,250.0
T,Offset,-3,-12.0,1,167,250.0
T,Onset,13,52.0,1,167,250.0
T,Offset,-4,-16.0,1,167,250.0
P,Onset,3,12.0,1,168,250.0
P,Offset,-3,-12.0,1,168,250.0
P,Onset,2,8.0,1,168,250.0
P,Offset,-2,-8.0,1,168,250.0
P,Onset,-1,-4.0,1,168,250.0
P,Offset,0,0.0,1,168,250.0
P,Onset,0,0.0,1,168,250.0
P,Offset,2,8.0,1,168,250.0
P,Onset,4,16.0,1,168,250.0
P,Offset,-1,-4.0,1,168,250.0
P,Onset,2,8.0,1,168,250.0
P,Offset,-6,-24.0,1,168,250.0
P,Onset,-3,-12.0,1,168,250.0
P,Offset,-2,-8.0,1,168,250.0
T,Onset,-3,-12.0,1,168,250.0
T,Offset,5,20.0,1,168,250.0
T,Onset,0,0.0,1,168,250.0
T,Offset,2,8.0,1,168,250.0
T,Onset,8,32.0,1,168,250.0
T,Offset,-5,-20.0,1,168,250.0
T,Onset,7,28.0,1,168,250.0
T,Offset,2,8.0,1,168,250.0
T,Onset,14,56.0,1,168,250.0
T,Offset,-3,-12.0,1,168,250.0
T,Onset,14,56.0,1,168,250.0
T,Offset,-2,-8.0,1,168,250.0
T,Onset,10,40.0,1,168,250.0
T,Offset,2,8.0,1,168,250.0
P,Onset,0,0.0,1,169,250.0
P,Offset,0,0.0,1,169,250.0
P,Onset,1,4.0,1,169,250.0
P,Offset,-2,-8.0,1,169,250.0
P,Onset,1,4.0,1,169,250.0
P,Offset,-3,-12.0,1,169,250.0
P,Onset,1,4.0,1,169,250.0
P,Offset,1,4.0,1,169,250.0
P,Onset,-2,-8.0,1,169,250.0
P,Offset,-1,-4.0,1,169,250.0
P,Onset,-3,-12.0,1,169,250.0
P,Offset,0,0.0,1,169,250.0
T,Onset,3,12.0,1,169,250.0
T,Offset,-4,-16.0,1,169,250.0
T,Onset,4,16.0,1,169,250.0
T,Offset,-3,-12.0,1,169,250.0
T,Onset,2,8.0,1,169,250.0
T,Offset,0,0.0,1,169,250.0
T,Onset,2,8.0,1,169,250.0
T,Offset,3,12.0,1,169,250.0
T,Onset,7,28.0,1,169,250.0
T,Offset,-2,-8.0,1,169,250.0
T,Onset,6,24.0,1,169,250.0
T,Offset,-1,-4.0,1,169,250.0
P,Onset,18,72.0,1,17,250.0
P,Offset,-19,-76.0,1,17,250.0
P,Onset,23,92.0,1,17,250.0
P,Offset,-14,-56.0,1,17,250.0
P,Onset,6,24.0,1,17,250.0
P,Offset,-20,-80.0,1,17,250.0
P,Onset,14,56.0,1,17,250.0
P,Offset,-28,-112.0,1,17,250.0
P,Onset,16,64.0,1,17,250.0
P,Offset,0,0.0,1,17,250.0
P,Onset,18,72.0,1,17,250.0
P,Offset,0,0.0,1,17,250.0
P,Onset,19,76.0,1,17,250.0
P,Offset,9,36.0,1,17,250.0
T,Onset,-2,-8.0,1,17,250.0
T,Offset,0,0.0,1,17,250.0
T,Onset,-1,-4.0,1,17,250.0
T,Offset,-1,-4.0,1,17,250.0
T,Onset,-2,-8.0,1,17,250.0
T,Offset,-1,-4.0,1,17,250.0
T,Onset,8,32.0,1,17,250.0
T,Offset,-3,-12.0,1,17,250.0
T,Onset,1,4.0,1,17,250.0
T,Offset,-7,-28.0,1,17,250.0
T,Onset,9,36.0,1,17,250.0
T,Offset,-2,-8.0,1,17,250.0
T,Onset,8,32.0,1,17,250.0
T,Offset,-19,-76.0,1,17,250.0
T,Onset,11,44.0,1,17,250.0
T,Offset,0,0.0,1,17,250.0
T,Onset,19,76.0,1,17,250.0
T,Offset,0,0.0,1,17,250.0
P,Onset,1,4.0,1,170,250.0
P,Offset,-3,-12.0,1,170,250.0
P,Onset,0,0.0,1,170,250.0
P,Offset,-3,-12.0,1,170,250.0
P,Onset,-1,-4.0,1,170,250.0
P,Offset,-2,-8.0,1,170,250.0
P,Onset,0,0.0,1,170,250.0
P,Offset,-4,-16.0,1,170,250.0
P,Onset,-1,-4.0,1,170,250.0
P,Offset,-5,-20.0,1,170,250.0
P,Onset,-2,-8.0,1,170,250.0
P,Offset,-4,-16.0,1,170,250.0
T,Onset,2,8.0,1,170,250.0
T,Offset,-1,-4.0,1,170,250.0
T,Onset,3,12.0,1,170,250.0
T,Offset,-1,-4.0,1,170,250.0
T,Onset,4,16.0,1,170,250.0
T,Offset,-2,-8.0,1,170,250.0
T,Onset,4,16.0,1,170,250.0
T,Offset,-1,-4.0,1,170,250.0
T,Onset,2,8.0,1,170,250.0
T,Offset,3,12.0,1,170,250.0
T,Onset,7,28.0,1,170,250.0
T,Offset,-1,-4.0,1,170,250.0
P,Onset,3,12.0,1,171,250.0
P,Offset,-3,-12.0,1,171,250.0
P,Onset,9,36.0,1,171,250.0
P,Offset,-8,-32.0,1,171,250.0
P,Onset,8,32.0,1,171,250.0
P,Offset,-5,-20.0,1,171,250.0
P,Onset,1,4.0,1,171,250.0
P,Offset,-4,-16.0,1,171,250.0
P,Onset,10,40.0,1,171,250.0
P,Offset,-5,-20.0,1,171,250.0
P,Onset,-1,-4.0,1,171,250.0
P,Offset,-5,-20.0,1,171,250.0
P,Onset,12,48.0,1,171,250.0
P,Offset,-5,-20.0,1,171,250.0
P,Onset,14,56.0,1,171,250.0
P,Offset,-6,-24.0,1,171,250.0
P,Onset,-7,-28.0,1,171,250.0
P,Offset,-6,-24.0,1,171,250.0
T,Onset,6,24.0,1,171,250.0
T,Offset,-2,-8.0,1,171,250.0
T,Onset,8,32.0,1,171,250.0
T,Offset,-4,-16.0,1,171,250.0
T,Onset,9,36.0,1,171,250.0
T,Offset,-5,-20.0,1,171,250.0
T,Onset,9,36.0,1,171,250.0
T,Offset,-3,-12.0,1,171,250.0
T,Onset,10,40.0,1,171,250.0
T,Offset,-3,-12.0,1,171,250.0
T,Onset,8,32.0,1,171,250.0
T,Offset,-1,-4.0,1,171,250.0
T,Onset,12,48.0,1,171,250.0
T,Offset,-4,-16.0,1,171,250.0
T,Onset,9,36.0,1,171,250.0
T,Offset,-1,-4.0,1,171,250.0
T,Onset,10,40.0,1,171,250.0
T,Offset,0,0.0,1,171,250.0
P,Onset,1,4.0,1,172,250.0
P,Offset,-1,-4.0,1,172,250.0
P,Onset,3,12.0,1,172,250.0
P,Offset,-2,-8.0,1,172,250.0
P,Onset,2,8.0,1,172,250.0
P,Offset,-3,-12.0,1,172,250.0
P,Onset,3,12.0,1,172,250.0
P,Offset,-2,-8.0,1,172,250.0
P,Onset,1,4.0,1,172,250.0
P,Offset,1,4.0,1,172,250.0
P,Onset,-1,-4.0,1,172,250.0
P,Offset,-2,-8.0,1,172,250.0
T,Onset,1,4.0,1,172,250.0
T,Offset,0,0.0,1,172,250.0
T,Onset,3,12.0,1,172,250.0
T,Offset,1,4.0,1,172,250.0
T,Onset,2,8.0,1,172,250.0
T,Offset,3,12.0,1,172,250.0
T,Onset,3,12.0,1,172,250.0
T,Offset,2,8.0,1,172,250.0
T,Onset,4,16.0,1,172,250.0
T,Offset,3,12.0,1,172,250.0
T,Onset,7,28.0,1,172,250.0
T,Offset,1,4.0,1,172,250.0
T,Onset,1,4.0,1,173,250.0
T,Offset,-1,-4.0,1,173,250.0
T,Onset,6,24.0,1,173,250.0
T,Offset,-7,-28.0,1,173,250.0
T,Onset,13,52.0,1,173,250.0
T,Offset,-11,-44.0,1,173,250.0
T,Onset,7,28.0,1,173,250.0
T,Offset,-12,-48.0,1,173,250.0
T,Onset,3,12.0,1,173,250.0
T,Offset,2,8.0,1,173,250.0
T,Onset,-2,-8.0,1,173,250.0
T,Offset,-6,-24.0,1,173,250.0
T,Onset,1,4.0,1,173,250.0
T,Offset,-10,-40.0,1,173,250.0
T,Onset,6,24.0,1,173,250.0
T,Offset,3,12.0,1,173,250.0
T,Onset,9,36.0,1,173,250.0
T,Offset,1,4.0,1,173,250.0
T,Onset,-1,-4.0,1,173,250.0
T,Offset,-9,-36.0,1,173,250.0
T,Onset,6,24.0,1,173,250.0
T,Offset,-23,-92.0,1,173,250.0
P,Onset,0,0.0,1,174,250.0
P,Offset,-1,-4.0,1,174,250.0
P,Onset,1,4.0,1,174,250.0
P,Offset,0,0.0,1,174,250.0
P,Onset,1,4.0,1,174,250.0
P,Offset,-3,-12.0,1,174,250.0
P,Onset,0,0.0,1,174,250.0
P,Offset,-2,-8.0,1,174,250.0
P,Onset,3,12.0,1,174,250.0
P,Offset,0,0.0,1,174,250.0
P,Onset,-1,-4.0,1,174,250.0
P,Offset,-3,-12.0,1,174,250.0
P,Onset,-1,-4.0,1,174,250.0
P,Offset,-3,-12.0,1,174,250.0
T,Onset,5,20.0,1,174,250.0
T,Offset,-4,-16.0,1,174,250.0
T,Onset,11,44.0,1,174,250.0
T,Offset,-9,-36.0,1,174,250.0
T,Onset,14,56.0,1,174,250.0
T,Offset,-9,-36.0,1,174,250.0
T,Onset,6,24.0,1,174,250.0
T,Offset,0,0.0,1,174,250.0
T,Onset,12,48.0,1,174,250.0
T,Offset,-5,-20.0,1,174,250.0
T,Onset,12,48.0,1,174,250.0
T,Offset,-3,-12.0,1,174,250.0
T,Onset,17,68.0,1,174,250.0
T,Offset,-7,-28.0,1,174,250.0
P,Onset,1,4.0,1,175,250.0
P,Offset,-2,-8.0,1,175,250.0
P,Onset,1,4.0,1,175,250.0
P,Offset,-2,-8.0,1,175,250.0
P,Onset,1,4.0,1,175,250.0
P,Offset,-2,-8.0,1,175,250.0
P,Onset,0,0.0,1,175,250.0
P,Offset,-2,-8.0,1,175,250.0
P,Onset,0,0.0,1,175,250.0
P,Offset,-3,-12.0,1,175,250.0
P,Onset,-2,-8.0,1,175,250.0
P,Offset,-2,-8.0,1,175,250.0
P,Onset,1,4.0,1,175,250.0
P,Offset,-5,-20.0,1,175,250.0
P,Onset,1,4.0,1,175,250.0
P,Offset,-5,-20.0,1,175,250.0
P,Onset,0,0.0,1,175,250.0
P,Offset,-6,-24.0,1,175,250.0
T,Onset,5,20.0,1,175,250.0
T,Offset,-2,-8.0,1,175,250.0
T,Onset,4,16.0,1,175,250.0
T,Offset,-1,-4.0,1,175,250.0
T,Onset,8,32.0,1,175,250.0
T,Offset,-3,-12.0,1,175,250.0
T,Onset,9,36.0,1,175,250.0
T,Offset,-3,-12.0,1,175,250.0
T,Onset,7,28.0,1,175,250.0
T,Offset,-1,-4.0,1,175,250.0
T,Onset,11,44.0,1,175,250.0
T,Offset,-3,-12.0,1,175,250.0
T,Onset,11,44.0,1,175,250.0
T,Offset,-2,-8.0,1,175,250.0
T,Onset,11,44.0,1,175,250.0
T,Offset,-1,-4.0,1,175,250.0
T,Onset,14,56.0,1,175,250.0
T,Offset,-3,-12.0,1,175,250.0
P,Onset,0,0.0,1,176,250.0
P,Offset,0,0.0,1,176,250.0
P,Onset,1,4.0,1,176,250.0
P,Offset,-2,-8.0,1,176,250.0
P,Onset,2,8.0,1,176,250.0
P,Offset,-1,-4.0,1,176,250.0
P,Onset,2,8.0,1,176,250.0
P,Offset,-1,-4.0,1,176,250.0
P,Onset,3,12.0,1,176,250.0
P,Offset,-5,-20.0,1,176,250.0
P,Onset,4,16.0,1,176,250.0
P,Offset,-7,-28.0,1,176,250.0
P,Onset,2,8.0,1,176,250.0
P,Offset,-9,-36.0,1,176,250.0
T,Onset,-3,-12.0,1,176,250.0
T,Offset,3,12.0,1,176,250.0
T,Onset,2,8.0,1,176,250.0
T,Offset,-1,-4.0,1,176,250.0
T,Onset,-1,-4.0,1,176,250.0
T,Offset,2,8.0,1,176,250.0
T,Onset,-3,-12.0,1,176,250.0
T,Offset,2,8.0,1,176,250.0
T,Onset,-2,-8.0,1,176,250.0
T,Offset,4,16.0,1,176,250.0
T,Onset,2,8.0,1,176,250.0
T,Offset,0,0.0,1,176,250.0
T,Onset,1,4.0,1,176,250.0
T,Offset,3,12.0,1,176,250.0
P,Onset,0,0.0,1,177,250.0
P,Offset,0,0.0,1,177,250.0
P,Onset,3,12.0,1,177,250.0
P,Offset,-2,-8.0,1,177,250.0
P,Onset,0,0.0,1,177,250.0
P,Offset,-1,-4.0,1,177,250.0
P,Onset,0,0.0,1,177,250.0
P,Offset,-2,-8.0,1,177,250.0
P,Onset,1,4.0,1,177,250.0
P,Offset,1,4.0,1,177,250.0
P,Onset,5,20.0,1,177,250.0
P,Offset,-3,-12.0,1,177,250.0
P,Onset,-1,-4.0,1,177,250.0
P,Offset,-3,-12.0,1,177,250.0
P,Onset,1,4.0,1,177,250.0
P,Offset,3,12.0,1,177,250.0
P,Onset,1,4.0,1,177,250.0
P,Offset,-6,-24.0,1,177,250.0
P,Onset,0,0.0,1,177,250.0
P,Offset,-5,-20.0,1,177,250.0
P,Onset,1,4.0,1,177,250.0
P,Offset,-7,-28.0,1,177,250.0
T,Onset,11,44.0,1,177,250.0
T,Offset,-11,-44.0,1,177,250.0
T,Onset,4,16.0,1,177,250.0
T,Offset,-3,-12.0,1,177,250.0
T,Onset,4,16.0,1,177,250.0
T,Offset,-3,-12.0,1,177,250.0
T,Onset,4,16.0,1,177,250.0
T,Offset,-2,-8.0,1,177,250.0
T,Onset,5,20.0,1,177,250.0
T,Offset,-2,-8.0,1,177,250.0
T,Onset,5,20.0,1,177,250.0
T,Offset,-2,-8.0,1,177,250.0
T,Onset,7,28.0,1,177,250.0
T,Offset,-2,-8.0,1,177,250.0
T,Onset,9,36.0,1,177,250.0
T,Offset,-3,-12.0,1,177,250.0
T,Onset,9,36.0,1,177,250.0
T,Offset,-3,-12.0,1,177,250.0
T,Onset,9,36.0,1,177,250.0
T,Offset,-3,-12.0,1,177,250.0
T,Onset,13,52.0,1,177,250.0
T,Offset,-3,-12.0,1,177,250.0
P,Onset,1,4.0,1,178,250.0
P,Offset,0,0.0,1,178,250.0
P,Onset,2,8.0,1,178,250.0
P,Offset,-3,-12.0,1,178,250.0
P,Onset,1,4.0,1,178,250.0
P,Offset,0,0.0,1,178,250.0
P,Onset,4,16.0,1,178,250.0
P,Offset,-3,-12.0,1,178,250.0
P,Onset,4,16.0,1,178,250.0
P,Offset,-2,-8.0,1,178,250.0
P,Onset,-1,-4.0,1,178,250.0
P,Offset,-1,-4.0,1,178,250.0
P,Onset,2,8.0,1,178,250.0
P,Offset,-4,-16.0,1,178,250.0
P,Onset,1,4.0,1,178,250.0
P,Offset,-3,-12.0,1,178,250.0
P,Onset,6,24.0,1,178,250.0
P,Offset,-3,-12.0,1,178,250.0
P,Onset,1,4.0,1,178,250.0
P,Offset,-5,-20.0,1,178,250.0
P,Onset,-2,-8.0,1,178,250.0
P,Offset,-4,-16.0,1,178,250.0
T,Onset,4,16.0,1,178,250.0
T,Offset,-4,-16.0,1,178,250.0
T,Onset,3,12.0,1,178,250.0
T,Offset,-2,-8.0,1,178,250.0
T,Onset,3,12.0,1,178,250.0
T,Offset,-1,-4.0,1,178,250.0
T,Onset,3,12.0,1,178,250.0
T,Offset,-1,-4.0,1,178,250.0
T,Onset,4,16.0,1,178,250.0
T,Offset,-1,-4.0,1,178,250.0
T,Onset,7,28.0,1,178,250.0
T,Offset,-3,-12.0,1,178,250.0
T,Onset,5,20.0,1,178,250.0
T,Offset,0,0.0,1,178,250.0
T,Onset,5,20.0,1,178,250.0
T,Offset,0,0.0,1,178,250.0
T,Onset,6,24.0,1,178,250.0
T,Offset,-1,-4.0,1,178,250.0
T,Onset,6,24.0,1,178,250.0
T,Offset,-1,-4.0,1,178,250.0
T,Onset,7,28.0,1,178,250.0
T,Offset,5,20.0,1,178,250.0
P,Onset,1,4.0,1,179,250.0
P,Offset,-1,-4.0,1,179,250.0
P,Onset,1,4.0,1,179,250.0
P,Offset,-1,-4.0,1,179,250.0
P,Onset,1,4.0,1,179,250.0
P,Offset,0,0.0,1,179,250.0
P,Onset,1,4.0,1,179,250.0
P,Offset,0,0.0,1,179,250.0
P,Onset,1,4.0,1,179,250.0
P,Offset,-3,-12.0,1,179,250.0
P,Onset,1,4.0,1,179,250.0
P,Offset,-3,-12.0,1,179,250.0
P,Onset,0,0.0,1,179,250.0
P,Offset,-4,-16.0,1,179,250.0
T,Onset,2,8.0,1,179,250.0
T,Offset,-2,-8.0,1,179,250.0
T,Onset,3,12.0,1,179,250.0
T,Offset,-2,-8.0,1,179,250.0
T,Onset,3,12.0,1,179,250.0
T,Offset,-4,-16.0,1,179,250.0
T,Onset,3,12.0,1,179,250.0
T,Offset,0,0.0,1,179,250.0
T,Onset,-1,-4.0,1,179,250.0
T,Offset,-2,-8.0,1,179,250.0
T,Onset,11,44.0,1,179,250.0
T,Offset,-3,-12.0,1,179,250.0
T,Onset,14,56.0,1,179,250.0
T,Offset,-3,-12.0,1,179,250.0
P,Onset,0,0.0,1,18,250.0
P,Offset,0,0.0,1,18,250.0
P,Onset,2,8.0,1,18,250.0
P,Offset,-2,-8.0,1,18,250.0
P,Onset,2,8.0,1,18,250.0
P,Offset,-1,-4.0,1,18,250.0
P,Onset,0,0.0,1,18,250.0
P,Offset,-1,-4.0,1,18,250.0
P,Onset,2,8.0,1,18,250.0
P,Offset,-1,-4.0,1,18,250.0
P,Onset,0,0.0,1,18,250.0
P,Offset,1,4.0,1,18,250.0
P,Onset,2,8.0,1,18,250.0
P,Offset,0,0.0,1,18,250.0
P,Onset,2,8.0,1,18,250.0
P,Offset,0,0.0,1,18,250.0
P,Onset,-1,-4.0,1,18,250.0
P,Offset,-1,-4.0,1,18,250.0
P,Onset,-1,-4.0,1,18,250.0
P,Offset,-2,-8.0,1,18,250.0
T,Onset,2,8.0,1,18,250.0
T,Offset,-2,-8.0,1,18,250.0
T,Onset,3,12.0,1,18,250.0
T,Offset,-3,-12.0,1,18,250.0
T,Onset,10,40.0,1,18,250.0
T,Offset,-9,-36.0,1,18,250.0
T,Onset,7,28.0,1,18,250.0
T,Offset,-5,-20.0,1,18,250.0
T,Onset,1,4.0,1,18,250.0
T,Offset,-3,-12.0,1,18,250.0
T,Onset,7,28.0,1,18,250.0
T,Offset,-3,-12.0,1,18,250.0
T,Onset,6,24.0,1,18,250.0
T,Offset,-2,-8.0,1,18,250.0
T,Onset,6,24.0,1,18,250.0
T,Offset,0,0.0,1,18,250.0
T,Onset,12,48.0,1,18,250.0
T,Offset,-3,-12.0,1,18,250.0
T,Onset,29,116.0,1,18,250.0
T,Offset,-1,-4.0,1,18,250.0
P,Onset,-1,-4.0,1,180,250.0
P,Offset,1,4.0,1,180,250.0
P,Onset,1,4.0,1,180,250.0
P,Offset,-1,-4.0,1,180,250.0
P,Onset,5,20.0,1,180,250.0
P,Offset,-4,-16.0,1,180,250.0
P,Onset,4,16.0,1,180,250.0
P,Offset,-3,-12.0,1,180,250.0
P,Onset,-1,-4.0,1,180,250.0
P,Offset,-1,-4.0,1,180,250.0
P,Onset,0,0.0,1,180,250.0
P,Offset,-2,-8.0,1,180,250.0
P,Onset,3,12.0,1,180,250.0
P,Offset,-1,-4.0,1,180,250.0
P,Onset,-3,-12.0,1,180,250.0
P,Offset,-2,-8.0,1,180,250.0
P,Onset,6,24.0,1,180,250.0
P,Offset,2,8.0,1,180,250.0
T,Onset,17,68.0,1,180,250.0
T,Offset,-17,-68.0,1,180,250.0
T,Onset,2,8.0,1,180,250.0
T,Offset,-20,-80.0,1,180,250.0
T,Onset,-1,-4.0,1,180,250.0
T,Offset,-30,-120.0,1,180,250.0
T,Onset,4,16.0,1,180,250.0
T,Offset,-36,-144.0,1,180,250.0
T,Onset,1,4.0,1,180,250.0
T,Offset,-38,-152.0,1,180,250.0
P,Onset,7,28.0,1,181,250.0
P,Offset,-6,-24.0,1,181,250.0
P,Onset,6,24.0,1,181,250.0
P,Offset,-3,-12.0,1,181,250.0
P,Onset,-2,-8.0,1,181,250.0
P,Offset,-1,-4.0,1,181,250.0
P,Onset,-1,-4.0,1,181,250.0
P,Offset,-2,-8.0,1,181,250.0
P,Onset,-1,-4.0,1,181,250.0
P,Offset,-2,-8.0,1,181,250.0
P,Onset,5,20.0,1,181,250.0
P,Offset,-1,-4.0,1,181,250.0
P,Onset,7,28.0,1,181,250.0
P,Offset,-1,-4.0,1,181,250.0
T,Onset,0,0.0,1,181,250.0
T,Offset,-4,-16.0,1,181,250.0
T,Onset,0,0.0,1,181,250.0
T,Offset,-4,-16.0,1,181,250.0
T,Onset,-5,-20.0,1,181,250.0
T,Offset,1,4.0,1,181,250.0
T,Onset,6,24.0,1,181,250.0
T,Offset,-1,-4.0,1,181,250.0
T,Onset,7,28.0,1,181,250.0
T,Offset,-1,-4.0,1,181,250.0
T,Onset,10,40.0,1,181,250.0
T,Offset,-3,-12.0,1,181,250.0
T,Onset,9,36.0,1,181,250.0
T,Offset,-2,-8.0,1,181,250.0
P,Onset,1,4.0,1,182,250.0
P,Offset,-1,-4.0,1,182,250.0
P,Onset,1,4.0,1,182,250.0
P,Offset,-1,-4.0,1,182,250.0
P,Onset,-1,-4.0,1,182,250.0
P,Offset,0,0.0,1,182,250.0
P,Onset,-2,-8.0,1,182,250.0
P,Offset,1,4.0,1,182,250.0
P,Onset,0,0.0,1,182,250.0
P,Offset,1,4.0,1,182,250.0
P,Onset,1,4.0,1,182,250.0
P,Offset,1,4.0,1,182,250.0
P,Onset,2,8.0,1,182,250.0
P,Offset,0,0.0,1,182,250.0
P,Onset,-2,-8.0,1,182,250.0
P,Offset,-1,-4.0,1,182,250.0
P,Onset,-1,-4.0,1,182,250.0
P,Offset,4,16.0,1,182,250.0
P,Onset,1,4.0,1,182,250.0
P,Offset,3,12.0,1,182,250.0
P,Onset,10,40.0,1,182,250.0
P,Offset,-2,-8.0,1,182,250.0
T,Onset,1,4.0,1,182,250.0
T,Offset,-2,-8.0,1,182,250.0
T,Onset,3,12.0,1,182,250.0
T,Offset,-2,-8.0,1,182,250.0
T,Onset,2,8.0,1,182,250.0
T,Offset,0,0.0,1,182,250.0
T,Onset,0,0.0,1,182,250.0
T,Offset,2,8.0,1,182,250.0
T,Onset,4,16.0,1,182,250.0
T,Offset,-2,-8.0,1,182,250.0
T,Onset,1,4.0,1,182,250.0
T,Offset,-3,-12.0,1,182,250.0
T,Onset,3,12.0,1,182,250.0
T,Offset,1,4.0,1,182,250.0
T,Onset,6,24.0,1,182,250.0
T,Offset,-2,-8.0,1,182,250.0
T,Onset,6,24.0,1,182,250.0
T,Offset,-1,-4.0,1,182,250.0
T,Onset,9,36.0,1,182,250.0
T,Offset,-2,-8.0,1,182,250.0
T,Onset,6,24.0,1,182,250.0
T,Offset,1,4.0,1,182,250.0
P,Onset,1,4.0,1,183,250.0
P,Offset,-2,-8.0,1,183,250.0
P,Onset,4,16.0,1,183,250.0
P,Offset,-3,-12.0,1,183,250.0
P,Onset,4,16.0,1,183,250.0
P,Offset,-2,-8.0,1,183,250.0
P,Onset,0,0.0,1,183,250.0
P,Offset,-2,-8.0,1,183,250.0
P,Onset,1,4.0,1,183,250.0
P,Offset,1,4.0,1,183,250.0
P,Onset,3,12.0,1,183,250.0
P,Offset,0,0.0,1,183,250.0
P,Onset,3,12.0,1,183,250.0
P,Offset,1,4.0,1,183,250.0
P,Onset,3,12.0,1,183,250.0
P,Offset,1,4.0,1,183,250.0
P,Onset,3,12.0,1,183,250.0
P,Offset,1,4.0,1,183,250.0
P,Onset,5,20.0,1,183,250.0
P,Offset,2,8.0,1,183,250.0
T,Onset,23,92.0,1,183,250.0
T,Offset,-10,-40.0,1,183,250.0
T,Onset,0,0.0,1,183,250.0
T,Offset,-14,-56.0,1,183,250.0
T,Onset,20,80.0,1,183,250.0
T,Offset,-4,-16.0,1,183,250.0
T,Onset,-20,-80.0,1,183,250.0
T,Offset,4,16.0,1,183,250.0
T,Onset,24,96.0,1,183,250.0
T,Offset,-4,-16.0,1,183,250.0
T,Onset,34,136.0,1,183,250.0
T,Offset,-2,-8.0,1,183,250.0
T,Onset,-18,-72.0,1,183,250.0
T,Offset,-20,-80.0,1,183,250.0
T,Onset,-22,-88.0,1,183,250.0
T,Offset,-19,-76.0,1,183,250.0
T,Onset,-20,-80.0,1,183,250.0
T,Offset,-23,-92.0,1,183,250.0
T,Onset,-28,-112.0,1,183,250.0
T,Offset,-18,-72.0,1,183,250.0
P,Onset,1,4.0,1,184,250.0
P,Offset,-1,-4.0,1,184,250.0
P,Onset,-1,-4.0,1,184,250.0
P,Offset,0,0.0,1,184,250.0
P,Onset,1,4.0,1,184,250.0
P,Offset,-2,-8.0,1,184,250.0
P,Onset,1,4.0,1,184,250.0
P,Offset,-4,-16.0,1,184,250.0
P,Onset,-2,-8.0,1,184,250.0
P,Offset,-1,-4.0,1,184,250.0
P,Onset,2,8.0,1,184,250.0
P,Offset,-6,-24.0,1,184,250.0
P,Onset,-3,-12.0,1,184,250.0
P,Offset,-2,-8.0,1,184,250.0
P,Onset,-2,-8.0,1,184,250.0
P,Offset,-4,-16.0,1,184,250.0
T,Onset,5,20.0,1,184,250.0
T,Offset,-3,-12.0,1,184,250.0
T,Onset,5,20.0,1,184,250.0
T,Offset,-1,-4.0,1,184,250.0
T,Onset,7,28.0,1,184,250.0
T,Offset,-2,-8.0,1,184,250.0
T,Onset,6,24.0,1,184,250.0
T,Offset,0,0.0,1,184,250.0
T,Onset,6,24.0,1,184,250.0
T,Offset,2,8.0,1,184,250.0
T,Onset,9,36.0,1,184,250.0
T,Offset,-1,-4.0,1,184,250.0
T,Onset,13,52.0,1,184,250.0
T,Offset,-3,-12.0,1,184,250.0
T,Onset,12,48.0,1,184,250.0
T,Offset,-2,-8.0,1,184,250.0
P,Onset,1,4.0,1,185,250.0
P,Offset,-1,-4.0,1,185,250.0
P,Onset,1,4.0,1,185,250.0
P,Offset,-1,-4.0,1,185,250.0
P,Onset,2,8.0,1,185,250.0
P,Offset,-1,-4.0,1,185,250.0
P,Onset,2,8.0,1,185,250.0
P,Offset,-3,-12.0,1,185,250.0
P,Onset,2,8.0,1,185,250.0
P,Offset,-1,-4.0,1,185,250.0
P,Onset,1,4.0,1,185,250.0
P,Offset,0,0.0,1,185,250.0
P,Onset,2,8.0,1,185,250.0
P,Offset,-1,-4.0,1,185,250.0
P,Onset,-3,-12.0,1,185,250.0
P,Offset,1,4.0,1,185,250.0
P,Onset,2,8.0,1,185,250.0
P,Offset,0,0.0,1,185,250.0
P,Onset,2,8.0,1,185,250.0
P,Offset,0,0.0,1,185,250.0
P,Onset,3,12.0,1,185,250.0
P,Offset,0,0.0,1,185,250.0
P,Onset,1,4.0,1,185,250.0
P,Offset,-6,-24.0,1,185,250.0
T,Onset,0,0.0,1,185,250.0
T,Offset,0,0.0,1,185,250.0
T,Onset,2,8.0,1,185,250.0
T,Offset,-1,-4.0,1,185,250.0
T,Onset,0,0.0,1,185,250.0
T,Offset,1,4.0,1,185,250.0
T,Onset,0,0.0,1,185,250.0
T,Offset,-2,-8.0,1,185,250.0
T,Onset,1,4.0,1,185,250.0
T,Offset,-3,-12.0,1,185,250.0
T,Onset,1,4.0,1,185,250.0
T,Offset,-3,-12.0,1,185,250.0
T,Onset,1,4.0,1,185,250.0
T,Offset,-3,-12.0,1,185,250.0
T,Onset,0,0.0,1,185,250.0
T,Offset,-2,-8.0,1,185,250.0
T,Onset,-1,-4.0,1,185,250.0
T,Offset,-2,-8.0,1,185,250.0
T,Onset,-2,-8.0,1,185,250.0
T,Offset,-3,-12.0,1,185,250.0
T,Onset,2,8.0,1,185,250.0
T,Offset,4,16.0,1,185,250.0
T,Onset,-5,-20.0,1,185,250.0
T,Offset,-2,-8.0,1,185,250.0
P,Onset,5,20.0,1,186,250.0
P,Offset,-7,-28.0,1,186,250.0
P,Onset,6,24.0,1,186,250.0
P,Offset,-8,-32.0,1,186,250.0
P,Onset,7,28.0,1,186,250.0
P,Offset,-10,-40.0,1,186,250.0
P,Onset,6,24.0,1,186,250.0
P,Offset,-1,-4.0,1,186,250.0
P,Onset,1,4.0,1,186,250.0
P,Offset,-6,-24.0,1,186,250.0
P,Onset,11,44.0,1,186,250.0
P,Offset,-3,-12.0,1,186,250.0
P,Onset,18,72.0,1,186,250.0
P,Offset,-9,-36.0,1,186,250.0
P,Onset,12,48.0,1,186,250.0
P,Offset,-2,-8.0,1,186,250.0
P,Onset,15,60.0,1,186,250.0
P,Offset,-3,-12.0,1,186,250.0
P,Onset,17,68.0,1,186,250.0
P,Offset,-3,-12.0,1,186,250.0
T,Onset,2,8.0,1,186,250.0
T,Offset,-2,-8.0,1,186,250.0
T,Onset,-1,-4.0,1,186,250.0
T,Offset,1,4.0,1,186,250.0
T,Onset,-2,-8.0,1,186,250.0
T,Offset,3,12.0,1,186,250.0
T,Onset,9,36.0,1,186,250.0
T,Offset,-11,-44.0,1,186,250.0
T,Onset,0,0.0,1,186,250.0
T,Offset,-2,-8.0,1,186,250.0
T,Onset,0,0.0,1,186,250.0
T,Offset,-3,-12.0,1,186,250.0
T,Onset,6,24.0,1,186,250.0
T,Offset,-2,-8.0,1,186,250.0
T,Onset,11,44.0,1,186,250.0
T,Offset,-2,-8.0,1,186,250.0
T,Onset,6,24.0,1,186,250.0
T,Offset,3,12.0,1,186,250.0
T,Onset,10,40.0,1,186,250.0
T,Offset,1,4.0,1,186,250.0
P,Onset,1,4.0,1,187,250.0
P,Offset,-2,-8.0,1,187,250.0
P,Onset,2,8.0,1,187,250.0
P,Offset,-3,-12.0,1,187,250.0
P,Onset,5,20.0,1,187,250.0
P,Offset,-3,-12.0,1,187,250.0
P,Onset,2,8.0,1,187,250.0
P,Offset,0,0.0,1,187,250.0
P,Onset,1,4.0,1,187,250.0
P,Offset,-5,-20.0,1,187,250.0
P,Onset,1,4.0,1,187,250.0
P,Offset,-5,-20.0,1,187,250.0
P,Onset,-2,-8.0,1,187,250.0
P,Offset,-3,-12.0,1,187,250.0
P,Onset,-1,-4.0,1,187,250.0
P,Offset,-5,-20.0,1,187,250.0
T,Onset,4,16.0,1,187,250.0
T,Offset,-3,-12.0,1,187,250.0
T,Onset,4,16.0,1,187,250.0
T,Offset,0,0.0,1,187,250.0
T,Onset,7,28.0,1,187,250.0
T,Offset,-2,-8.0,1,187,250.0
T,Onset,6,24.0,1,187,250.0
T,Offset,-1,-4.0,1,187,250.0
T,Onset,11,44.0,1,187,250.0
T,Offset,-5,-20.0,1,187,250.0
T,Onset,9,36.0,1,187,250.0
T,Offset,-1,-4.0,1,187,250.0
T,Onset,10,40.0,1,187,250.0
T,Offset,0,0.0,1,187,250.0
T,Onset,11,44.0,1,187,250.0
T,Offset,0,0.0,1,187,250.0
P,Onset,2,8.0,1,188,250.0
P,Offset,-2,-8.0,1,188,250.0
P,Onset,1,4.0,1,188,250.0
P,Offset,-1,-4.0,1,188,250.0
P,Onset,2,8.0,1,188,250.0
P,Offset,-2,-8.0,1,188,250.0
P,Onset,2,8.0,1,188,250.0
P,Offset,-2,-8.0,1,188,250.0
P,Onset,1,4.0,1,188,250.0
P,Offset,0,0.0,1,188,250.0
P,Onset,1,4.0,1,188,250.0
P,Offset,0,0.0,1,188,250.0
P,Onset,1,4.0,1,188,250.0
P,Offset,0,0.0,1,188,250.0
P,Onset,0,0.0,1,188,250.0
P,Offset,1,4.0,1,188,250.0
P,Onset,0,0.0,1,188,250.0
P,Offset,-1,-4.0,1,188,250.0
P,Onset,-1,-4.0,1,188,250.0
P,Offset,-1,-4.0,1,188,250.0
P,Onset,0,0.0,1,188,250.0
P,Offset,-2,-8.0,1,188,250.0
P,Onset,-1,-4.0,1,188,250.0
P,Offset,-1,-4.0,1,188,250.0
P,Onset,3,12.0,1,188,250.0
P,Offset,-1,-4.0,1,188,250.0
T,Onset,1,4.0,1,188,250.0
T,Offset,-1,-4.0,1,188,250.0
T,Onset,0,0.0,1,188,250.0
T,Offset,-1,-4.0,1,188,250.0
T,Onset,3,12.0,1,188,250.0
T,Offset,-4,-16.0,1,188,250.0
T,Onset,4,16.0,1,188,250.0
T,Offset,-2,-8.0,1,188,250.0
T,Onset,4,16.0,1,188,250.0
T,Offset,-1,-4.0,1,188,250.0
T,Onset,2,8.0,1,188,250.0
T,Offset,1,4.0,1,188,250.0
T,Onset,1,4.0,1,188,250.0
T,Offset,3,12.0,1,188,250.0
T,Onset,4,16.0,1,188,250.0
T,Offset,0,0.0,1,188,250.0
T,Onset,1,4.0,1,188,250.0
T,Offset,4,16.0,1,188,250.0
T,Onset,6,24.0,1,188,250.0
T,Offset,0,0.0,1,188,250.0
T,Onset,7,28.0,1,188,250.0
T,Offset,1,4.0,1,188,250.0
T,Onset,5,20.0,1,188,250.0
T,Offset,3,12.0,1,188,250.0
T,Onset,5,20.0,1,188,250.0
T,Offset,4,16.0,1,188,250.0
P,Onset,1,4.0,1,189,250.0
P,Offset,-1,-4.0,1,189,250.0
P,Onset,0,0.0,1,189,250.0
P,Offset,0,0.0,1,189,250.0
P,Onset,-1,-4.0,1,189,250.0
P,Offset,-1,-4.0,1,189,250.0
P,Onset,0,0.0,1,189,250.0
P,Offset,-2,-8.0,1,189,250.0
P,Onset,1,4.0,1,189,250.0
P,Offset,1,4.0,1,189,250.0
P,Onset,8,32.0,1,189,250.0
P,Offset,-4,-16.0,1,189,250.0
P,Onset,0,0.0,1,189,250.0
P,Offset,-6,-24.0,1,189,250.0
T,Onset,3,12.0,1,189,250.0
T,Offset,-2,-8.0,1,189,250.0
T,Onset,3,12.0,1,189,250.0
T,Offset,-1,-4.0,1,189,250.0
T,Onset,5,20.0,1,189,250.0
T,Offset,-1,-4.0,1,189,250.0
T,Onset,3,12.0,1,189,250.0
T,Offset,1,4.0,1,189,250.0
T,Onset,6,24.0,1,189,250.0
T,Offset,-2,-8.0,1,189,250.0
T,Onset,5,20.0,1,189,250.0
T,Offset,4,16.0,1,189,250.0
T,Onset,7,28.0,1,189,250.0
T,Offset,3,12.0,1,189,250.0
P,Onset,1,4.0,1,19,250.0
P,Offset,-1,-4.0,1,19,250.0
P,Onset,0,0.0,1,19,250.0
P,Offset,-2,-8.0,1,19,250.0
P,Onset,0,0.0,1,19,250.0
P,Offset,-3,-12.0,1,19,250.0
P,Onset,4,16.0,1,19,250.0
P,Offset,-1,-4.0,1,19,250.0
P,Onset,4,16.0,1,19,250.0
P,Offset,-7,-28.0,1,19,250.0
P,Onset,16,64.0,1,19,250.0
P,Offset,-2,-8.0,1,19,250.0
P,Onset,17,68.0,1,19,250.0
P,Offset,-3,-12.0,1,19,250.0
T,Onset,1,4.0,1,19,250.0
T,Offset,-1,-4.0,1,19,250.0
T,Onset,-2,-8.0,1,19,250.0
T,Offset,-2,-8.0,1,19,250.0
T,Onset,-2,-8.0,1,19,250.0
T,Offset,-4,-16.0,1,19,250.0
T,Onset,-17,-68.0,1,19,250.0
T,Offset,-1,-4.0,1,19,250.0
T,Onset,-15,-60.0,1,19,250.0
T,Offset,-5,-20.0,1,19,250.0
T,Onset,-20,-80.0,1,19,250.0
T,Offset,-1,-4.0,1,19,250.0
T,Onset,-1,-4.0,1,19,250.0
T,Offset,-21,-84.0,1,19,250.0
P,Onset,1,4.0,1,190,250.0
P,Offset,-1,-4.0,1,190,250.0
P,Onset,-3,-12.0,1,190,250.0
P,Offset,2,8.0,1,190,250.0
P,Onset,1,4.0,1,190,250.0
P,Offset,0,0.0,1,190,250.0
P,Onset,0,0.0,1,190,250.0
P,Offset,1,4.0,1,190,250.0
P,Onset,1,4.0,1,190,250.0
P,Offset,-2,-8.0,1,190,250.0
P,Onset,-1,-4.0,1,190,250.0
P,Offset,-2,-8.0,1,190,250.0
P,Onset,4,16.0,1,190,250.0
P,Offset,1,4.0,1,190,250.0
P,Onset,6,24.0,1,190,250.0
P,Offset,-1,-4.0,1,190,250.0
P,Onset,9,36.0,1,190,250.0
P,Offset,-3,-12.0,1,190,250.0
P,Onset,8,32.0,1,190,250.0
P,Offset,-1,-4.0,1,190,250.0
P,Onset,9,36.0,1,190,250.0
P,Offset,1,4.0,1,190,250.0
T,Onset,0,0.0,1,190,250.0
T,Offset,0,0.0,1,190,250.0
T,Onset,1,4.0,1,190,250.0
T,Offset,-1,-4.0,1,190,250.0
T,Onset,9,36.0,1,190,250.0
T,Offset,-8,-32.0,1,190,250.0
T,Onset,0,0.0,1,190,250.0
T,Offset,-1,-4.0,1,190,250.0
T,Onset,-1,-4.0,1,190,250.0
T,Offset,-2,-8.0,1,190,250.0
T,Onset,5,20.0,1,190,250.0
T,Offset,-8,-32.0,1,190,250.0
T,Onset,8,32.0,1,190,250.0
T,Offset,-4,-16.0,1,190,250.0
T,Onset,-2,-8.0,1,190,250.0
T,Offset,-2,-8.0,1,190,250.0
T,Onset,-1,-4.0,1,190,250.0
T,Offset,-3,-12.0,1,190,250.0
T,Onset,7,28.0,1,190,250.0
T,Offset,-3,-12.0,1,190,250.0
T,Onset,4,16.0,1,190,250.0
T,Offset,2,8.0,1,190,250.0
P,Onset,0,0.0,1,191,250.0
P,Offset,0,0.0,1,191,250.0
P,Onset,1,4.0,1,191,250.0
P,Offset,-2,-8.0,1,191,250.0
P,Onset,1,4.0,1,191,250.0
P,Offset,-2,-8.0,1,191,250.0
P,Onset,1,4.0,1,191,250.0
P,Offset,-3,-12.0,1,191,250.0
P,Onset,1,4.0,1,191,250.0
P,Offset,-3,-12.0,1,191,250.0
P,Onset,1,4.0,1,191,250.0
P,Offset,-3,-12.0,1,191,250.0
P,Onset,0,0.0,1,191,250.0
P,Offset,-3,-12.0,1,191,250.0
T,Onset,3,12.0,1,191,250.0
T,Offset,-1,-4.0,1,191,250.0
T,Onset,6,24.0,1,191,250.0
T,Offset,-2,-8.0,1,191,250.0
T,Onset,7,28.0,1,191,250.0
T,Offset,0,0.0,1,191,250.0
T,Onset,8,32.0,1,191,250.0
T,Offset,-1,-4.0,1,191,250.0
T,Onset,9,36.0,1,191,250.0
T,Offset,-1,-4.0,1,191,250.0
T,Onset,10,40.0,1,191,250.0
T,Offset,-1,-4.0,1,191,250.0
T,Onset,10,40.0,1,191,250.0
T,Offset,-1,-4.0,1,191,250.0
P,Onset,0,0.0,1,192,250.0
P,Offset,-2,-8.0,1,192,250.0
P,Onset,14,56.0,1,192,250.0
P,Offset,-11,-44.0,1,192,250.0
P,Onset,11,44.0,1,192,250.0
P,Offset,-6,-24.0,1,192,250.0
P,Onset,2,8.0,1,192,250.0
P,Offset,-8,-32.0,1,192,250.0
P,Onset,4,16.0,1,192,250.0
P,Offset,-10,-40.0,1,192,250.0
P,Onset,11,44.0,1,192,250.0
P,Offset,-3,-12.0,1,192,250.0
P,Onset,17,68.0,1,192,250.0
P,Offset,-4,-16.0,1,192,250.0
T,Onset,-3,-12.0,1,192,250.0
T,Offset,3,12.0,1,192,250.0
T,Onset,0,0.0,1,192,250.0
T,Offset,0,0.0,1,192,250.0
T,Onset,0,0.0,1,192,250.0
T,Offset,1,4.0,1,192,250.0
T,Onset,0,0.0,1,192,250.0
T,Offset,2,8.0,1,192,250.0
T,Onset,1,4.0,1,192,250.0
T,Offset,3,12.0,1,192,250.0
T,Onset,-1,-4.0,1,192,250.0
T,Offset,-7,-28.0,1,192,250.0
T,Onset,-2,-8.0,1,192,250.0
T,Offset,-20,-80.0,1,192,250.0
P,Onset,1,4.0,1,193,250.0
P,Offset,-1,-4.0,1,193,250.0
P,Onset,1,4.0,1,193,250.0
P,Offset,-1,-4.0,1,193,250.0
P,Onset,-2,-8.0,1,193,250.0
P,Offset,1,4.0,1,193,250.0
P,Onset,2,8.0,1,193,250.0
P,Offset,0,0.0,1,193,250.0
P,Onset,-1,-4.0,1,193,250.0
P,Offset,-2,-8.0,1,193,250.0
P,Onset,1,4.0,1,193,250.0
P,Offset,-4,-16.0,1,193,250.0
P,Onset,0,0.0,1,193,250.0
P,Offset,-7,-28.0,1,193,250.0
P,Onset,-1,-4.0,1,193,250.0
P,Offset,-6,-24.0,1,193,250.0
T,Onset,1,4.0,1,193,250.0
T,Offset,-1,-4.0,1,193,250.0
T,Onset,1,4.0,1,193,250.0
T,Offset,-2,-8.0,1,193,250.0
T,Onset,1,4.0,1,193,250.0
T,Offset,0,0.0,1,193,250.0
T,Onset,4,16.0,1,193,250.0
T,Offset,0,0.0,1,193,250.0
T,Onset,4,16.0,1,193,250.0
T,Offset,1,4.0,1,193,250.0
T,Onset,11,44.0,1,193,250.0
T,Offset,-5,-20.0,1,193,250.0
T,Onset,6,24.0,1,193,250.0
T,Offset,1,4.0,1,193,250.0
T,Onset,9,36.0,1,193,250.0
T,Offset,1,4.0,1,193,250.0
P,Onset,2,8.0,1,194,250.0
P,Offset,-2,-8.0,1,194,250.0
P,Onset,1,4.0,1,194,250.0
P,Offset,1,4.0,1,194,250.0
P,Onset,3,12.0,1,194,250.0
P,Offset,0,0.0,1,194,250.0
P,Onset,-1,-4.0,1,194,250.0
P,Offset,-3,-12.0,1,194,250.0
P,Onset,6,24.0,1,194,250.0
P,Offset,-2,-8.0,1,194,250.0
P,Onset,5,20.0,1,194,250.0
P,Offset,1,4.0,1,194,250.0
P,Onset,-3,-12.0,1,194,250.0
P,Offset,-6,-24.0,1,194,250.0
T,Onset,9,36.0,1,194,250.0
T,Offset,-2,-8.0,1,194,250.0
T,Onset,3,12.0,1,194,250.0
T,Offset,5,20.0,1,194,250.0
T,Onset,16,64.0,1,194,250.0
T,Offset,-4,-16.0,1,194,250.0
T,Onset,11,44.0,1,194,250.0
T,Offset,1,4.0,1,194,250.0
T,Onset,11,44.0,1,194,250.0
T,Offset,4,16.0,1,194,250.0
T,Onset,15,60.0,1,194,250.0
T,Offset,1,4.0,1,194,250.0
T,Onset,14,56.0,1,194,250.0
T,Offset,2,8.0,1,194,250.0
P,Onset,0,0.0,1,195,250.0
P,Offset,0,0.0,1,195,250.0
P,Onset,0,0.0,1,195,250.0
P,Offset,0,0.0,1,195,250.0
P,Onset,0,0.0,1,195,250.0
P,Offset,-1,-4.0,1,195,250.0
P,Onset,-1,-4.0,1,195,250.0
P,Offset,-1,-4.0,1,195,250.0
P,Onset,-1,-4.0,1,195,250.0
P,Offset,-2,-8.0,1,195,250.0
P,Onset,4,16.0,1,195,250.0
P,Offset,-1,-4.0,1,195,250.0
P,Onset,-2,-8.0,1,195,250.0
P,Offset,-2,-8.0,1,195,250.0
P,Onset,-1,-4.0,1,195,250.0
P,Offset,-3,-12.0,1,195,250.0
T,Onset,1,4.0,1,195,250.0
T,Offset,-3,-12.0,1,195,250.0
T,Onset,3,12.0,1,195,250.0
T,Offset,-1,-4.0,1,195,250.0
T,Onset,3,12.0,1,195,250.0
T,Offset,-1,-4.0,1,195,250.0
T,Onset,3,12.0,1,195,250.0
T,Offset,-5,-20.0,1,195,250.0
T,Onset,-2,-8.0,1,195,250.0
T,Offset,-1,-4.0,1,195,250.0
T,Onset,4,16.0,1,195,250.0
T,Offset,0,0.0,1,195,250.0
T,Onset,7,28.0,1,195,250.0
T,Offset,0,0.0,1,195,250.0
T,Onset,12,48.0,1,195,250.0
T,Offset,-1,-4.0,1,195,250.0
P,Onset,4,16.0,1,196,250.0
P,Offset,-4,-16.0,1,196,250.0
P,Onset,4,16.0,1,196,250.0
P,Offset,-5,-20.0,1,196,250.0
P,Onset,5,20.0,1,196,250.0
P,Offset,-4,-16.0,1,196,250.0
P,Onset,2,8.0,1,196,250.0
P,Offset,-4,-16.0,1,196,250.0
P,Onset,0,0.0,1,196,250.0
P,Offset,-2,-8.0,1,196,250.0
P,Onset,0,0.0,1,196,250.0
P,Offset,-3,-12.0,1,196,250.0
P,Onset,7,28.0,1,196,250.0
P,Offset,-3,-12.0,1,196,250.0
P,Onset,8,32.0,1,196,250.0
P,Offset,-2,-8.0,1,196,250.0
P,Onset,2,8.0,1,196,250.0
P,Offset,-8,-32.0,1,196,250.0
T,Onset,2,8.0,1,196,250.0
T,Offset,-2,-8.0,1,196,250.0
T,Onset,0,0.0,1,196,250.0
T,Offset,-1,-4.0,1,196,250.0
T,Onset,-1,-4.0,1,196,250.0
T,Offset,-1,-4.0,1,196,250.0
T,Onset,0,0.0,1,196,250.0
T,Offset,2,8.0,1,196,250.0
T,Onset,0,0.0,1,196,250.0
T,Offset,-3,-12.0,1,196,250.0
T,Onset,2,8.0,1,196,250.0
T,Offset,-9,-36.0,1,196,250.0
T,Onset,6,24.0,1,196,250.0
T,Offset,1,4.0,1,196,250.0
T,Onset,7,28.0,1,196,250.0
T,Offset,0,0.0,1,196,250.0
T,Onset,5,20.0,1,196,250.0
T,Offset,3,12.0,1,196,250.0
P,Onset,1,4.0,1,197,250.0
P,Offset,-1,-4.0,1,197,250.0
P,Onset,1,4.0,1,197,250.0
P,Offset,-2,-8.0,1,197,250.0
P,Onset,2,8.0,1,197,250.0
P,Offset,-3,-12.0,1,197,250.0
P,Onset,0,0.0,1,197,250.0
P,Offset,-1,-4.0,1,197,250.0
P,Onset,1,4.0,1,197,250.0
P,Offset,-2,-8.0,1,197,250.0
P,Onset,-1,-4.0,1,197,250.0
P,Offset,-1,-4.0,1,197,250.0
P,Onset,2,8.0,1,197,250.0
P,Offset,0,0.0,1,197,250.0
P,Onset,-2,-8.0,1,197,250.0
P,Offset,-1,-4.0,1,197,250.0
P,Onset,0,0.0,1,197,250.0
P,Offset,-4,-16.0,1,197,250.0
P,Onset,0,0.0,1,197,250.0
P,Offset,-6,-24.0,1,197,250.0
T,Onset,1,4.0,1,197,250.0
T,Offset,-1,-4.0,1,197,250.0
T,Onset,1,4.0,1,197,250.0
T,Offset,-1,-4.0,1,197,250.0
T,Onset,3,12.0,1,197,250.0
T,Offset,-3,-12.0,1,197,250.0
T,Onset,0,0.0,1,197,250.0
T,Offset,0,0.0,1,197,250.0
T,Onset,0,0.0,1,197,250.0
T,Offset,-1,-4.0,1,197,250.0
T,Onset,2,8.0,1,197,250.0
T,Offset,-3,-12.0,1,197,250.0
T,Onset,-1,-4.0,1,197,250.0
T,Offset,-2,-8.0,1,197,250.0
T,Onset,3,12.0,1,197,250.0
T,Offset,0,0.0,1,197,250.0
T,Onset,2,8.0,1,197,250.0
T,Offset,-6,-24.0,1,197,250.0
T,Onset,5,20.0,1,197,250.0
T,Offset,0,0.0,1,197,250.0
P,Onset,0,0.0,1,198,250.0
P,Offset,0,0.0,1,198,250.0
P,Onset,1,4.0,1,198,250.0
P,Offset,0,0.0,1,198,250.0
P,Onset,1,4.0,1,198,250.0
P,Offset,-2,-8.0,1,198,250.0
P,Onset,1,4.0,1,198,250.0
P,Offset,-2,-8.0,1,198,250.0
P,Onset,0,0.0,1,198,250.0
P,Offset,-1,-4.0,1,198,250.0
P,Onset,1,4.0,1,198,250.0
P,Offset,1,4.0,1,198,250.0
P,Onset,1,4.0,1,198,250.0
P,Offset,-3,-12.0,1,198,250.0
T,Onset,0,0.0,1,198,250.0
T,Offset,0,0.0,1,198,250.0
T,Onset,2,8.0,1,198,250.0
T,Offset,-2,-8.0,1,198,250.0
T,Onset,3,12.0,1,198,250.0
T,Offset,-1,-4.0,1,198,250.0
T,Onset,4,16.0,1,198,250.0
T,Offset,-2,-8.0,1,198,250.0
T,Onset,4,16.0,1,198,250.0
T,Offset,-2,-8.0,1,198,250.0
T,Onset,6,24.0,1,198,250.0
T,Offset,-2,-8.0,1,198,250.0
T,Onset,5,20.0,1,198,250.0
T,Offset,0,0.0,1,198,250.0
P,Onset,2,8.0,1,199,250.0
P,Offset,-2,-8.0,1,199,250.0
P,Onset,0,0.0,1,199,250.0
P,Offset,-1,-4.0,1,199,250.0
P,Onset,2,8.0,1,199,250.0
P,Offset,0,0.0,1,199,250.0
P,Onset,-2,-8.0,1,199,250.0
P,Offset,0,0.0,1,199,250.0
P,Onset,2,8.0,1,199,250.0
P,Offset,1,4.0,1,199,250.0
P,Onset,-2,-8.0,1,199,250.0
P,Offset,-1,-4.0,1,199,250.0
P,Onset,5,20.0,1,199,250.0
P,Offset,-2,-8.0,1,199,250.0
T,Onset,2,8.0,1,199,250.0
T,Offset,-2,-8.0,1,199,250.0
T,Onset,4,16.0,1,199,250.0
T,Offset,-3,-12.0,1,199,250.0
T,Onset,4,16.0,1,199,250.0
T,Offset,-1,-4.0,1,199,250.0
T,Onset,0,0.0,1,199,250.0
T,Offset,-4,-16.0,1,199,250.0
T,Onset,12,48.0,1,199,250.0
T,Offset,-7,-28.0,1,199,250.0
T,Onset,8,32.0,1,199,250.0
T,Offset,-3,-12.0,1,199,250.0
T,Onset,14,56.0,1,199,250.0
T,Offset,-5,-20.0,1,199,250.0
P,Onset,14,56.0,1,20,250.0
P,Offset,-17,-68.0,1,20,250.0
P,Onset,20,80.0,1,20,250.0
P,Offset,-4,-16.0,1,20,250.0
P,Onset,21,84.0,1,20,250.0
P,Offset,-5,-20.0,1,20,250.0
P,Onset,19,76.0,1,20,250.0
P,Offset,-3,-12.0,1,20,250.0
P,Onset,19,76.0,1,20,250.0
P,Offset,-3,-12.0,1,20,250.0
P,Onset,22,88.0,1,20,250.0
P,Offset,-5,-20.0,1,20,250.0
P,Onset,23,92.0,1,20,250.0
P,Offset,-3,-12.0,1,20,250.0
T,Onset,4,16.0,1,20,250.0
T,Offset,-4,-16.0,1,20,250.0
T,Onset,3,12.0,1,20,250.0
T,Offset,-2,-8.0,1,20,250.0
T,Onset,7,28.0,1,20,250.0
T,Offset,-3,-12.0,1,20,250.0
T,Onset,5,20.0,1,20,250.0
T,Offset,-1,-4.0,1,20,250.0
T,Onset,-3,-12.0,1,20,250.0
T,Offset,-2,-8.0,1,20,250.0
T,Onset,16,64.0,1,20,250.0
T,Offset,-3,-12.0,1,20,250.0
T,Onset,18,72.0,1,20,250.0
T,Offset,-4,-16.0,1,20,250.0
P,Onset,2,8.0,1,200,250.0
P,Offset,-1,-4.0,1,200,250.0
P,Onset,-2,-8.0,1,200,250.0
P,Offset,1,4.0,1,200,250.0
P,Onset,0,0.0,1,200,250.0
P,Offset,1,4.0,1,200,250.0
P,Onset,-1,-4.0,1,200,250.0
P,Offset,-1,-4.0,1,200,250.0
P,Onset,-2,-8.0,1,200,250.0
P,Offset,0,0.0,1,200,250.0
P,Onset,-1,-4.0,1,200,250.0
P,Offset,-2,-8.0,1,200,250.0
P,Onset,2,8.0,1,200,250.0
P,Offset,2,8.0,1,200,250.0
P,Onset,1,4.0,1,200,250.0
P,Offset,-8,-32.0,1,200,250.0
T,Onset,1,4.0,1,200,250.0
T,Offset,-1,-4.0,1,200,250.0
T,Onset,2,8.0,1,200,250.0
T,Offset,-1,-4.0,1,200,250.0
T,Onset,3,12.0,1,200,250.0
T,Offset,-2,-8.0,1,200,250.0
T,Onset,4,16.0,1,200,250.0
T,Offset,-1,-4.0,1,200,250.0
T,Onset,4,16.0,1,200,250.0
T,Offset,-1,-4.0,1,200,250.0
T,Onset,6,24.0,1,200,250.0
T,Offset,-2,-8.0,1,200,250.0
T,Onset,4,16.0,1,200,250.0
T,Offset,1,4.0,1,200,250.0
T,Onset,9,36.0,1,200,250.0
T,Offset,0,0.0,1,200,250.0
P,Onset,1,4.0,1,21,250.0
P,Offset,-3,-12.0,1,21,250.0
P,Onset,0,0.0,1,21,250.0
P,Offset,-2,-8.0,1,21,250.0
P,Onset,-1,-4.0,1,21,250.0
P,Offset,-1,-4.0,1,21,250.0
P,Onset,0,0.0,1,21,250.0
P,Offset,-2,-8.0,1,21,250.0
P,Onset,1,4.0,1,21,250.0
P,Offset,-3,-12.0,1,21,250.0
P,Onset,-1,-4.0,1,21,250.0
P,Offset,-3,-12.0,1,21,250.0
P,Onset,-2,-8.0,1,21,250.0
P,Offset,-4,-16.0,1,21,250.0
P,Onset,0,0.0,1,21,250.0
P,Offset,-6,-24.0,1,21,250.0
P,Onset,-1,-4.0,1,21,250.0
P,Offset,-6,-24.0,1,21,250.0
T,Onset,11,44.0,1,21,250.0
T,Offset,-11,-44.0,1,21,250.0
T,Onset,1,4.0,1,21,250.0
T,Offset,-7,-28.0,1,21,250.0
T,Onset,19,76.0,1,21,250.0
T,Offset,-12,-48.0,1,21,250.0
T,Onset,17,68.0,1,21,250.0
T,Offset,-4,-16.0,1,21,250.0
T,Onset,1,4.0,1,21,250.0
T,Offset,-25,-100.0,1,21,250.0
T,Onset,27,108.0,1,21,250.0
T,Offset,-3,-12.0,1,21,250.0
P,Onset,5,20.0,1,22,250.0
P,Offset,-5,-20.0,1,22,250.0
P,Onset,3,12.0,1,22,250.0
P,Offset,-3,-12.0,1,22,250.0
P,Onset,2,8.0,1,22,250.0
P,Offset,-1,-4.0,1,22,250.0
P,Onset,4,16.0,1,22,250.0
P,Offset,-2,-8.0,1,22,250.0
P,Onset,6,24.0,1,22,250.0
P,Offset,-2,-8.0,1,22,250.0
P,Onset,7,28.0,1,22,250.0
P,Offset,-2,-8.0,1,22,250.0
P,Onset,9,36.0,1,22,250.0
P,Offset,-2,-8.0,1,22,250.0
P,Onset,9,36.0,1,22,250.0
P,Offset,-1,-4.0,1,22,250.0
P,Onset,9,36.0,1,22,250.0
P,Offset,-1,-4.0,1,22,250.0
P,Onset,15,60.0,1,22,250.0
P,Offset,-1,-4.0,1,22,250.0
T,Onset,-2,-8.0,1,22,250.0
T,Offset,1,4.0,1,22,250.0
T,Onset,0,0.0,1,22,250.0
T,Offset,-1,-4.0,1,22,250.0
T,Onset,2,8.0,1,22,250.0
T,Offset,-3,-12.0,1,22,250.0
T,Onset,0,0.0,1,22,250.0
T,Offset,2,8.0,1,22,250.0
T,Onset,2,8.0,1,22,250.0
T,Offset,-5,-20.0,1,22,250.0
T,Onset,6,24.0,1,22,250.0
T,Offset,-2,-8.0,1,22,250.0
T,Onset,-1,-4.0,1,22,250.0
T,Offset,-3,-12.0,1,22,250.0
T,Onset,-1,-4.0,1,22,250.0
T,Offset,-4,-16.0,1,22,250.0
T,Onset,-2,-8.0,1,22,250.0
T,Offset,-3,-12.0,1,22,250.0
T,Onset,-1,-4.0,1,22,250.0
T,Offset,-7,-28.0,1,22,250.0
P,Onset,3,12.0,1,23,250.0
P,Offset,-3,-12.0,1,23,250.0
P,Onset,1,4.0,1,23,250.0
P,Offset,-2,-8.0,1,23,250.0
P,Onset,3,12.0,1,23,250.0
P,Offset,-1,-4.0,1,23,250.0
P,Onset,4,16.0,1,23,250.0
P,Offset,-2,-8.0,1,23,250.0
P,Onset,3,12.0,1,23,250.0
P,Offset,0,0.0,1,23,250.0
P,Onset,6,24.0,1,23,250.0
P,Offset,-3,-12.0,1,23,250.0
P,Onset,5,20.0,1,23,250.0
P,Offset,1,4.0,1,23,250.0
T,Onset,0,0.0,1,23,250.0
T,Offset,0,0.0,1,23,250.0
T,Onset,-2,-8.0,1,23,250.0
T,Offset,1,4.0,1,23,250.0
T,Onset,-2,-8.0,1,23,250.0
T,Offset,3,12.0,1,23,250.0
T,Onset,-2,-8.0,1,23,250.0
T,Offset,0,0.0,1,23,250.0
T,Onset,1,4.0,1,23,250.0
T,Offset,1,4.0,1,23,250.0
T,Onset,-4,-16.0,1,23,250.0
T,Offset,1,4.0,1,23,250.0
T,Onset,-3,-12.0,1,23,250.0
T,Offset,0,0.0,1,23,250.0
P,Onset,15,60.0,1,24,250.0
P,Offset,-3,-12.0,1,24,250.0
T,Onset,-4,-16.0,1,24,250.0
T,Offset,9,36.0,1,24,250.0
T,Onset,-2,-8.0,1,24,250.0
T,Offset,10,40.0,1,24,250.0
T,Onset,3,12.0,1,24,250.0
T,Offset,11,44.0,1,24,250.0
T,Onset,4,16.0,1,24,250.0
T,Offset,10,40.0,1,24,250.0
T,Onset,20,80.0,1,24,250.0
T,Offset,10,40.0,1,24,250.0
T,Onset,26,104.0,1,24,250.0
T,Offset,16,64.0,1,24,250.0
P,Onset,1,4.0,1,25,250.0
P,Offset,-1,-4.0,1,25,250.0
P,Onset,1,4.0,1,25,250.0
P,Offset,-2,-8.0,1,25,250.0
P,Onset,0,0.0,1,25,250.0
P,Offset,-1,-4.0,1,25,250.0
P,Onset,1,4.0,1,25,250.0
P,Offset,-2,-8.0,1,25,250.0
P,Onset,-2,-8.0,1,25,250.0
P,Offset,0,0.0,1,25,250.0
P,Onset,0,0.0,1,25,250.0
P,Offset,-3,-12.0,1,25,250.0
T,Onset,7,28.0,1,25,250.0
T,Offset,-3,-12.0,1,25,250.0
T,Onset,7,28.0,1,25,250.0
T,Offset,-2,-8.0,1,25,250.0
T,Onset,8,32.0,1,25,250.0
T,Offset,-1,-4.0,1,25,250.0
T,Onset,7,28.0,1,25,250.0
T,Offset,0,0.0,1,25,250.0
T,Onset,9,36.0,1,25,250.0
T,Offset,-2,-8.0,1,25,250.0
T,Onset,11,44.0,1,25,250.0
T,Offset,-2,-8.0,1,25,250.0
P,Onset,0,0.0,1,26,250.0
P,Offset,0,0.0,1,26,250.0
P,Onset,0,0.0,1,26,250.0
P,Offset,0,0.0,1,26,250.0
P,Onset,0,0.0,1,26,250.0
P,Offset,0,0.0,1,26,250.0
P,Onset,0,0.0,1,26,250.0
P,Offset,0,0.0,1,26,250.0
P,Onset,0,0.0,1,26,250.0
P,Offset,-1,-4.0,1,26,250.0
P,Onset,2,8.0,1,26,250.0
P,Offset,2,8.0,1,26,250.0
P,Onset,-2,-8.0,1,26,250.0
P,Offset,-3,-12.0,1,26,250.0
T,Onset,-3,-12.0,1,26,250.0
T,Offset,3,12.0,1,26,250.0
T,Onset,-2,-8.0,1,26,250.0
T,Offset,1,4.0,1,26,250.0
T,Onset,0,0.0,1,26,250.0
T,Offset,1,4.0,1,26,250.0
T,Onset,0,0.0,1,26,250.0
T,Offset,3,12.0,1,26,250.0
T,Onset,-10,-40.0,1,26,250.0
T,Offset,4,16.0,1,26,250.0
T,Onset,0,0.0,1,26,250.0
T,Offset,-7,-28.0,1,26,250.0
T,Onset,7,28.0,1,26,250.0
T,Offset,3,12.0,1,26,250.0
P,Onset,-1,-4.0,1,27,250.0
P,Offset,1,4.0,1,27,250.0
P,Onset,0,0.0,1,27,250.0
P,Offset,1,4.0,1,27,250.0
P,Onset,-2,-8.0,1,27,250.0
P,Offset,1,4.0,1,27,250.0
P,Onset,-1,-4.0,1,27,250.0
P,Offset,3,12.0,1,27,250.0
P,Onset,-2,-8.0,1,27,250.0
P,Offset,-1,-4.0,1,27,250.0
P,Onset,-1,-4.0,1,27,250.0
P,Offset,-2,-8.0,1,27,250.0
T,Onset,-2,-8.0,1,27,250.0
T,Offset,1,4.0,1,27,250.0
T,Onset,-4,-16.0,1,27,250.0
T,Offset,3,12.0,1,27,250.0
T,Onset,-4,-16.0,1,27,250.0
T,Offset,1,4.0,1,27,250.0
T,Onset,-5,-20.0,1,27,250.0
T,Offset,1,4.0,1,27,250.0
T,Onset,-6,-24.0,1,27,250.0
T,Offset,1,4.0,1,27,250.0
T,Onset,-21,-84.0,1,27,250.0
T,Offset,50,200.0,1,27,250.0
P,Onset,1,4.0,1,28,250.0
P,Offset,-1,-4.0,1,28,250.0
P,Onset,-1,-4.0,1,28,250.0
P,Offset,1,4.0,1,28,250.0
P,Onset,-1,-4.0,1,28,250.0
P,Offset,0,0.0,1,28,250.0
P,Onset,0,0.0,1,28,250.0
P,Offset,-1,-4.0,1,28,250.0
P,Onset,1,4.0,1,28,250.0
P,Offset,0,0.0,1,28,250.0
P,Onset,4,16.0,1,28,250.0
P,Offset,-2,-8.0,1,28,250.0
P,Onset,0,0.0,1,28,250.0
P,Offset,-3,-12.0,1,28,250.0
T,Onset,-3,-12.0,1,28,250.0
T,Offset,0,0.0,1,28,250.0
T,Onset,5,20.0,1,28,250.0
T,Offset,-10,-40.0,1,28,250.0
T,Onset,-9,-36.0,1,28,250.0
T,Offset,3,12.0,1,28,250.0
T,Onset,3,12.0,1,28,250.0
T,Offset,5,20.0,1,28,250.0
T,Onset,-13,-52.0,1,28,250.0
T,Offset,-2,-8.0,1,28,250.0
T,Onset,22,88.0,1,28,250.0
T,Offset,-2,-8.0,1,28,250.0
T,Onset,-4,-16.0,1,28,250.0
T,Offset,-16,-64.0,1,28,250.0
P,Onset,5,20.0,1,29,250.0
P,Offset,-4,-16.0,1,29,250.0
P,Onset,7,28.0,1,29,250.0
P,Offset,-5,-20.0,1,29,250.0
P,Onset,8,32.0,1,29,250.0
P,Offset,-5,-20.0,1,29,250.0
P,Onset,7,28.0,1,29,250.0
P,Offset,-2,-8.0,1,29,250.0
P,Onset,7,28.0,1,29,250.0
P,Offset,-2,-8.0,1,29,250.0
P,Onset,10,40.0,1,29,250.0
P,Offset,-3,-12.0,1,29,250.0
P,Onset,10,40.0,1,29,250.0
P,Offset,-2,-8.0,1,29,250.0
P,Onset,10,40.0,1,29,250.0
P,Offset,0,0.0,1,29,250.0
P,Onset,14,56.0,1,3,250.0
P,Offset,-5,-20.0,1,3,250.0
P,Onset,12,48.0,1,3,250.0
P,Offset,-3,-12.0,1,3,250.0
P,Onset,14,56.0,1,3,250.0
P,Offset,-4,-16.0,1,3,250.0
P,Onset,16,64.0,1,3,250.0
P,Offset,-5,-20.0,1,3,250.0
P,Onset,16,64.0,1,3,250.0
P,Offset,-4,-16.0,1,3,250.0
P,Onset,13,52.0,1,3,250.0
P,Offset,-1,-4.0,1,3,250.0
P,Onset,18,72.0,1,3,250.0
P,Offset,-5,-20.0,1,3,250.0
P,Onset,16,64.0,1,3,250.0
P,Offset,-3,-12.0,1,3,250.0
T,Onset,1,4.0,1,3,250.0
T,Offset,-1,-4.0,1,3,250.0
T,Onset,0,0.0,1,3,250.0
T,Offset,-2,-8.0,1,3,250.0
T,Onset,5,20.0,1,3,250.0
T,Offset,-1,-4.0,1,3,250.0
T,Onset,-2,-8.0,1,3,250.0
T,Offset,-4,-16.0,1,3,250.0
T,Onset,11,44.0,1,3,250.0
T,Offset,-2,-8.0,1,3,250.0
T,Onset,11,44.0,1,3,250.0
T,Offset,0,0.0,1,3,250.0
T,Onset,19,76.0,1,3,250.0
T,Offset,0,0.0,1,3,250.0
T,Onset,20,80.0,1,3,250.0
T,Offset,0,0.0,1,3,250.0
P,Onset,-1,-4.0,1,30,250.0
P,Offset,0,0.0,1,30,250.0
P,Onset,1,4.0,1,30,250.0
P,Offset,-3,-12.0,1,30,250.0
P,Onset,1,4.0,1,30,250.0
P,Offset,-3,-12.0,1,30,250.0
P,Onset,0,0.0,1,30,250.0
P,Offset,-2,-8.0,1,30,250.0
P,Onset,0,0.0,1,30,250.0
P,Offset,-3,-12.0,1,30,250.0
P,Onset,-1,-4.0,1,30,250.0
P,Offset,-3,-12.0,1,30,250.0
T,Onset,3,12.0,1,30,250.0
T,Offset,-3,-12.0,1,30,250.0
T,Onset,3,12.0,1,30,250.0
T,Offset,-2,-8.0,1,30,250.0
T,Onset,4,16.0,1,30,250.0
T,Offset,-2,-8.0,1,30,250.0
T,Onset,5,20.0,1,30,250.0
T,Offset,-1,-4.0,1,30,250.0
T,Onset,6,24.0,1,30,250.0
T,Offset,-1,-4.0,1,30,250.0
T,Onset,6,24.0,1,30,250.0
T,Offset,1,4.0,1,30,250.0
P,Onset,2,8.0,1,31,250.0
P,Offset,-4,-16.0,1,31,250.0
P,Onset,0,0.0,1,31,250.0
P,Offset,-4,-16.0,1,31,250.0
P,Onset,9,36.0,1,31,250.0
P,Offset,-3,-12.0,1,31,250.0
P,Onset,15,60.0,1,31,250.0
P,Offset,-5,-20.0,1,31,250.0
P,Onset,17,68.0,1,31,250.0
P,Offset,-3,-12.0,1,31,250.0
T,Onset,-2,-8.0,1,31,250.0
T,Offset,-1,-4.0,1,31,250.0
T,Onset,1,4.0,1,31,250.0
T,Offset,-5,-20.0,1,31,250.0
T,Onset,3,12.0,1,31,250.0
T,Offset,1,4.0,1,31,250.0
T,Onset,20,80.0,1,31,250.0
T,Offset,-10,-40.0,1,31,250.0
T,Onset,-1,-4.0,1,31,250.0
T,Offset,-10,-40.0,1,31,250.0
T,Onset,19,76.0,1,31,250.0
T,Offset,-7,-28.0,1,31,250.0
T,Onset,-2,-8.0,1,31,250.0
T,Offset,-10,-40.0,1,31,250.0
T,Onset,27,108.0,1,31,250.0
T,Offset,-5,-20.0,1,31,250.0
P,Onset,0,0.0,1,32,250.0
P,Offset,0,0.0,1,32,250.0
P,Onset,1,4.0,1,32,250.0
P,Offset,-2,-8.0,1,32,250.0
P,Onset,1,4.0,1,32,250.0
P,Offset,-3,-12.0,1,32,250.0
P,Onset,1,4.0,1,32,250.0
P,Offset,-3,-12.0,1,32,250.0
P,Onset,0,0.0,1,32,250.0
P,Offset,-2,-8.0,1,32,250.0
P,Onset,0,0.0,1,32,250.0
P,Offset,-2,-8.0,1,32,250.0
P,Onset,0,0.0,1,32,250.0
P,Offset,-2,-8.0,1,32,250.0
P,Onset,-1,-4.0,1,32,250.0
P,Offset,-1,-4.0,1,32,250.0
T,Onset,1,4.0,1,32,250.0
T,Offset,0,0.0,1,32,250.0
T,Onset,0,0.0,1,32,250.0
T,Offset,-1,-4.0,1,32,250.0
T,Onset,-1,-4.0,1,32,250.0
T,Offset,-1,-4.0,1,32,250.0
T,Onset,-1,-4.0,1,32,250.0
T,Offset,-2,-8.0,1,32,250.0
T,Onset,3,12.0,1,32,250.0
T,Offset,0,0.0,1,32,250.0
T,Onset,-3,-12.0,1,32,250.0
T,Offset,-1,-4.0,1,32,250.0
T,Onset,-3,-12.0,1,32,250.0
T,Offset,-1,-4.0,1,32,250.0
T,Onset,-1,-4.0,1,32,250.0
T,Offset,-3,-12.0,1,32,250.0
P,Onset,1,4.0,1,33,250.0
P,Offset,-1,-4.0,1,33,250.0
P,Onset,0,0.0,1,33,250.0
P,Offset,1,4.0,1,33,250.0
P,Onset,0,0.0,1,33,250.0
P,Offset,1,4.0,1,33,250.0
P,Onset,-1,-4.0,1,33,250.0
P,Offset,0,0.0,1,33,250.0
P,Onset,1,4.0,1,33,250.0
P,Offset,1,4.0,1,33,250.0
P,Onset,2,8.0,1,33,250.0
P,Offset,0,0.0,1,33,250.0
P,Onset,-2,-8.0,1,33,250.0
P,Offset,-1,-4.0,1,33,250.0
T,Onset,-2,-8.0,1,33,250.0
T,Offset,4,16.0,1,33,250.0
T,Onset,4,16.0,1,33,250.0
T,Offset,-1,-4.0,1,33,250.0
T,Onset,-2,-8.0,1,33,250.0
T,Offset,-1,-4.0,1,33,250.0
T,Onset,3,12.0,1,33,250.0
T,Offset,1,4.0,1,33,250.0
T,Onset,0,0.0,1,33,250.0
T,Offset,6,24.0,1,33,250.0
T,Onset,12,48.0,1,33,250.0
T,Offset,4,16.0,1,33,250.0
T,Onset,15,60.0,1,33,250.0
T,Offset,3,12.0,1,33,250.0
T,Onset,-3,-12.0,1,34,250.0
T,Offset,4,16.0,1,34,250.0
T,Onset,-3,-12.0,1,34,250.0
T,Offset,1,4.0,1,34,250.0
T,Onset,-2,-8.0,1,34,250.0
T,Offset,-2,-8.0,1,34,250.0
T,Onset,8,32.0,1,34,250.0
T,Offset,1,4.0,1,34,250.0
T,Onset,11,44.0,1,34,250.0
T,Offset,7,28.0,1,34,250.0
T,Onset,19,76.0,1,34,250.0
T,Offset,0,0.0,1,34,250.0
T,Onset,24,96.0,1,34,250.0
T,Offset,0,0.0,1,34,250.0
P,Onset,0,0.0,1,36,250.0
P,Offset,0,0.0,1,36,250.0
P,Onset,2,8.0,1,36,250.0
P,Offset,-1,-4.0,1,36,250.0
P,Onset,0,0.0,1,36,250.0
P,Offset,-1,-4.0,1,36,250.0
P,Onset,2,8.0,1,36,250.0
P,Offset,-4,-16.0,1,36,250.0
P,Onset,2,8.0,1,36,250.0
P,Offset,-4,-16.0,1,36,250.0
P,Onset,1,4.0,1,36,250.0
P,Offset,-3,-12.0,1,36,250.0
P,Onset,0,0.0,1,36,250.0
P,Offset,-4,-16.0,1,36,250.0
T,Onset,2,8.0,1,36,250.0
T,Offset,-2,-8.0,1,36,250.0
T,Onset,2,8.0,1,36,250.0
T,Offset,-2,-8.0,1,36,250.0
T,Onset,3,12.0,1,36,250.0
T,Offset,0,0.0,1,36,250.0
T,Onset,3,12.0,1,36,250.0
T,Offset,1,4.0,1,36,250.0
T,Onset,6,24.0,1,36,250.0
T,Offset,-1,-4.0,1,36,250.0
T,Onset,-2,-8.0,1,36,250.0
T,Offset,-3,-12.0,1,36,250.0
T,Onset,6,24.0,1,36,250.0
T,Offset,2,8.0,1,36,250.0
T,Onset,1,4.0,1,38,250.0
T,Offset,-1,-4.0,1,38,250.0
T,Onset,4,16.0,1,38,250.0
T,Offset,-2,-8.0,1,38,250.0
T,Onset,4,16.0,1,38,250.0
T,Offset,-1,-4.0,1,38,250.0
T,Onset,2,8.0,1,38,250.0
T,Offset,1,4.0,1,38,250.0
T,Onset,1,4.0,1,38,250.0
T,Offset,3,12.0,1,38,250.0
T,Onset,4,16.0,1,38,250.0
T,Offset,1,4.0,1,38,250.0
T,Onset,8,32.0,1,38,250.0
T,Offset,-3,-12.0,1,38,250.0
T,Onset,2,8.0,1,38,250.0
T,Offset,3,12.0,1,38,250.0
T,Onset,-1,-4.0,1,38,250.0
T,Offset,-5,-20.0,1,38,250.0
T,Onset,6,24.0,1,38,250.0
T,Offset,-13,-52.0,1,38,250.0
T,Onset,11,44.0,1,38,250.0
T,Offset,-3,-12.0,1,38,250.0
T,Onset,22,88.0,1,38,250.0
T,Offset,-14,-56.0,1,38,250.0
T,Onset,-9,-36.0,1,38,250.0
T,Offset,1,4.0,1,38,250.0
T,Onset,17,68.0,1,38,250.0
T,Offset,-2,-8.0,1,38,250.0
P,Onset,-1,-4.0,1,39,250.0
P,Offset,1,4.0,1,39,250.0
P,Onset,0,0.0,1,39,250.0
P,Offset,1,4.0,1,39,250.0
P,Onset,3,12.0,1,39,250.0
P,Offset,-19,-76.0,1,39,250.0
P,Onset,13,52.0,1,39,250.0
P,Offset,3,12.0,1,39,250.0
P,Onset,17,68.0,1,39,250.0
P,Offset,0,0.0,1,39,250.0
P,Onset,6,24.0,1,39,250.0
P,Offset,-23,-92.0,1,39,250.0
T,Onset,-4,-16.0,1,39,250.0
T,Offset,4,16.0,1,39,250.0
T,Onset,-3,-12.0,1,39,250.0
T,Offset,1,4.0,1,39,250.0
T,Onset,-2,-8.0,1,39,250.0
T,Offset,0,0.0,1,39,250.0
T,Onset,3,12.0,1,39,250.0
T,Offset,1,4.0,1,39,250.0
T,Onset,8,32.0,1,39,250.0
T,Offset,5,20.0,1,39,250.0
T,Onset,17,68.0,1,39,250.0
T,Offset,1,4.0,1,39,250.0
P,Onset,2,8.0,1,40,250.0
P,Offset,-1,-4.0,1,40,250.0
P,Onset,-2,-8.0,1,40,250.0
P,Offset,1,4.0,1,40,250.0
P,Onset,3,12.0,1,40,250.0
P,Offset,-2,-8.0,1,40,250.0
P,Onset,1,4.0,1,40,250.0
P,Offset,-3,-12.0,1,40,250.0
P,Onset,-1,-4.0,1,40,250.0
P,Offset,-2,-8.0,1,40,250.0
P,Onset,0,0.0,1,40,250.0
P,Offset,-3,-12.0,1,40,250.0
P,Onset,1,4.0,1,40,250.0
P,Offset,-5,-20.0,1,40,250.0
P,Onset,0,0.0,1,40,250.0
P,Offset,-4,-16.0,1,40,250.0
T,Onset,0,0.0,1,40,250.0
T,Offset,-1,-4.0,1,40,250.0
T,Onset,0,0.0,1,40,250.0
T,Offset,-1,-4.0,1,40,250.0
T,Onset,1,4.0,1,40,250.0
T,Offset,-2,-8.0,1,40,250.0
T,Onset,1,4.0,1,40,250.0
T,Offset,1,4.0,1,40,250.0
T,Onset,1,4.0,1,40,250.0
T,Offset,-4,-16.0,1,40,250.0
T,Onset,4,16.0,1,40,250.0
T,Offset,0,0.0,1,40,250.0
T,Onset,6,24.0,1,40,250.0
T,Offset,-2,-8.0,1,40,250.0
T,Onset,6,24.0,1,40,250.0
T,Offset,0,0.0,1,40,250.0
P,Onset,0,0.0,1,41,250.0
P,Offset,-1,-4.0,1,41,250.0
P,Onset,2,8.0,1,41,250.0
P,Offset,-3,-12.0,1,41,250.0
P,Onset,2,8.0,1,41,250.0
P,Offset,-5,-20.0,1,41,250.0
P,Onset,0,0.0,1,41,250.0
P,Offset,-3,-12.0,1,41,250.0
P,Onset,0,0.0,1,41,250.0
P,Offset,-3,-12.0,1,41,250.0
T,Onset,6,24.0,1,41,250.0
T,Offset,0,0.0,1,41,250.0
T,Onset,11,44.0,1,41,250.0
T,Offset,-1,-4.0,1,41,250.0
T,Onset,11,44.0,1,41,250.0
T,Offset,1,4.0,1,41,250.0
T,Onset,15,60.0,1,41,250.0
T,Offset,-2,-8.0,1,41,250.0
T,Onset,14,56.0,1,41,250.0
T,Offset,-1,-4.0,1,41,250.0
P,Onset,0,0.0,1,42,250.0
P,Offset,1,4.0,1,42,250.0
P,Onset,2,8.0,1,42,250.0
P,Offset,0,0.0,1,42,250.0
P,Onset,-1,-4.0,1,42,250.0
P,Offset,-1,-4.0,1,42,250.0
P,Onset,-1,-4.0,1,42,250.0
P,Offset,-2,-8.0,1,42,250.0
P,Onset,-1,-4.0,1,42,250.0
P,Offset,-3,-12.0,1,42,250.0
P,Onset,0,0.0,1,42,250.0
P,Offset,-5,-20.0,1,42,250.0
P,Onset,1,4.0,1,42,250.0
P,Offset,-7,-28.0,1,42,250.0
T,Onset,1,4.0,1,42,250.0
T,Offset,-2,-8.0,1,42,250.0
T,Onset,3,12.0,1,42,250.0
T,Offset,2,8.0,1,42,250.0
T,Onset,6,24.0,1,42,250.0
T,Offset,-1,-4.0,1,42,250.0
T,Onset,6,24.0,1,42,250.0
T,Offset,-1,-4.0,1,42,250.0
T,Onset,8,32.0,1,42,250.0
T,Offset,-2,-8.0,1,42,250.0
T,Onset,5,20.0,1,42,250.0
T,Offset,1,4.0,1,42,250.0
T,Onset,14,56.0,1,42,250.0
T,Offset,-3,-12.0,1,42,250.0
P,Onset,0,0.0,1,43,250.0
P,Offset,1,4.0,1,43,250.0
P,Onset,-1,-4.0,1,43,250.0
P,Offset,4,16.0,1,43,250.0
P,Onset,-1,-4.0,1,43,250.0
P,Offset,-2,-8.0,1,43,250.0
P,Onset,3,12.0,1,43,250.0
P,Offset,1,4.0,1,43,250.0
P,Onset,-2,-8.0,1,43,250.0
P,Offset,-2,-8.0,1,43,250.0
P,Onset,-1,-4.0,1,43,250.0
P,Offset,-15,-60.0,1,43,250.0
P,Onset,5,20.0,1,43,250.0
P,Offset,-21,-84.0,1,43,250.0
T,Onset,3,12.0,1,43,250.0
T,Offset,-2,-8.0,1,43,250.0
T,Onset,0,0.0,1,43,250.0
T,Offset,2,8.0,1,43,250.0
T,Onset,-1,-4.0,1,43,250.0
T,Offset,3,12.0,1,43,250.0
T,Onset,1,4.0,1,43,250.0
T,Offset,2,8.0,1,43,250.0
T,Onset,4,16.0,1,43,250.0
T,Offset,-1,-4.0,1,43,250.0
T,Onset,-2,-8.0,1,43,250.0
T,Offset,-1,-4.0,1,43,250.0
T,Onset,4,16.0,1,43,250.0
T,Offset,3,12.0,1,43,250.0
T,Onset,-1,-4.0,1,44,250.0
T,Offset,1,4.0,1,44,250.0
T,Onset,-3,-12.0,1,44,250.0
T,Offset,5,20.0,1,44,250.0
T,Onset,3,12.0,1,44,250.0
T,Offset,-1,-4.0,1,44,250.0
T,Onset,18,72.0,1,44,250.0
T,Offset,-13,-52.0,1,44,250.0
T,Onset,1,4.0,1,44,250.0
T,Offset,-13,-52.0,1,44,250.0
T,Onset,-2,-8.0,1,44,250.0
T,Offset,-11,-44.0,1,44,250.0
T,Onset,-8,-32.0,1,44,250.0
T,Offset,-9,-36.0,1,44,250.0
T,Onset,-20,-80.0,1,44,250.0
T,Offset,2,8.0,1,44,250.0
T,Onset,3,12.0,1,45,250.0
T,Offset,-5,-20.0,1,45,250.0
T,Onset,-2,-8.0,1,45,250.0
T,Offset,0,0.0,1,45,250.0
T,Onset,9,36.0,1,45,250.0
T,Offset,-1,-4.0,1,45,250.0
T,Onset,8,32.0,1,45,250.0
T,Offset,0,0.0,1,45,250.0
T,Onset,8,32.0,1,45,250.0
T,Offset,0,0.0,1,45,250.0
T,Onset,10,40.0,1,45,250.0
T,Offset,1,4.0,1,45,250.0
P,Onset,2,8.0,1,46,250.0
P,Offset,-3,-12.0,1,46,250.0
P,Onset,1,4.0,1,46,250.0
P,Offset,-2,-8.0,1,46,250.0
P,Onset,1,4.0,1,46,250.0
P,Offset,-3,-12.0,1,46,250.0
P,Onset,0,0.0,1,46,250.0
P,Offset,-2,-8.0,1,46,250.0
P,Onset,2,8.0,1,46,250.0
P,Offset,-4,-16.0,1,46,250.0
P,Onset,0,0.0,1,46,250.0
P,Offset,-3,-12.0,1,46,250.0
P,Onset,1,4.0,1,46,250.0
P,Offset,-8,-32.0,1,46,250.0
T,Onset,2,8.0,1,46,250.0
T,Offset,-2,-8.0,1,46,250.0
T,Onset,2,8.0,1,46,250.0
T,Offset,-1,-4.0,1,46,250.0
T,Onset,6,24.0,1,46,250.0
T,Offset,-4,-16.0,1,46,250.0
T,Onset,0,0.0,1,46,250.0
T,Offset,-3,-12.0,1,46,250.0
T,Onset,-4,-16.0,1,46,250.0
T,Offset,-1,-4.0,1,46,250.0
T,Onset,-5,-20.0,1,46,250.0
T,Offset,-1,-4.0,1,46,250.0
T,Onset,8,32.0,1,46,250.0
T,Offset,-1,-4.0,1,46,250.0
P,Onset,2,8.0,1,47,250.0
P,Offset,-2,-8.0,1,47,250.0
P,Onset,2,8.0,1,47,250.0
P,Offset,-3,-12.0,1,47,250.0
P,Onset,1,4.0,1,47,250.0
P,Offset,0,0.0,1,47,250.0
P,Onset,2,8.0,1,47,250.0
P,Offset,0,0.0,1,47,250.0
P,Onset,6,24.0,1,47,250.0
P,Offset,-3,-12.0,1,47,250.0
T,Onset,3,12.0,1,47,250.0
T,Offset,-2,-8.0,1,47,250.0
T,Onset,6,24.0,1,47,250.0
T,Offset,-2,-8.0,1,47,250.0
T,Onset,9,36.0,1,47,250.0
T,Offset,-4,-16.0,1,47,250.0
T,Onset,9,36.0,1,47,250.0
T,Offset,-2,-8.0,1,47,250.0
T,Onset,12,48.0,1,47,250.0
T,Offset,-4,-16.0,1,47,250.0
P,Onset,1,4.0,1,49,250.0
P,Offset,-1,-4.0,1,49,250.0
P,Onset,2,8.0,1,49,250.0
P,Offset,-3,-12.0,1,49,250.0
P,Onset,1,4.0,1,49,250.0
P,Offset,-2,-8.0,1,49,250.0
P,Onset,0,0.0,1,49,250.0
P,Offset,-2,-8.0,1,49,250.0
P,Onset,0,0.0,1,49,250.0
P,Offset,-2,-8.0,1,49,250.0
P,Onset,1,4.0,1,49,250.0
P,Offset,-4,-16.0,1,49,250.0
P,Onset,1,4.0,1,49,250.0
P,Offset,-4,-16.0,1,49,250.0
T,Onset,9,36.0,1,49,250.0
T,Offset,-1,-4.0,1,49,250.0
T,Onset,9,36.0,1,49,250.0
T,Offset,-1,-4.0,1,49,250.0
T,Onset,10,40.0,1,49,250.0
T,Offset,-1,-4.0,1,49,250.0
T,Onset,11,44.0,1,49,250.0
T,Offset,-2,-8.0,1,49,250.0
T,Onset,14,56.0,1,49,250.0
T,Offset,0,0.0,1,49,250.0
T,Onset,9,36.0,1,49,250.0
T,Offset,-23,-92.0,1,49,250.0
T,Onset,16,64.0,1,49,250.0
T,Offset,-1,-4.0,1,49,250.0
P,Onset,3,12.0,1,5,250.0
P,Offset,-3,-12.0,1,5,250.0
P,Onset,2,8.0,1,5,250.0
P,Offset,-1,-4.0,1,5,250.0
P,Onset,0,0.0,1,5,250.0
P,Offset,-1,-4.0,1,5,250.0
P,Onset,1,4.0,1,5,250.0
P,Offset,0,0.0,1,5,250.0
P,Onset,-1,-4.0,1,5,250.0
P,Offset,3,12.0,1,5,250.0
P,Onset,3,12.0,1,5,250.0
P,Offset,0,0.0,1,5,250.0
T,Onset,1,4.0,1,5,250.0
T,Offset,0,0.0,1,5,250.0
T,Onset,-1,-4.0,1,5,250.0
T,Offset,3,12.0,1,5,250.0
T,Onset,0,0.0,1,5,250.0
T,Offset,3,12.0,1,5,250.0
T,Onset,0,0.0,1,5,250.0
T,Offset,3,12.0,1,5,250.0
T,Onset,0,0.0,1,5,250.0
T,Offset,3,12.0,1,5,250.0
T,Onset,0,0.0,1,5,250.0
T,Offset,4,16.0,1,5,250.0
P,Onset,1,4.0,1,50,250.0
P,Offset,-1,-4.0,1,50,250.0
P,Onset,0,0.0,1,50,250.0
P,Offset,0,0.0,1,50,250.0
P,Onset,2,8.0,1,50,250.0
P,Offset,-4,-16.0,1,50,250.0
P,Onset,0,0.0,1,50,250.0
P,Offset,2,8.0,1,50,250.0
P,Onset,-2,-8.0,1,50,250.0
P,Offset,0,0.0,1,50,250.0
P,Onset,-1,-4.0,1,50,250.0
P,Offset,-2,-8.0,1,50,250.0
P,Onset,8,32.0,1,50,250.0
P,Offset,-1,-4.0,1,50,250.0
P,Onset,-10,-40.0,1,50,250.0
P,Offset,-37,-148.0,1,50,250.0
T,Onset,-1,-4.0,1,50,250.0
T,Offset,0,0.0,1,50,250.0
T,Onset,2,8.0,1,50,250.0
T,Offset,0,0.0,1,50,250.0
T,Onset,0,0.0,1,50,250.0
T,Offset,-4,-16.0,1,50,250.0
T,Onset,0,0.0,1,50,250.0
T,Offset,5,20.0,1,50,250.0
T,Onset,2,8.0,1,50,250.0
T,Offset,5,20.0,1,50,250.0
T,Onset,8,32.0,1,50,250.0
T,Offset,1,4.0,1,50,250.0
T,Onset,8,32.0,1,50,250.0
T,Offset,2,8.0,1,50,250.0
T,Onset,11,44.0,1,50,250.0
T,Offset,0,0.0,1,50,250.0
T,Onset,0,0.0,1,51,250.0
T,Offset,0,0.0,1,51,250.0
T,Onset,1,4.0,1,51,250.0
T,Offset,-1,-4.0,1,51,250.0
T,Onset,0,0.0,1,51,250.0
T,Offset,-1,-4.0,1,51,250.0
T,Onset,-1,-4.0,1,51,250.0
T,Offset,-1,-4.0,1,51,250.0
T,Onset,4,16.0,1,51,250.0
T,Offset,0,0.0,1,51,250.0
T,Onset,-3,-12.0,1,51,250.0
T,Offset,-4,-16.0,1,51,250.0
T,Onset,18,72.0,1,52,250.0
T,Offset,-18,-72.0,1,52,250.0
T,Onset,1,4.0,1,52,250.0
T,Offset,0,0.0,1,52,250.0
T,Onset,0,0.0,1,52,250.0
T,Offset,-4,-16.0,1,52,250.0
T,Onset,25,100.0,1,52,250.0
T,Offset,-18,-72.0,1,52,250.0
T,Onset,27,108.0,1,52,250.0
T,Offset,-18,-72.0,1,52,250.0
T,Onset,0,0.0,1,52,250.0
T,Offset,16,64.0,1,52,250.0
T,Onset,-4,-16.0,1,52,250.0
T,Offset,-30,-120.0,1,52,250.0
T,Onset,43,172.0,1,52,250.0
T,Offset,-3,-12.0,1,52,250.0
P,Onset,2,8.0,1,53,250.0
P,Offset,-2,-8.0,1,53,250.0
P,Onset,1,4.0,1,53,250.0
P,Offset,-1,-4.0,1,53,250.0
P,Onset,4,16.0,1,53,250.0
P,Offset,-3,-12.0,1,53,250.0
P,Onset,1,4.0,1,53,250.0
P,Offset,-3,-12.0,1,53,250.0
P,Onset,0,0.0,1,53,250.0
P,Offset,-2,-8.0,1,53,250.0
P,Onset,5,20.0,1,53,250.0
P,Offset,-3,-12.0,1,53,250.0
P,Onset,2,8.0,1,53,250.0
P,Offset,-5,-20.0,1,53,250.0
P,Onset,-1,-4.0,1,53,250.0
P,Offset,-3,-12.0,1,53,250.0
T,Onset,2,8.0,1,53,250.0
T,Offset,-2,-8.0,1,53,250.0
T,Onset,-1,-4.0,1,53,250.0
T,Offset,0,0.0,1,53,250.0
T,Onset,1,4.0,1,53,250.0
T,Offset,0,0.0,1,53,250.0
T,Onset,0,0.0,1,53,250.0
T,Offset,-1,-4.0,1,53,250.0
T,Onset,-1,-4.0,1,53,250.0
T,Offset,-1,-4.0,1,53,250.0
T,Onset,-3,-12.0,1,53,250.0
T,Offset,0,0.0,1,53,250.0
T,Onset,3,12.0,1,53,250.0
T,Offset,1,4.0,1,53,250.0
T,Onset,-2,-8.0,1,53,250.0
T,Offset,-3,-12.0,1,53,250.0
P,Onset,1,4.0,1,55,250.0
P,Offset,-1,-4.0,1,55,250.0
P,Onset,1,4.0,1,55,250.0
P,Offset,-1,-4.0,1,55,250.0
P,Onset,3,12.0,1,55,250.0
P,Offset,-2,-8.0,1,55,250.0
P,Onset,2,8.0,1,55,250.0
P,Offset,-1,-4.0,1,55,250.0
P,Onset,4,16.0,1,55,250.0
P,Offset,-1,-4.0,1,55,250.0
P,Onset,2,8.0,1,55,250.0
P,Offset,1,4.0,1,55,250.0
P,Onset,4,16.0,1,55,250.0
P,Offset,-1,-4.0,1,55,250.0
T,Onset,1,4.0,1,55,250.0
T,Offset,-6,-24.0,1,55,250.0
T,Onset,-8,-32.0,1,55,250.0
T,Offset,1,4.0,1,55,250.0
T,Onset,-4,-16.0,1,55,250.0
T,Offset,-3,-12.0,1,55,250.0
T,Onset,-5,-20.0,1,55,250.0
T,Offset,-7,-28.0,1,55,250.0
T,Onset,-4,-16.0,1,55,250.0
T,Offset,-11,-44.0,1,55,250.0
T,Onset,21,84.0,1,55,250.0
T,Offset,-6,-24.0,1,55,250.0
T,Onset,-18,-72.0,1,55,250.0
T,Offset,0,0.0,1,55,250.0
P,Onset,-1,-4.0,1,56,250.0
P,Offset,0,0.0,1,56,250.0
P,Onset,0,0.0,1,56,250.0
P,Offset,-3,-12.0,1,56,250.0
P,Onset,0,0.0,1,56,250.0
P,Offset,-4,-16.0,1,56,250.0
P,Onset,0,0.0,1,56,250.0
P,Offset,-7,-28.0,1,56,250.0
P,Onset,-1,-4.0,1,56,250.0
P,Offset,-7,-28.0,1,56,250.0
P,Onset,4,16.0,1,56,250.0
P,Offset,-12,-48.0,1,56,250.0
P,Onset,-1,-4.0,1,56,250.0
P,Offset,-8,-32.0,1,56,250.0
P,Onset,3,12.0,1,56,250.0
P,Offset,-14,-56.0,1,56,250.0
P,Onset,-2,-8.0,1,56,250.0
P,Offset,-11,-44.0,1,56,250.0
T,Onset,-4,-16.0,1,56,250.0
T,Offset,4,16.0,1,56,250.0
T,Onset,-3,-12.0,1,56,250.0
T,Offset,1,4.0,1,56,250.0
T,Onset,-6,-24.0,1,56,250.0
T,Offset,3,12.0,1,56,250.0
T,Onset,-4,-16.0,1,56,250.0
T,Offset,1,4.0,1,56,250.0
T,Onset,4,16.0,1,56,250.0
T,Offset,0,0.0,1,56,250.0
T,Onset,3,12.0,1,56,250.0
T,Offset,1,4.0,1,56,250.0
T,Onset,10,40.0,1,56,250.0
T,Offset,-2,-8.0,1,56,250.0
T,Onset,-7,-28.0,1,56,250.0
T,Offset,-2,-8.0,1,56,250.0
T,Onset,5,20.0,1,56,250.0
T,Offset,5,20.0,1,56,250.0
T,Onset,15,60.0,1,56,250.0
T,Offset,-1,-4.0,1,56,250.0
P,Onset,1,4.0,1,57,250.0
P,Offset,-1,-4.0,1,57,250.0
P,Onset,1,4.0,1,57,250.0
P,Offset,-1,-4.0,1,57,250.0
P,Onset,2,8.0,1,57,250.0
P,Offset,-2,-8.0,1,57,250.0
P,Onset,1,4.0,1,57,250.0
P,Offset,-1,-4.0,1,57,250.0
P,Onset,1,4.0,1,57,250.0
P,Offset,-1,-4.0,1,57,250.0
P,Onset,1,4.0,1,57,250.0
P,Offset,-2,-8.0,1,57,250.0
P,Onset,2,8.0,1,57,250.0
P,Offset,-1,-4.0,1,57,250.0
P,Onset,1,4.0,1,57,250.0
P,Offset,0,0.0,1,57,250.0
P,Onset,2,8.0,1,57,250.0
P,Offset,0,0.0,1,57,250.0
P,Onset,1,4.0,1,57,250.0
P,Offset,1,4.0,1,57,250.0
P,Onset,4,16.0,1,57,250.0
P,Offset,1,4.0,1,57,250.0
P,Onset,5,20.0,1,57,250.0
P,Offset,1,4.0,1,57,250.0
T,Onset,12,48.0,1,57,250.0
T,Offset,-12,-48.0,1,57,250.0
T,Onset,6,24.0,1,57,250.0
T,Offset,-5,-20.0,1,57,250.0
T,Onset,11,44.0,1,57,250.0
T,Offset,-7,-28.0,1,57,250.0
T,Onset,8,32.0,1,57,250.0
T,Offset,-2,-8.0,1,57,250.0
T,Onset,3,12.0,1,57,250.0
T,Offset,-10,-40.0,1,57,250.0
T,Onset,17,68.0,1,57,250.0
T,Offset,-9,-36.0,1,57,250.0
T,Onset,16,64.0,1,57,250.0
T,Offset,-7,-28.0,1,57,250.0
T,Onset,12,48.0,1,57,250.0
T,Offset,-3,-12.0,1,57,250.0
T,Onset,15,60.0,1,57,250.0
T,Offset,-6,-24.0,1,57,250.0
T,Onset,11,44.0,1,57,250.0
T,Offset,-21,-84.0,1,57,250.0
T,Onset,18,72.0,1,57,250.0
T,Offset,-8,-32.0,1,57,250.0
T,Onset,13,52.0,1,57,250.0
T,Offset,4,16.0,1,57,250.0
P,Onset,1,4.0,1,58,250.0
P,Offset,-1,-4.0,1,58,250.0
P,Onset,-2,-8.0,1,58,250.0
P,Offset,1,4.0,1,58,250.0
P,Onset,2,8.0,1,58,250.0
P,Offset,-1,-4.0,1,58,250.0
P,Onset,1,4.0,1,58,250.0
P,Offset,0,0.0,1,58,250.0
P,Onset,1,4.0,1,58,250.0
P,Offset,-3,-12.0,1,58,250.0
P,Onset,1,4.0,1,58,250.0
P,Offset,-3,-12.0,1,58,250.0
P,Onset,1,4.0,1,58,250.0
P,Offset,-5,-20.0,1,58,250.0
P,Onset,1,4.0,1,58,250.0
P,Offset,-5,-20.0,1,58,250.0
P,Onset,1,4.0,1,58,250.0
P,Offset,-7,-28.0,1,58,250.0
T,Onset,2,8.0,1,58,250.0
T,Offset,-2,-8.0,1,58,250.0
T,Onset,-2,-8.0,1,58,250.0
T,Offset,2,8.0,1,58,250.0
T,Onset,-1,-4.0,1,58,250.0
T,Offset,4,16.0,1,58,250.0
T,Onset,-4,-16.0,1,58,250.0
T,Offset,1,4.0,1,58,250.0
T,Onset,-2,-8.0,1,58,250.0
T,Offset,-2,-8.0,1,58,250.0
T,Onset,-6,-24.0,1,58,250.0
T,Offset,1,4.0,1,58,250.0
T,Onset,-6,-24.0,1,58,250.0
T,Offset,1,4.0,1,58,250.0
T,Onset,1,4.0,1,58,250.0
T,Offset,6,24.0,1,58,250.0
T,Onset,-6,-24.0,1,58,250.0
T,Offset,-3,-12.0,1,58,250.0
P,Onset,-2,-8.0,1,59,250.0
P,Offset,1,4.0,1,59,250.0
P,Onset,3,12.0,1,59,250.0
P,Offset,-1,-4.0,1,59,250.0
P,Onset,1,4.0,1,59,250.0
P,Offset,1,4.0,1,59,250.0
P,Onset,10,40.0,1,59,250.0
P,Offset,-3,-12.0,1,59,250.0
P,Onset,3,12.0,1,59,250.0
P,Offset,-23,-92.0,1,59,250.0
T,Onset,-1,-4.0,1,59,250.0
T,Offset,2,8.0,1,59,250.0
T,Onset,-2,-8.0,1,59,250.0
T,Offset,1,4.0,1,59,250.0
T,Onset,-3,-12.0,1,59,250.0
T,Offset,0,0.0,1,59,250.0
T,Onset,5,20.0,1,59,250.0
T,Offset,3,12.0,1,59,250.0
T,Onset,31,124.0,1,59,250.0
T,Offset,-7,-28.0,1,59,250.0
P,Onset,-1,-4.0,1,6,250.0
P,Offset,1,4.0,1,6,250.0
P,Onset,0,0.0,1,6,250.0
P,Offset,-1,-4.0,1,6,250.0
P,Onset,-1,-4.0,1,6,250.0
P,Offset,0,0.0,1,6,250.0
P,Onset,2,8.0,1,6,250.0
P,Offset,-1,-4.0,1,6,250.0
P,Onset,0,0.0,1,6,250.0
P,Offset,-3,-12.0,1,6,250.0
P,Onset,-2,-8.0,1,6,250.0
P,Offset,-1,-4.0,1,6,250.0
T,Onset,9,36.0,1,6,250.0
T,Offset,-9,-36.0,1,6,250.0
T,Onset,1,4.0,1,6,250.0
T,Offset,0,0.0,1,6,250.0
T,Onset,-1,-4.0,1,6,250.0
T,Offset,-1,-4.0,1,6,250.0
T,Onset,0,0.0,1,6,250.0
T,Offset,2,8.0,1,6,250.0
T,Onset,-5,-20.0,1,6,250.0
T,Offset,1,4.0,1,6,250.0
T,Onset,4,16.0,1,6,250.0
T,Offset,-9,-36.0,1,6,250.0
P,Onset,-1,-4.0,1,60,250.0
P,Offset,-5,-20.0,1,60,250.0
P,Onset,8,32.0,1,60,250.0
P,Offset,-2,-8.0,1,60,250.0
P,Onset,22,88.0,1,60,250.0
P,Offset,-14,-56.0,1,60,250.0
P,Onset,4,16.0,1,60,250.0
P,Offset,-19,-76.0,1,60,250.0
P,Onset,-2,-8.0,1,60,250.0
P,Offset,-16,-64.0,1,60,250.0
T,Onset,-1,-4.0,1,60,250.0
T,Offset,1,4.0,1,60,250.0
T,Onset,-2,-8.0,1,60,250.0
T,Offset,1,4.0,1,60,250.0
T,Onset,-2,-8.0,1,60,250.0
T,Offset,3,12.0,1,60,250.0
T,Onset,-2,-8.0,1,60,250.0
T,Offset,-1,-4.0,1,60,250.0
T,Onset,-3,-12.0,1,60,250.0
T,Offset,0,0.0,1,60,250.0
T,Onset,-5,-20.0,1,60,250.0
T,Offset,2,8.0,1,60,250.0
T,Onset,-3,-12.0,1,60,250.0
T,Offset,-2,-8.0,1,60,250.0
P,Onset,2,8.0,1,61,250.0
P,Offset,-2,-8.0,1,61,250.0
P,Onset,2,8.0,1,61,250.0
P,Offset,-2,-8.0,1,61,250.0
P,Onset,1,4.0,1,61,250.0
P,Offset,-2,-8.0,1,61,250.0
P,Onset,7,28.0,1,61,250.0
P,Offset,-6,-24.0,1,61,250.0
P,Onset,3,12.0,1,61,250.0
P,Offset,-1,-4.0,1,61,250.0
P,Onset,3,12.0,1,61,250.0
P,Offset,-5,-20.0,1,61,250.0
P,Onset,1,4.0,1,61,250.0
P,Offset,-10,-40.0,1,61,250.0
P,Onset,12,48.0,1,61,250.0
P,Offset,0,0.0,1,61,250.0
T,Onset,5,20.0,1,61,250.0
T,Offset,-4,-16.0,1,61,250.0
T,Onset,5,20.0,1,61,250.0
T,Offset,-9,-36.0,1,61,250.0
T,Onset,10,40.0,1,61,250.0
T,Offset,-19,-76.0,1,61,250.0
T,Onset,3,12.0,1,61,250.0
T,Offset,-16,-64.0,1,61,250.0
T,Onset,5,20.0,1,61,250.0
T,Offset,-18,-72.0,1,61,250.0
T,Onset,5,20.0,1,61,250.0
T,Offset,-22,-88.0,1,61,250.0
T,Onset,4,16.0,1,61,250.0
T,Offset,-27,-108.0,1,61,250.0
T,Onset,2,8.0,1,61,250.0
T,Offset,-30,-120.0,1,61,250.0
P,Onset,0,0.0,1,62,250.0
P,Offset,0,0.0,1,62,250.0
P,Onset,-1,-4.0,1,62,250.0
P,Offset,0,0.0,1,62,250.0
P,Onset,1,4.0,1,62,250.0
P,Offset,0,0.0,1,62,250.0
P,Onset,-1,-4.0,1,62,250.0
P,Offset,-1,-4.0,1,62,250.0
P,Onset,1,4.0,1,62,250.0
P,Offset,1,4.0,1,62,250.0
P,Onset,-2,-8.0,1,62,250.0
P,Offset,0,0.0,1,62,250.0
P,Onset,-1,-4.0,1,62,250.0
P,Offset,-3,-12.0,1,62,250.0
P,Onset,-1,-4.0,1,62,250.0
P,Offset,-6,-24.0,1,62,250.0
T,Onset,0,0.0,1,62,250.0
T,Offset,0,0.0,1,62,250.0
T,Onset,1,4.0,1,62,250.0
T,Offset,-1,-4.0,1,62,250.0
T,Onset,2,8.0,1,62,250.0
T,Offset,-1,-4.0,1,62,250.0
T,Onset,4,16.0,1,62,250.0
T,Offset,-3,-12.0,1,62,250.0
T,Onset,0,0.0,1,62,250.0
T,Offset,-2,-8.0,1,62,250.0
T,Onset,-2,-8.0,1,62,250.0
T,Offset,-1,-4.0,1,62,250.0
T,Onset,7,28.0,1,62,250.0
T,Offset,-2,-8.0,1,62,250.0
T,Onset,2,8.0,1,62,250.0
T,Offset,4,16.0,1,62,250.0
P,Onset,2,8.0,1,63,250.0
P,Offset,-3,-12.0,1,63,250.0
P,Onset,1,4.0,1,63,250.0
P,Offset,-2,-8.0,1,63,250.0
P,Onset,3,12.0,1,63,250.0
P,Offset,-4,-16.0,1,63,250.0
P,Onset,2,8.0,1,63,250.0
P,Offset,-3,-12.0,1,63,250.0
P,Onset,1,4.0,1,63,250.0
P,Offset,0,0.0,1,63,250.0
P,Onset,2,8.0,1,63,250.0
P,Offset,-4,-16.0,1,63,250.0
P,Onset,2,8.0,1,63,250.0
P,Offset,-5,-20.0,1,63,250.0
P,Onset,1,4.0,1,63,250.0
P,Offset,-5,-20.0,1,63,250.0
P,Onset,1,4.0,1,63,250.0
P,Offset,-5,-20.0,1,63,250.0
T,Onset,4,16.0,1,63,250.0
T,Offset,-2,-8.0,1,63,250.0
T,Onset,5,20.0,1,63,250.0
T,Offset,-2,-8.0,1,63,250.0
T,Onset,6,24.0,1,63,250.0
T,Offset,-3,-12.0,1,63,250.0
T,Onset,7,28.0,1,63,250.0
T,Offset,-3,-12.0,1,63,250.0
T,Onset,8,32.0,1,63,250.0
T,Offset,-3,-12.0,1,63,250.0
T,Onset,8,32.0,1,63,250.0
T,Offset,-2,-8.0,1,63,250.0
T,Onset,10,40.0,1,63,250.0
T,Offset,-3,-12.0,1,63,250.0
T,Onset,10,40.0,1,63,250.0
T,Offset,-3,-12.0,1,63,250.0
T,Onset,10,40.0,1,63,250.0
T,Offset,-2,-8.0,1,63,250.0
P,Onset,1,4.0,1,64,250.0
P,Offset,-1,-4.0,1,64,250.0
P,Onset,1,4.0,1,64,250.0
P,Offset,-1,-4.0,1,64,250.0
P,Onset,1,4.0,1,64,250.0
P,Offset,-1,-4.0,1,64,250.0
P,Onset,1,4.0,1,64,250.0
P,Offset,-2,-8.0,1,64,250.0
P,Onset,1,4.0,1,64,250.0
P,Offset,1,4.0,1,64,250.0
P,Onset,0,0.0,1,64,250.0
P,Offset,-2,-8.0,1,64,250.0
P,Onset,1,4.0,1,64,250.0
P,Offset,-3,-12.0,1,64,250.0
P,Onset,2,8.0,1,64,250.0
P,Offset,0,0.0,1,64,250.0
T,Onset,3,12.0,1,64,250.0
T,Offset,-2,-8.0,1,64,250.0
T,Onset,4,16.0,1,64,250.0
T,Offset,-6,-24.0,1,64,250.0
T,Onset,-1,-4.0,1,64,250.0
T,Offset,-1,-4.0,1,64,250.0
T,Onset,0,0.0,1,64,250.0
T,Offset,2,8.0,1,64,250.0
T,Onset,2,8.0,1,64,250.0
T,Offset,-4,-16.0,1,64,250.0
T,Onset,4,16.0,1,64,250.0
T,Offset,0,0.0,1,64,250.0
T,Onset,7,28.0,1,64,250.0
T,Offset,-1,-4.0,1,64,250.0
T,Onset,7,28.0,1,64,250.0
T,Offset,1,4.0,1,64,250.0
P,Onset,1,4.0,1,65,250.0
P,Offset,0,0.0,1,65,250.0
P,Onset,1,4.0,1,65,250.0
P,Offset,-2,-8.0,1,65,250.0
P,Onset,0,0.0,1,65,250.0
P,Offset,3,12.0,1,65,250.0
P,Onset,2,8.0,1,65,250.0
P,Offset,1,4.0,1,65,250.0
P,Onset,13,52.0,1,65,250.0
P,Offset,-17,-68.0,1,65,250.0
P,Onset,5,20.0,1,65,250.0
P,Offset,0,0.0,1,65,250.0
P,Onset,10,40.0,1,65,250.0
P,Offset,-2,-8.0,1,65,250.0
P,Onset,9,36.0,1,65,250.0
P,Offset,1,4.0,1,65,250.0
P,Onset,13,52.0,1,65,250.0
P,Offset,-2,-8.0,1,65,250.0
P,Onset,16,64.0,1,65,250.0
P,Offset,-2,-8.0,1,65,250.0
P,Onset,20,80.0,1,65,250.0
P,Offset,-1,-4.0,1,65,250.0
T,Onset,2,8.0,1,65,250.0
T,Offset,-1,-4.0,1,65,250.0
T,Onset,0,0.0,1,65,250.0
T,Offset,1,4.0,1,65,250.0
T,Onset,0,0.0,1,65,250.0
T,Offset,1,4.0,1,65,250.0
T,Onset,3,12.0,1,65,250.0
T,Offset,0,0.0,1,65,250.0
T,Onset,3,12.0,1,65,250.0
T,Offset,0,0.0,1,65,250.0
T,Onset,4,16.0,1,65,250.0
T,Offset,1,4.0,1,65,250.0
T,Onset,6,24.0,1,65,250.0
T,Offset,-11,-44.0,1,65,250.0
T,Onset,8,32.0,1,65,250.0
T,Offset,-2,-8.0,1,65,250.0
T,Onset,7,28.0,1,65,250.0
T,Offset,1,4.0,1,65,250.0
T,Onset,8,32.0,1,65,250.0
T,Offset,1,4.0,1,65,250.0
T,Onset,14,56.0,1,65,250.0
T,Offset,-1,-4.0,1,65,250.0
P,Onset,1,4.0,1,66,250.0
P,Offset,0,0.0,1,66,250.0
P,Onset,2,8.0,1,66,250.0
P,Offset,0,0.0,1,66,250.0
P,Onset,-3,-12.0,1,66,250.0
P,Offset,1,4.0,1,66,250.0
P,Onset,-1,-4.0,1,66,250.0
P,Offset,-2,-8.0,1,66,250.0
P,Onset,2,8.0,1,66,250.0
P,Offset,1,4.0,1,66,250.0
T,Onset,4,16.0,1,66,250.0
T,Offset,-1,-4.0,1,66,250.0
T,Onset,5,20.0,1,66,250.0
T,Offset,0,0.0,1,66,250.0
T,Onset,3,12.0,1,66,250.0
T,Offset,2,8.0,1,66,250.0
T,Onset,6,24.0,1,66,250.0
T,Offset,4,16.0,1,66,250.0
T,Onset,15,60.0,1,66,250.0
T,Offset,-1,-4.0,1,66,250.0
P,Onset,1,4.0,1,67,250.0
P,Offset,-1,-4.0,1,67,250.0
P,Onset,1,4.0,1,67,250.0
P,Offset,-1,-4.0,1,67,250.0
P,Onset,1,4.0,1,67,250.0
P,Offset,-1,-4.0,1,67,250.0
P,Onset,0,0.0,1,67,250.0
P,Offset,0,0.0,1,67,250.0
P,Onset,1,4.0,1,67,250.0
P,Offset,0,0.0,1,67,250.0
P,Onset,-2,-8.0,1,67,250.0
P,Offset,0,0.0,1,67,250.0
T,Onset,5,20.0,1,67,250.0
T,Offset,-1,-4.0,1,67,250.0
T,Onset,8,32.0,1,67,250.0
T,Offset,-3,-12.0,1,67,250.0
T,Onset,3,12.0,1,67,250.0
T,Offset,-8,-32.0,1,67,250.0
T,Onset,8,32.0,1,67,250.0
T,Offset,0,0.0,1,67,250.0
T,Onset,9,36.0,1,67,250.0
T,Offset,0,0.0,1,67,250.0
T,Onset,10,40.0,1,67,250.0
T,Offset,-1,-4.0,1,67,250.0
P,Onset,2,8.0,1,68,250.0
P,Offset,-2,-8.0,1,68,250.0
P,Onset,2,8.0,1,68,250.0
P,Offset,-1,-4.0,1,68,250.0
P,Onset,1,4.0,1,68,250.0
P,Offset,-2,-8.0,1,68,250.0
P,Onset,2,8.0,1,68,250.0
P,Offset,-3,-12.0,1,68,250.0
P,Onset,1,4.0,1,68,250.0
P,Offset,-3,-12.0,1,68,250.0
P,Onset,1,4.0,1,68,250.0
P,Offset,-4,-16.0,1,68,250.0
P,Onset,1,4.0,1,68,250.0
P,Offset,-4,-16.0,1,68,250.0
P,Onset,-1,-4.0,1,68,250.0
P,Offset,-2,-8.0,1,68,250.0
T,Onset,3,12.0,1,68,250.0
T,Offset,-4,-16.0,1,68,250.0
T,Onset,1,4.0,1,68,250.0
T,Offset,-3,-12.0,1,68,250.0
T,Onset,0,0.0,1,68,250.0
T,Offset,-3,-12.0,1,68,250.0
T,Onset,2,8.0,1,68,250.0
T,Offset,-5,-20.0,1,68,250.0
T,Onset,0,0.0,1,68,250.0
T,Offset,-3,-12.0,1,68,250.0
T,Onset,1,4.0,1,68,250.0
T,Offset,-5,-20.0,1,68,250.0
T,Onset,0,0.0,1,68,250.0
T,Offset,-4,-16.0,1,68,250.0
T,Onset,2,8.0,1,68,250.0
T,Offset,-8,-32.0,1,68,250.0
P,Onset,1,4.0,1,69,250.0
P,Offset,-1,-4.0,1,69,250.0
P,Onset,2,8.0,1,69,250.0
P,Offset,-2,-8.0,1,69,250.0
P,Onset,3,12.0,1,69,250.0
P,Offset,-3,-12.0,1,69,250.0
P,Onset,0,0.0,1,69,250.0
P,Offset,0,0.0,1,69,250.0
P,Onset,1,4.0,1,69,250.0
P,Offset,-1,-4.0,1,69,250.0
P,Onset,1,4.0,1,69,250.0
P,Offset,0,0.0,1,69,250.0
P,Onset,2,8.0,1,69,250.0
P,Offset,-1,-4.0,1,69,250.0
P,Onset,4,16.0,1,69,250.0
P,Offset,-2,-8.0,1,69,250.0
P,Onset,4,16.0,1,69,250.0
P,Offset,-2,-8.0,1,69,250.0
P,Onset,4,16.0,1,69,250.0
P,Offset,-2,-8.0,1,69,250.0
T,Onset,4,16.0,1,69,250.0
T,Offset,-4,-16.0,1,69,250.0
T,Onset,1,4.0,1,69,250.0
T,Offset,0,0.0,1,69,250.0
T,Onset,5,20.0,1,69,250.0
T,Offset,-4,-16.0,1,69,250.0
T,Onset,3,12.0,1,69,250.0
T,Offset,-2,-8.0,1,69,250.0
T,Onset,2,8.0,1,69,250.0
T,Offset,-1,-4.0,1,69,250.0
T,Onset,2,8.0,1,69,250.0
T,Offset,-3,-12.0,1,69,250.0
T,Onset,3,12.0,1,69,250.0
T,Offset,-1,-4.0,1,69,250.0
T,Onset,5,20.0,1,69,250.0
T,Offset,-2,-8.0,1,69,250.0
T,Onset,5,20.0,1,69,250.0
T,Offset,-2,-8.0,1,69,250.0
T,Onset,-2,-8.0,1,69,250.0
T,Offset,-4,-16.0,1,69,250.0
P,Onset,2,8.0,1,7,250.0
P,Offset,-3,-12.0,1,7,250.0
P,Onset,0,0.0,1,7,250.0
P,Offset,-4,-16.0,1,7,250.0
P,Onset,0,0.0,1,7,250.0
P,Offset,-5,-20.0,1,7,250.0
P,Onset,0,0.0,1,7,250.0
P,Offset,-5,-20.0,1,7,250.0
P,Onset,-1,-4.0,1,7,250.0
P,Offset,-7,-28.0,1,7,250.0
P,Onset,13,52.0,1,7,250.0
P,Offset,-4,-16.0,1,7,250.0
T,Onset,2,8.0,1,7,250.0
T,Offset,-1,-4.0,1,7,250.0
T,Onset,-2,-8.0,1,7,250.0
T,Offset,3,12.0,1,7,250.0
T,Onset,1,4.0,1,7,250.0
T,Offset,2,8.0,1,7,250.0
T,Onset,1,4.0,1,7,250.0
T,Offset,2,8.0,1,7,250.0
T,Onset,0,0.0,1,7,250.0
T,Offset,4,16.0,1,7,250.0
T,Onset,6,24.0,1,7,250.0
T,Offset,3,12.0,1,7,250.0
T,Onset,12,48.0,1,7,250.0
T,Offset,0,0.0,1,7,250.0
P,Onset,1,4.0,1,70,250.0
P,Offset,-1,-4.0,1,70,250.0
P,Onset,0,0.0,1,70,250.0
P,Offset,-2,-8.0,1,70,250.0
P,Onset,0,0.0,1,70,250.0
P,Offset,-2,-8.0,1,70,250.0
P,Onset,0,0.0,1,70,250.0
P,Offset,-2,-8.0,1,70,250.0
P,Onset,-1,-4.0,1,70,250.0
P,Offset,-2,-8.0,1,70,250.0
P,Onset,0,0.0,1,70,250.0
P,Offset,-3,-12.0,1,70,250.0
P,Onset,-1,-4.0,1,70,250.0
P,Offset,-3,-12.0,1,70,250.0
P,Onset,8,32.0,1,70,250.0
P,Offset,-3,-12.0,1,70,250.0
P,Onset,8,32.0,1,70,250.0
P,Offset,-3,-12.0,1,70,250.0
P,Onset,8,32.0,1,70,250.0
P,Offset,-3,-12.0,1,70,250.0
P,Onset,6,24.0,1,70,250.0
P,Offset,0,0.0,1,70,250.0
P,Onset,9,36.0,1,70,250.0
P,Offset,-2,-8.0,1,70,250.0
T,Onset,1,4.0,1,70,250.0
T,Offset,-1,-4.0,1,70,250.0
T,Onset,0,0.0,1,70,250.0
T,Offset,0,0.0,1,70,250.0
T,Onset,1,4.0,1,70,250.0
T,Offset,0,0.0,1,70,250.0
T,Onset,1,4.0,1,70,250.0
T,Offset,1,4.0,1,70,250.0
T,Onset,2,8.0,1,70,250.0
T,Offset,0,0.0,1,70,250.0
T,Onset,2,8.0,1,70,250.0
T,Offset,1,4.0,1,70,250.0
T,Onset,-3,-12.0,1,70,250.0
T,Offset,0,0.0,1,70,250.0
T,Onset,2,8.0,1,70,250.0
T,Offset,1,4.0,1,70,250.0
T,Onset,2,8.0,1,70,250.0
T,Offset,2,8.0,1,70,250.0
T,Onset,2,8.0,1,70,250.0
T,Offset,2,8.0,1,70,250.0
T,Onset,7,28.0,1,70,250.0
T,Offset,-2,-8.0,1,70,250.0
T,Onset,0,0.0,1,70,250.0
T,Offset,-17,-68.0,1,70,250.0
P,Onset,0,0.0,1,71,250.0
P,Offset,0,0.0,1,71,250.0
P,Onset,-1,-4.0,1,71,250.0
P,Offset,1,4.0,1,71,250.0
P,Onset,-1,-4.0,1,71,250.0
P,Offset,1,4.0,1,71,250.0
P,Onset,-1,-4.0,1,71,250.0
P,Offset,0,0.0,1,71,250.0
P,Onset,0,0.0,1,71,250.0
P,Offset,-1,-4.0,1,71,250.0
P,Onset,0,0.0,1,71,250.0
P,Offset,-1,-4.0,1,71,250.0
P,Onset,-1,-4.0,1,71,250.0
P,Offset,-1,-4.0,1,71,250.0
T,Onset,-2,-8.0,1,71,250.0
T,Offset,2,8.0,1,71,250.0
T,Onset,-2,-8.0,1,71,250.0
T,Offset,0,0.0,1,71,250.0
T,Onset,0,0.0,1,71,250.0
T,Offset,-2,-8.0,1,71,250.0
T,Onset,0,0.0,1,71,250.0
T,Offset,6,24.0,1,71,250.0
T,Onset,-4,-16.0,1,71,250.0
T,Offset,-5,-20.0,1,71,250.0
T,Onset,20,80.0,1,71,250.0
T,Offset,-8,-32.0,1,71,250.0
T,Onset,-20,-80.0,1,71,250.0
T,Offset,-1,-4.0,1,71,250.0
P,Onset,0,0.0,1,72,250.0
P,Offset,1,4.0,1,72,250.0
P,Onset,3,12.0,1,72,250.0
P,Offset,-2,-8.0,1,72,250.0
P,Onset,-1,-4.0,1,72,250.0
P,Offset,-1,-4.0,1,72,250.0
P,Onset,-2,-8.0,1,72,250.0
P,Offset,-3,-12.0,1,72,250.0
P,Onset,4,16.0,1,72,250.0
P,Offset,2,8.0,1,72,250.0
P,Onset,10,40.0,1,72,250.0
P,Offset,0,0.0,1,72,250.0
P,Onset,18,72.0,1,72,250.0
P,Offset,-2,-8.0,1,72,250.0
T,Onset,3,12.0,1,72,250.0
T,Offset,-2,-8.0,1,72,250.0
T,Onset,5,20.0,1,72,250.0
T,Offset,-1,-4.0,1,72,250.0
T,Onset,4,16.0,1,72,250.0
T,Offset,0,0.0,1,72,250.0
T,Onset,5,20.0,1,72,250.0
T,Offset,0,0.0,1,72,250.0
T,Onset,4,16.0,1,72,250.0
T,Offset,1,4.0,1,72,250.0
T,Onset,3,12.0,1,72,250.0
T,Offset,2,8.0,1,72,250.0
T,Onset,7,28.0,1,72,250.0
T,Offset,2,8.0,1,72,250.0
P,Onset,1,4.0,1,73,250.0
P,Offset,-1,-4.0,1,73,250.0
P,Onset,2,8.0,1,73,250.0
P,Offset,-2,-8.0,1,73,250.0
P,Onset,1,4.0,1,73,250.0
P,Offset,-2,-8.0,1,73,250.0
P,Onset,0,0.0,1,73,250.0
P,Offset,-1,-4.0,1,73,250.0
P,Onset,-1,-4.0,1,73,250.0
P,Offset,-1,-4.0,1,73,250.0
P,Onset,1,4.0,1,73,250.0
P,Offset,-4,-16.0,1,73,250.0
P,Onset,-1,-4.0,1,73,250.0
P,Offset,-2,-8.0,1,73,250.0
T,Onset,0,0.0,1,73,250.0
T,Offset,0,0.0,1,73,250.0
T,Onset,-2,-8.0,1,73,250.0
T,Offset,0,0.0,1,73,250.0
T,Onset,1,4.0,1,73,250.0
T,Offset,1,4.0,1,73,250.0
T,Onset,-3,-12.0,1,73,250.0
T,Offset,0,0.0,1,73,250.0
T,Onset,5,20.0,1,73,250.0
T,Offset,0,0.0,1,73,250.0
T,Onset,4,16.0,1,73,250.0
T,Offset,1,4.0,1,73,250.0
T,Onset,-3,-12.0,1,73,250.0
T,Offset,-3,-12.0,1,73,250.0
P,Onset,0,0.0,1,76,250.0
P,Offset,1,4.0,1,76,250.0
P,Onset,0,0.0,1,76,250.0
P,Offset,-1,-4.0,1,76,250.0
P,Onset,-1,-4.0,1,76,250.0
P,Offset,-1,-4.0,1,76,250.0
P,Onset,0,0.0,1,76,250.0
P,Offset,-2,-8.0,1,76,250.0
P,Onset,-1,-4.0,1,76,250.0
P,Offset,-2,-8.0,1,76,250.0
P,Onset,1,4.0,1,76,250.0
P,Offset,-4,-16.0,1,76,250.0
P,Onset,-1,-4.0,1,76,250.0
P,Offset,-3,-12.0,1,76,250.0
P,Onset,18,72.0,1,76,250.0
P,Offset,-10,-40.0,1,76,250.0
P,Onset,1,4.0,1,76,250.0
P,Offset,-12,-48.0,1,76,250.0
P,Onset,15,60.0,1,76,250.0
P,Offset,-3,-12.0,1,76,250.0
T,Onset,0,0.0,1,76,250.0
T,Offset,1,4.0,1,76,250.0
T,Onset,1,4.0,1,76,250.0
T,Offset,0,0.0,1,76,250.0
T,Onset,2,8.0,1,76,250.0
T,Offset,-3,-12.0,1,76,250.0
T,Onset,-1,-4.0,1,76,250.0
T,Offset,0,0.0,1,76,250.0
T,Onset,-1,-4.0,1,76,250.0
T,Offset,0,0.0,1,76,250.0
T,Onset,3,12.0,1,76,250.0
T,Offset,-5,-20.0,1,76,250.0
T,Onset,1,4.0,1,76,250.0
T,Offset,1,4.0,1,76,250.0
T,Onset,3,12.0,1,76,250.0
T,Offset,0,0.0,1,76,250.0
T,Onset,0,0.0,1,76,250.0
T,Offset,3,12.0,1,76,250.0
T,Onset,-2,-8.0,1,76,250.0
T,Offset,-2,-8.0,1,76,250.0
P,Onset,1,4.0,1,77,250.0
P,Offset,-2,-8.0,1,77,250.0
P,Onset,0,0.0,1,77,250.0
P,Offset,1,4.0,1,77,250.0
P,Onset,-1,-4.0,1,77,250.0
P,Offset,0,0.0,1,77,250.0
P,Onset,0,0.0,1,77,250.0
P,Offset,-2,-8.0,1,77,250.0
P,Onset,4,16.0,1,77,250.0
P,Offset,0,0.0,1,77,250.0
P,Onset,6,24.0,1,77,250.0
P,Offset,1,4.0,1,77,250.0
P,Onset,14,56.0,1,77,250.0
P,Offset,-4,-16.0,1,77,250.0
P,Onset,11,44.0,1,77,250.0
P,Offset,-23,-92.0,1,77,250.0
P,Onset,16,64.0,1,77,250.0
P,Offset,-2,-8.0,1,77,250.0
T,Onset,-2,-8.0,1,77,250.0
T,Offset,2,8.0,1,77,250.0
T,Onset,-1,-4.0,1,77,250.0
T,Offset,0,0.0,1,77,250.0
T,Onset,1,4.0,1,77,250.0
T,Offset,-2,-8.0,1,77,250.0
T,Onset,-1,-4.0,1,77,250.0
T,Offset,-1,-4.0,1,77,250.0
T,Onset,-3,-12.0,1,77,250.0
T,Offset,0,0.0,1,77,250.0
T,Onset,3,12.0,1,77,250.0
T,Offset,0,0.0,1,77,250.0
T,Onset,-3,-12.0,1,77,250.0
T,Offset,-2,-8.0,1,77,250.0
T,Onset,7,28.0,1,77,250.0
T,Offset,-1,-4.0,1,77,250.0
T,Onset,10,40.0,1,77,250.0
T,Offset,-1,-4.0,1,77,250.0
P,Onset,8,32.0,1,78,250.0
P,Offset,-19,-76.0,1,78,250.0
P,Onset,14,56.0,1,78,250.0
P,Offset,1,4.0,1,78,250.0
P,Onset,17,68.0,1,78,250.0
P,Offset,0,0.0,1,78,250.0
P,Onset,16,64.0,1,78,250.0
P,Offset,2,8.0,1,78,250.0
P,Onset,19,76.0,1,78,250.0
P,Offset,0,0.0,1,78,250.0
P,Onset,26,104.0,1,78,250.0
P,Offset,0,0.0,1,78,250.0
P,Onset,32,128.0,1,78,250.0
P,Offset,1,4.0,1,78,250.0
T,Onset,2,8.0,1,78,250.0
T,Offset,-1,-4.0,1,78,250.0
T,Onset,1,4.0,1,78,250.0
T,Offset,1,4.0,1,78,250.0
T,Onset,-1,-4.0,1,78,250.0
T,Offset,-1,-4.0,1,78,250.0
T,Onset,6,24.0,1,78,250.0
T,Offset,0,0.0,1,78,250.0
T,Onset,10,40.0,1,78,250.0
T,Offset,-1,-4.0,1,78,250.0
T,Onset,7,28.0,1,78,250.0
T,Offset,2,8.0,1,78,250.0
T,Onset,14,56.0,1,78,250.0
T,Offset,1,4.0,1,78,250.0
P,Onset,3,12.0,1,79,250.0
P,Offset,-2,-8.0,1,79,250.0
P,Onset,0,0.0,1,79,250.0
P,Offset,1,4.0,1,79,250.0
P,Onset,1,4.0,1,79,250.0
P,Offset,-3,-12.0,1,79,250.0
P,Onset,-1,-4.0,1,79,250.0
P,Offset,6,24.0,1,79,250.0
P,Onset,0,0.0,1,79,250.0
P,Offset,-7,-28.0,1,79,250.0
P,Onset,20,80.0,1,79,250.0
P,Offset,-9,-36.0,1,79,250.0
P,Onset,-2,-8.0,1,79,250.0
P,Offset,-14,-56.0,1,79,250.0
T,Onset,-3,-12.0,1,79,250.0
T,Offset,3,12.0,1,79,250.0
T,Onset,0,0.0,1,79,250.0
T,Offset,1,4.0,1,79,250.0
T,Onset,-3,-12.0,1,79,250.0
T,Offset,1,4.0,1,79,250.0
T,Onset,-3,-12.0,1,79,250.0
T,Offset,10,40.0,1,79,250.0
T,Onset,-11,-44.0,1,79,250.0
T,Offset,-1,-4.0,1,79,250.0
T,Onset,-17,-68.0,1,79,250.0
T,Offset,-9,-36.0,1,79,250.0
T,Onset,-22,-88.0,1,79,250.0
T,Offset,-12,-48.0,1,79,250.0
T,Onset,-1,-4.0,1,8,250.0
T,Offset,1,4.0,1,8,250.0
T,Onset,1,4.0,1,8,250.0
T,Offset,-2,-8.0,1,8,250.0
T,Onset,-3,-12.0,1,8,250.0
T,Offset,2,8.0,1,8,250.0
T,Onset,-1,-4.0,1,8,250.0
T,Offset,2,8.0,1,8,250.0
T,Onset,1,4.0,1,8,250.0
T,Offset,-3,-12.0,1,8,250.0
T,Onset,0,0.0,1,8,250.0
T,Offset,-3,-12.0,1,8,250.0
T,Onset,3,12.0,1,8,250.0
T,Offset,0,0.0,1,8,250.0
T,Onset,6,24.0,1,8,250.0
T,Offset,-2,-8.0,1,8,250.0
T,Onset,11,44.0,1,8,250.0
T,Offset,0,0.0,1,8,250.0
P,Onset,2,8.0,1,80,250.0
P,Offset,-2,-8.0,1,80,250.0
P,Onset,1,4.0,1,80,250.0
P,Offset,-1,-4.0,1,80,250.0
P,Onset,3,12.0,1,80,250.0
P,Offset,-2,-8.0,1,80,250.0
P,Onset,2,8.0,1,80,250.0
P,Offset,0,0.0,1,80,250.0
P,Onset,1,4.0,1,80,250.0
P,Offset,-3,-12.0,1,80,250.0
P,Onset,0,0.0,1,80,250.0
P,Offset,-2,-8.0,1,80,250.0
P,Onset,0,0.0,1,80,250.0
P,Offset,-2,-8.0,1,80,250.0
P,Onset,1,4.0,1,80,250.0
P,Offset,2,8.0,1,80,250.0
P,Onset,0,0.0,1,80,250.0
P,Offset,-3,-12.0,1,80,250.0
P,Onset,10,40.0,1,80,250.0
P,Offset,-3,-12.0,1,80,250.0
T,Onset,2,8.0,1,80,250.0
T,Offset,-2,-8.0,1,80,250.0
T,Onset,2,8.0,1,80,250.0
T,Offset,-3,-12.0,1,80,250.0
T,Onset,0,0.0,1,80,250.0
T,Offset,-3,-12.0,1,80,250.0
T,Onset,-1,-4.0,1,80,250.0
T,Offset,-2,-8.0,1,80,250.0
T,Onset,4,16.0,1,80,250.0
T,Offset,1,4.0,1,80,250.0
T,Onset,2,8.0,1,80,250.0
T,Offset,-7,-28.0,1,80,250.0
T,Onset,9,36.0,1,80,250.0
T,Offset,-4,-16.0,1,80,250.0
T,Onset,9,36.0,1,80,250.0
T,Offset,-3,-12.0,1,80,250.0
T,Onset,13,52.0,1,80,250.0
T,Offset,-3,-12.0,1,80,250.0
T,Onset,15,60.0,1,80,250.0
T,Offset,-4,-16.0,1,80,250.0
P,Onset,1,4.0,1,81,250.0
P,Offset,-1,-4.0,1,81,250.0
P,Onset,3,12.0,1,81,250.0
P,Offset,-4,-16.0,1,81,250.0
P,Onset,1,4.0,1,81,250.0
P,Offset,-2,-8.0,1,81,250.0
P,Onset,1,4.0,1,81,250.0
P,Offset,0,0.0,1,81,250.0
P,Onset,1,4.0,1,81,250.0
P,Offset,-2,-8.0,1,81,250.0
P,Onset,1,4.0,1,81,250.0
P,Offset,-2,-8.0,1,81,250.0
P,Onset,1,4.0,1,81,250.0
P,Offset,-2,-8.0,1,81,250.0
P,Onset,2,8.0,1,81,250.0
P,Offset,-4,-16.0,1,81,250.0
P,Onset,2,8.0,1,81,250.0
P,Offset,-4,-16.0,1,81,250.0
P,Onset,1,4.0,1,81,250.0
P,Offset,-3,-12.0,1,81,250.0
T,Onset,3,12.0,1,81,250.0
T,Offset,-5,-20.0,1,81,250.0
T,Onset,27,108.0,1,81,250.0
T,Offset,-13,-52.0,1,81,250.0
T,Onset,28,112.0,1,81,250.0
T,Offset,-13,-52.0,1,81,250.0
T,Onset,-2,-8.0,1,81,250.0
T,Offset,-18,-72.0,1,81,250.0
T,Onset,0,0.0,1,81,250.0
T,Offset,-20,-80.0,1,81,250.0
T,Onset,2,8.0,1,81,250.0
T,Offset,-22,-88.0,1,81,250.0
T,Onset,-2,-8.0,1,81,250.0
T,Offset,-19,-76.0,1,81,250.0
T,Onset,-1,-4.0,1,81,250.0
T,Offset,-21,-84.0,1,81,250.0
T,Onset,-6,-24.0,1,81,250.0
T,Offset,-17,-68.0,1,81,250.0
T,Onset,-5,-20.0,1,81,250.0
T,Offset,-22,-88.0,1,81,250.0
P,Onset,1,4.0,1,82,250.0
P,Offset,-1,-4.0,1,82,250.0
P,Onset,2,8.0,1,82,250.0
P,Offset,-1,-4.0,1,82,250.0
P,Onset,2,8.0,1,82,250.0
P,Offset,-4,-16.0,1,82,250.0
P,Onset,0,0.0,1,82,250.0
P,Offset,-2,-8.0,1,82,250.0
P,Onset,0,0.0,1,82,250.0
P,Offset,-3,-12.0,1,82,250.0
P,Onset,3,12.0,1,82,250.0
P,Offset,-6,-24.0,1,82,250.0
T,Onset,4,16.0,1,82,250.0
T,Offset,-1,-4.0,1,82,250.0
T,Onset,6,24.0,1,82,250.0
T,Offset,0,0.0,1,82,250.0
T,Onset,6,24.0,1,82,250.0
T,Offset,0,0.0,1,82,250.0
T,Onset,9,36.0,1,82,250.0
T,Offset,0,0.0,1,82,250.0
T,Onset,10,40.0,1,82,250.0
T,Offset,-1,-4.0,1,82,250.0
T,Onset,17,68.0,1,82,250.0
T,Offset,-1,-4.0,1,82,250.0
T,Onset,-4,-16.0,1,83,250.0
T,Offset,-1,-4.0,1,83,250.0
T,Onset,0,0.0,1,83,250.0
T,Offset,6,24.0,1,83,250.0
T,Onset,-1,-4.0,1,83,250.0
T,Offset,-11,-44.0,1,83,250.0
T,Onset,8,32.0,1,83,250.0
T,Offset,-33,-132.0,1,83,250.0
P,Onset,2,8.0,1,84,250.0
P,Offset,-3,-12.0,1,84,250.0
P,Onset,8,32.0,1,84,250.0
P,Offset,-3,-12.0,1,84,250.0
P,Onset,-2,-8.0,1,84,250.0
P,Offset,-3,-12.0,1,84,250.0
P,Onset,8,32.0,1,84,250.0
P,Offset,-2,-8.0,1,84,250.0
P,Onset,0,0.0,1,84,250.0
P,Offset,-8,-32.0,1,84,250.0
P,Onset,15,60.0,1,84,250.0
P,Offset,-3,-12.0,1,84,250.0
P,Onset,14,56.0,1,84,250.0
P,Offset,-2,-8.0,1,84,250.0
T,Onset,3,12.0,1,84,250.0
T,Offset,0,0.0,1,84,250.0
T,Onset,7,28.0,1,84,250.0
T,Offset,4,16.0,1,84,250.0
T,Onset,2,8.0,1,84,250.0
T,Offset,20,80.0,1,84,250.0
T,Onset,2,8.0,1,84,250.0
T,Offset,28,112.0,1,84,250.0
T,Onset,13,52.0,1,84,250.0
T,Offset,20,80.0,1,84,250.0
T,Onset,15,60.0,1,84,250.0
T,Offset,21,84.0,1,84,250.0
T,Onset,7,28.0,1,84,250.0
T,Offset,39,156.0,1,84,250.0
P,Onset,1,4.0,1,86,250.0
P,Offset,-1,-4.0,1,86,250.0
P,Onset,1,4.0,1,86,250.0
P,Offset,0,0.0,1,86,250.0
P,Onset,1,4.0,1,86,250.0
P,Offset,0,0.0,1,86,250.0
P,Onset,1,4.0,1,86,250.0
P,Offset,0,0.0,1,86,250.0
P,Onset,1,4.0,1,86,250.0
P,Offset,1,4.0,1,86,250.0
P,Onset,1,4.0,1,86,250.0
P,Offset,1,4.0,1,86,250.0
P,Onset,2,8.0,1,86,250.0
P,Offset,0,0.0,1,86,250.0
P,Onset,1,4.0,1,86,250.0
P,Offset,1,4.0,1,86,250.0
P,Onset,1,4.0,1,86,250.0
P,Offset,1,4.0,1,86,250.0
P,Onset,1,4.0,1,86,250.0
P,Offset,1,4.0,1,86,250.0
P,Onset,0,0.0,1,86,250.0
P,Offset,3,12.0,1,86,250.0
T,Onset,-2,-8.0,1,86,250.0
T,Offset,2,8.0,1,86,250.0
T,Onset,0,0.0,1,86,250.0
T,Offset,1,4.0,1,86,250.0
T,Onset,-1,-4.0,1,86,250.0
T,Offset,0,0.0,1,86,250.0
T,Onset,-1,-4.0,1,86,250.0
T,Offset,2,8.0,1,86,250.0
T,Onset,-3,-12.0,1,86,250.0
T,Offset,4,16.0,1,86,250.0
T,Onset,-4,-16.0,1,86,250.0
T,Offset,2,8.0,1,86,250.0
T,Onset,0,0.0,1,86,250.0
T,Offset,2,8.0,1,86,250.0
T,Onset,-3,-12.0,1,86,250.0
T,Offset,0,0.0,1,86,250.0
T,Onset,-4,-16.0,1,86,250.0
T,Offset,1,4.0,1,86,250.0
T,Onset,-5,-20.0,1,86,250.0
T,Offset,2,8.0,1,86,250.0
T,Onset,-16,-64.0,1,86,250.0
T,Offset,0,0.0,1,86,250.0
P,Onset,1,4.0,1,87,250.0
P,Offset,-1,-4.0,1,87,250.0
P,Onset,1,4.0,1,87,250.0
P,Offset,-2,-8.0,1,87,250.0
P,Onset,1,4.0,1,87,250.0
P,Offset,-2,-8.0,1,87,250.0
P,Onset,1,4.0,1,87,250.0
P,Offset,-2,-8.0,1,87,250.0
P,Onset,2,8.0,1,87,250.0
P,Offset,-1,-4.0,1,87,250.0
P,Onset,1,4.0,1,87,250.0
P,Offset,-3,-12.0,1,87,250.0
P,Onset,0,0.0,1,87,250.0
P,Offset,-2,-8.0,1,87,250.0
P,Onset,1,4.0,1,87,250.0
P,Offset,-4,-16.0,1,87,250.0
P,Onset,0,0.0,1,87,250.0
P,Offset,-3,-12.0,1,87,250.0
P,Onset,0,0.0,1,87,250.0
P,Offset,-4,-16.0,1,87,250.0
P,Onset,6,24.0,1,87,250.0
P,Offset,1,4.0,1,87,250.0
T,Onset,0,0.0,1,87,250.0
T,Offset,-1,-4.0,1,87,250.0
T,Onset,4,16.0,1,87,250.0
T,Offset,-6,-24.0,1,87,250.0
T,Onset,3,12.0,1,87,250.0
T,Offset,-5,-20.0,1,87,250.0
T,Onset,8,32.0,1,87,250.0
T,Offset,-6,-24.0,1,87,250.0
T,Onset,7,28.0,1,87,250.0
T,Offset,-5,-20.0,1,87,250.0
T,Onset,0,0.0,1,87,250.0
T,Offset,-4,-16.0,1,87,250.0
T,Onset,11,44.0,1,87,250.0
T,Offset,-6,-24.0,1,87,250.0
T,Onset,5,20.0,1,87,250.0
T,Offset,-19,-76.0,1,87,250.0
T,Onset,26,104.0,1,87,250.0
T,Offset,-10,-40.0,1,87,250.0
T,Onset,24,96.0,1,87,250.0
T,Offset,-7,-28.0,1,87,250.0
T,Onset,33,132.0,1,87,250.0
T,Offset,-9,-36.0,1,87,250.0
T,Onset,-1,-4.0,1,88,250.0
T,Offset,0,0.0,1,88,250.0
T,Onset,1,4.0,1,88,250.0
T,Offset,1,4.0,1,88,250.0
T,Onset,3,12.0,1,88,250.0
T,Offset,0,0.0,1,88,250.0
T,Onset,22,88.0,1,88,250.0
T,Offset,-15,-60.0,1,88,250.0
T,Onset,34,136.0,1,88,250.0
T,Offset,-6,-24.0,1,88,250.0
P,Onset,2,8.0,1,89,250.0
P,Offset,-2,-8.0,1,89,250.0
P,Onset,1,4.0,1,89,250.0
P,Offset,-1,-4.0,1,89,250.0
P,Onset,1,4.0,1,89,250.0
P,Offset,0,0.0,1,89,250.0
P,Onset,1,4.0,1,89,250.0
P,Offset,0,0.0,1,89,250.0
P,Onset,2,8.0,1,89,250.0
P,Offset,-1,-4.0,1,89,250.0
P,Onset,1,4.0,1,89,250.0
P,Offset,-2,-8.0,1,89,250.0
P,Onset,0,0.0,1,89,250.0
P,Offset,-2,-8.0,1,89,250.0
P,Onset,3,12.0,1,89,250.0
P,Offset,-22,-88.0,1,89,250.0
T,Onset,-1,-4.0,1,89,250.0
T,Offset,1,4.0,1,89,250.0
T,Onset,0,0.0,1,89,250.0
T,Offset,1,4.0,1,89,250.0
T,Onset,0,0.0,1,89,250.0
T,Offset,1,4.0,1,89,250.0
T,Onset,-3,-12.0,1,89,250.0
T,Offset,0,0.0,1,89,250.0
T,Onset,6,24.0,1,89,250.0
T,Offset,0,0.0,1,89,250.0
T,Onset,5,20.0,1,89,250.0
T,Offset,3,12.0,1,89,250.0
T,Onset,9,36.0,1,89,250.0
T,Offset,0,0.0,1,89,250.0
T,Onset,8,32.0,1,89,250.0
T,Offset,3,12.0,1,89,250.0
T,Onset,9,36.0,1,89,250.0
T,Offset,2,8.0,1,89,250.0
P,Onset,3,12.0,1,9,250.0
P,Offset,-3,-12.0,1,9,250.0
P,Onset,1,4.0,1,9,250.0
P,Offset,-2,-8.0,1,9,250.0
P,Onset,3,12.0,1,9,250.0
P,Offset,-2,-8.0,1,9,250.0
P,Onset,1,4.0,1,9,250.0
P,Offset,-2,-8.0,1,9,250.0
P,Onset,1,4.0,1,9,250.0
P,Offset,-2,-8.0,1,9,250.0
P,Onset,1,4.0,1,9,250.0
P,Offset,-4,-16.0,1,9,250.0
P,Onset,0,0.0,1,9,250.0
P,Offset,-3,-12.0,1,9,250.0
P,Onset,0,0.0,1,9,250.0
P,Offset,-4,-16.0,1,9,250.0
T,Onset,3,12.0,1,9,250.0
T,Offset,-3,-12.0,1,9,250.0
T,Onset,1,4.0,1,9,250.0
T,Offset,-2,-8.0,1,9,250.0
T,Onset,5,20.0,1,9,250.0
T,Offset,-4,-16.0,1,9,250.0
T,Onset,4,16.0,1,9,250.0
T,Offset,-3,-12.0,1,9,250.0
T,Onset,5,20.0,1,9,250.0
T,Offset,-3,-12.0,1,9,250.0
T,Onset,4,16.0,1,9,250.0
T,Offset,0,0.0,1,9,250.0
T,Onset,8,32.0,1,9,250.0
T,Offset,-3,-12.0,1,9,250.0
T,Onset,11,44.0,1,9,250.0
T,Offset,-3,-12.0,1,9,250.0
T,Onset,1,4.0,1,90,250.0
T,Offset,-2,-8.0,1,90,250.0
T,Onset,5,20.0,1,90,250.0
T,Offset,-3,-12.0,1,90,250.0
T,Onset,3,12.0,1,90,250.0
T,Offset,-1,-4.0,1,90,250.0
T,Onset,10,40.0,1,90,250.0
T,Offset,-3,-12.0,1,90,250.0
T,Onset,10,40.0,1,90,250.0
T,Offset,-1,-4.0,1,90,250.0
T,Onset,13,52.0,1,90,250.0
T,Offset,-3,-12.0,1,90,250.0
T,Onset,10,40.0,1,90,250.0
T,Offset,1,4.0,1,90,250.0
P,Onset,1,4.0,1,91,250.0
P,Offset,-1,-4.0,1,91,250.0
P,Onset,3,12.0,1,91,250.0
P,Offset,-2,-8.0,1,91,250.0
P,Onset,1,4.0,1,91,250.0
P,Offset,-2,-8.0,1,91,250.0
P,Onset,1,4.0,1,91,250.0
P,Offset,0,0.0,1,91,250.0
P,Onset,1,4.0,1,91,250.0
P,Offset,-2,-8.0,1,91,250.0
P,Onset,-1,-4.0,1,91,250.0
P,Offset,-1,-4.0,1,91,250.0
P,Onset,-1,-4.0,1,91,250.0
P,Offset,-1,-4.0,1,91,250.0
P,Onset,-1,-4.0,1,91,250.0
P,Offset,-2,-8.0,1,91,250.0
P,Onset,3,12.0,1,91,250.0
P,Offset,0,0.0,1,91,250.0
P,Onset,4,16.0,1,91,250.0
P,Offset,0,0.0,1,91,250.0
T,Onset,2,8.0,1,91,250.0
T,Offset,-3,-12.0,1,91,250.0
T,Onset,1,4.0,1,91,250.0
T,Offset,0,0.0,1,91,250.0
T,Onset,1,4.0,1,91,250.0
T,Offset,0,0.0,1,91,250.0
T,Onset,-1,-4.0,1,91,250.0
T,Offset,-1,-4.0,1,91,250.0
T,Onset,5,20.0,1,91,250.0
T,Offset,-1,-4.0,1,91,250.0
T,Onset,6,24.0,1,91,250.0
T,Offset,-2,-8.0,1,91,250.0
T,Onset,-5,-20.0,1,91,250.0
T,Offset,0,0.0,1,91,250.0
T,Onset,-4,-16.0,1,91,250.0
T,Offset,-2,-8.0,1,91,250.0
T,Onset,1,4.0,1,91,250.0
T,Offset,-13,-52.0,1,91,250.0
T,Onset,10,40.0,1,91,250.0
T,Offset,3,12.0,1,91,250.0
P,Onset,0,0.0,1,92,250.0
P,Offset,0,0.0,1,92,250.0
P,Onset,0,0.0,1,92,250.0
P,Offset,-1,-4.0,1,92,250.0
P,Onset,0,0.0,1,92,250.0
P,Offset,-1,-4.0,1,92,250.0
P,Onset,1,4.0,1,92,250.0
P,Offset,-2,-8.0,1,92,250.0
P,Onset,-1,-4.0,1,92,250.0
P,Offset,0,0.0,1,92,250.0
P,Onset,1,4.0,1,92,250.0
P,Offset,0,0.0,1,92,250.0
P,Onset,0,0.0,1,92,250.0
P,Offset,-2,-8.0,1,92,250.0
P,Onset,0,0.0,1,92,250.0
P,Offset,-3,-12.0,1,92,250.0
P,Onset,1,4.0,1,92,250.0
P,Offset,2,8.0,1,92,250.0
P,Onset,0,0.0,1,92,250.0
P,Offset,3,12.0,1,92,250.0
P,Onset,-2,-8.0,1,92,250.0
P,Offset,-1,-4.0,1,92,250.0
P,Onset,1,4.0,1,92,250.0
P,Offset,-5,-20.0,1,92,250.0
P,Onset,0,0.0,1,92,250.0
P,Offset,-7,-28.0,1,92,250.0
T,Onset,-2,-8.0,1,92,250.0
T,Offset,1,4.0,1,92,250.0
T,Onset,3,12.0,1,92,250.0
T,Offset,-5,-20.0,1,92,250.0
T,Onset,-2,-8.0,1,92,250.0
T,Offset,-1,-4.0,1,92,250.0
T,Onset,6,24.0,1,92,250.0
T,Offset,-2,-8.0,1,92,250.0
T,Onset,9,36.0,1,92,250.0
T,Offset,-13,-52.0,1,92,250.0
T,Onset,2,8.0,1,92,250.0
T,Offset,-7,-28.0,1,92,250.0
T,Onset,9,36.0,1,92,250.0
T,Offset,-3,-12.0,1,92,250.0
T,Onset,8,32.0,1,92,250.0
T,Offset,-1,-4.0,1,92,250.0
T,Onset,8,32.0,1,92,250.0
T,Offset,-1,-4.0,1,92,250.0
T,Onset,8,32.0,1,92,250.0
T,Offset,-15,-60.0,1,92,250.0
T,Onset,11,44.0,1,92,250.0
T,Offset,-1,-4.0,1,92,250.0
T,Onset,15,60.0,1,92,250.0
T,Offset,1,4.0,1,92,250.0
T,Onset,12,48.0,1,92,250.0
T,Offset,4,16.0,1,92,250.0
T,Onset,-2,-8.0,1,93,250.0
T,Offset,2,8.0,1,93,250.0
T,Onset,0,0.0,1,93,250.0
T,Offset,2,8.0,1,93,250.0
T,Onset,6,24.0,1,93,250.0
T,Offset,-3,-12.0,1,93,250.0
T,Onset,-2,-8.0,1,93,250.0
T,Offset,7,28.0,1,93,250.0
T,Onset,-3,-12.0,1,93,250.0
T,Offset,9,36.0,1,93,250.0
T,Onset,9,36.0,1,93,250.0
T,Offset,1,4.0,1,93,250.0
P,Onset,4,16.0,1,94,250.0
P,Offset,-3,-12.0,1,94,250.0
P,Onset,3,12.0,1,94,250.0
P,Offset,-2,-8.0,1,94,250.0
P,Onset,2,8.0,1,94,250.0
P,Offset,-3,-12.0,1,94,250.0
P,Onset,2,8.0,1,94,250.0
P,Offset,-3,-12.0,1,94,250.0
P,Onset,3,12.0,1,94,250.0
P,Offset,-1,-4.0,1,94,250.0
P,Onset,5,20.0,1,94,250.0
P,Offset,-2,-8.0,1,94,250.0
P,Onset,1,4.0,1,94,250.0
P,Offset,-4,-16.0,1,94,250.0
P,Onset,6,24.0,1,94,250.0
P,Offset,-3,-12.0,1,94,250.0
P,Onset,1,4.0,1,94,250.0
P,Offset,-5,-20.0,1,94,250.0
T,Onset,0,0.0,1,94,250.0
T,Offset,0,0.0,1,94,250.0
T,Onset,-1,-4.0,1,94,250.0
T,Offset,1,4.0,1,94,250.0
T,Onset,1,4.0,1,94,250.0
T,Offset,-2,-8.0,1,94,250.0
T,Onset,-1,-4.0,1,94,250.0
T,Offset,-1,-4.0,1,94,250.0
T,Onset,2,8.0,1,94,250.0
T,Offset,0,0.0,1,94,250.0
T,Onset,-1,-4.0,1,94,250.0
T,Offset,-1,-4.0,1,94,250.0
T,Onset,-3,-12.0,1,94,250.0
T,Offset,0,0.0,1,94,250.0
T,Onset,6,24.0,1,94,250.0
T,Offset,-1,-4.0,1,94,250.0
T,Onset,-2,-8.0,1,94,250.0
T,Offset,-6,-24.0,1,94,250.0
T,Onset,-1,-4.0,1,95,250.0
T,Offset,1,4.0,1,95,250.0
T,Onset,2,8.0,1,95,250.0
T,Offset,-1,-4.0,1,95,250.0
T,Onset,-1,-4.0,1,95,250.0
T,Offset,0,0.0,1,95,250.0
T,Onset,4,16.0,1,95,250.0
T,Offset,0,0.0,1,95,250.0
T,Onset,2,8.0,1,95,250.0
T,Offset,3,12.0,1,95,250.0
T,Onset,25,100.0,1,95,250.0
T,Offset,-19,-76.0,1,95,250.0
T,Onset,6,24.0,1,95,250.0
T,Offset,2,8.0,1,95,250.0
T,Onset,11,44.0,1,95,250.0
T,Offset,2,8.0,1,95,250.0
T,Onset,-1,-4.0,1,96,250.0
T,Offset,2,8.0,1,96,250.0
T,Onset,-1,-4.0,1,96,250.0
T,Offset,2,8.0,1,96,250.0
T,Onset,5,20.0,1,96,250.0
T,Offset,-10,-40.0,1,96,250.0
T,Onset,-3,-12.0,1,96,250.0
T,Offset,-3,-12.0,1,96,250.0
T,Onset,3,12.0,1,96,250.0
T,Offset,-19,-76.0,1,96,250.0
T,Onset,-8,-32.0,1,96,250.0
T,Offset,-13,-52.0,1,96,250.0
T,Onset,-21,-84.0,1,96,250.0
T,Offset,-2,-8.0,1,96,250.0
T,Onset,-4,-16.0,1,96,250.0
T,Offset,-20,-80.0,1,96,250.0
T,Onset,11,44.0,1,96,250.0
T,Offset,16,64.0,1,96,250.0
T,Onset,-3,-12.0,1,96,250.0
T,Offset,-27,-108.0,1,96,250.0
T,Onset,-12,-48.0,1,96,250.0
T,Offset,-22,-88.0,1,96,250.0
P,Onset,0,0.0,1,97,250.0
P,Offset,0,0.0,1,97,250.0
P,Onset,1,4.0,1,97,250.0
P,Offset,-1,-4.0,1,97,250.0
P,Onset,2,8.0,1,97,250.0
P,Offset,-1,-4.0,1,97,250.0
P,Onset,1,4.0,1,97,250.0
P,Offset,-3,-12.0,1,97,250.0
P,Onset,2,8.0,1,97,250.0
P,Offset,0,0.0,1,97,250.0
P,Onset,2,8.0,1,97,250.0
P,Offset,1,4.0,1,97,250.0
P,Onset,0,0.0,1,97,250.0
P,Offset,4,16.0,1,97,250.0
T,Onset,2,8.0,1,97,250.0
T,Offset,0,0.0,1,97,250.0
T,Onset,0,0.0,1,97,250.0
T,Offset,3,12.0,1,97,250.0
T,Onset,2,8.0,1,97,250.0
T,Offset,3,12.0,1,97,250.0
T,Onset,2,8.0,1,97,250.0
T,Offset,9,36.0,1,97,250.0
T,Onset,1,4.0,1,97,250.0
T,Offset,37,148.0,1,97,250.0
T,Onset,-5,-20.0,1,97,250.0
T,Offset,45,180.0,1,97,250.0
P,Onset,1,4.0,1,98,250.0
P,Offset,-1,-4.0,1,98,250.0
P,Onset,1,4.0,1,98,250.0
P,Offset,-2,-8.0,1,98,250.0
P,Onset,1,4.0,1,98,250.0
P,Offset,0,0.0,1,98,250.0
P,Onset,1,4.0,1,98,250.0
P,Offset,-2,-8.0,1,98,250.0
P,Onset,-1,-4.0,1,98,250.0
P,Offset,-1,-4.0,1,98,250.0
P,Onset,2,8.0,1,98,250.0
P,Offset,1,4.0,1,98,250.0
P,Onset,3,12.0,1,98,250.0
P,Offset,2,8.0,1,98,250.0
T,Onset,5,20.0,1,98,250.0
T,Offset,-3,-12.0,1,98,250.0
T,Onset,-3,-12.0,1,98,250.0
T,Offset,-1,-4.0,1,98,250.0
T,Onset,-8,-32.0,1,98,250.0
T,Offset,2,8.0,1,98,250.0
T,Onset,21,84.0,1,98,250.0
T,Offset,-11,-44.0,1,98,250.0
T,Onset,-3,-12.0,1,98,250.0
T,Offset,-16,-64.0,1,98,250.0
T,Onset,-5,-20.0,1,98,250.0
T,Offset,-14,-56.0,1,98,250.0
T,Onset,-2,-8.0,1,98,250.0
T,Offset,-17,-68.0,1,98,250.0
P,Onset,1,4.0,1,99,250.0
P,Offset,-1,-4.0,1,99,250.0
P,Onset,0,0.0,1,99,250.0
P,Offset,0,0.0,1,99,250.0
P,Onset,-1,-4.0,1,99,250.0
P,Offset,0,0.0,1,99,250.0
P,Onset,1,4.0,1,99,250.0
P,Offset,0,0.0,1,99,250.0
P,Onset,-1,-4.0,1,99,250.0
P,Offset,0,0.0,1,99,250.0
P,Onset,1,4.0,1,99,250.0
P,Offset,0,0.0,1,99,250.0
P,Onset,-1,-4.0,1,99,250.0
P,Offset,-2,-8.0,1,99,250.0
P,Onset,-1,-4.0,1,99,250.0
P,Offset,-2,-8.0,1,99,250.0
P,Onset,-1,-4.0,1,99,250.0
P,Offset,-2,-8.0,1,99,250.0
P,Onset,-1,-4.0,1,99,250.0
P,Offset,-3,-12.0,1,99,250.0
P,Onset,-2,-8.0,1,99,250.0
P,Offset,-2,-8.0,1,99,250.0
T,Onset,3,12.0,1,99,250.0
T,Offset,-1,-4.0,1,99,250.0
T,Onset,5,20.0,1,99,250.0
T,Offset,0,0.0,1,99,250.0
T,Onset,7,28.0,1,99,250.0
T,Offset,-2,-8.0,1,99,250.0
T,Onset,8,32.0,1,99,250.0
T,Offset,-2,-8.0,1,99,250.0
T,Onset,8,32.0,1,99,250.0
T,Offset,-1,-4.0,1,99,250.0
T,Onset,6,24.0,1,99,250.0
T,Offset,1,4.0,1,99,250.0
T,Onset,9,36.0,1,99,250.0
T,Offset,-1,-4.0,1,99,250.0
T,Onset,8,32.0,1,99,250.0
T,Offset,0,0.0,1,99,250.0
T,Onset,9,36.0,1,99,250.0
T,Offset,-1,-4.0,1,99,250.0
T,Onset,9,36.0,1,99,250.0
T,Offset,-1,-4.0,1,99,250.0
T,Onset,13,52.0,1,99,250.0
T,Offset,2,8.0,1,99,250.0
P,Onset,4,16.0,2,1,250.0
P,Offset,-3,-12.0,2,1,250.0
P,Onset,1,4.0,2,1,250.0
P,Offset,-2,-8.0,2,1,250.0
P,Onset,2,8.0,2,1,250.0
P,Offset,-4,-16.0,2,1,250.0
P,Onset,1,4.0,2,1,250.0
P,Offset,-3,-12.0,2,1,250.0
P,Onset,1,4.0,2,1,250.0
P,Offset,-4,-16.0,2,1,250.0
T,Onset,2,8.0,2,1,250.0
T,Offset,0,0.0,2,1,250.0
T,Onset,0,0.0,2,1,250.0
T,Offset,-2,-8.0,2,1,250.0
T,Onset,-2,-8.0,2,1,250.0
T,Offset,-3,-12.0,2,1,250.0
T,Onset,-6,-24.0,2,1,250.0
T,Offset,-2,-8.0,2,1,250.0
T,Onset,-21,-84.0,2,1,250.0
T,Offset,-3,-12.0,2,1,250.0
P,Onset,3,12.0,2,10,250.0
P,Offset,-2,-8.0,2,10,250.0
P,Onset,3,12.0,2,10,250.0
P,Offset,-2,-8.0,2,10,250.0
P,Onset,3,12.0,2,10,250.0
P,Offset,-6,-24.0,2,10,250.0
P,Onset,4,16.0,2,10,250.0
P,Offset,-1,-4.0,2,10,250.0
P,Onset,4,16.0,2,10,250.0
P,Offset,-7,-28.0,2,10,250.0
P,Onset,0,0.0,2,10,250.0
P,Offset,-8,-32.0,2,10,250.0
P,Onset,2,8.0,2,10,250.0
P,Offset,-13,-52.0,2,10,250.0
T,Onset,2,8.0,2,10,250.0
T,Offset,-2,-8.0,2,10,250.0
T,Onset,2,8.0,2,10,250.0
T,Offset,-1,-4.0,2,10,250.0
T,Onset,0,0.0,2,10,250.0
T,Offset,-2,-8.0,2,10,250.0
T,Onset,4,16.0,2,10,250.0
T,Offset,-2,-8.0,2,10,250.0
T,Onset,6,24.0,2,10,250.0
T,Offset,-2,-8.0,2,10,250.0
T,Onset,4,16.0,2,10,250.0
T,Offset,0,0.0,2,10,250.0
T,Onset,12,48.0,2,10,250.0
T,Offset,-1,-4.0,2,10,250.0
P,Onset,1,4.0,2,100,250.0
P,Offset,-1,-4.0,2,100,250.0
P,Onset,2,8.0,2,100,250.0
P,Offset,-2,-8.0,2,100,250.0
P,Onset,1,4.0,2,100,250.0
P,Offset,0,0.0,2,100,250.0
P,Onset,0,0.0,2,100,250.0
P,Offset,1,4.0,2,100,250.0
P,Onset,2,8.0,2,100,250.0
P,Offset,0,0.0,2,100,250.0
P,Onset,1,4.0,2,100,250.0
P,Offset,1,4.0,2,100,250.0
P,Onset,2,8.0,2,100,250.0
P,Offset,1,4.0,2,100,250.0
P,Onset,3,12.0,2,100,250.0
P,Offset,0,0.0,2,100,250.0
T,Onset,4,16.0,2,100,250.0
T,Offset,-3,-12.0,2,100,250.0
T,Onset,5,20.0,2,100,250.0
T,Offset,-3,-12.0,2,100,250.0
T,Onset,6,24.0,2,100,250.0
T,Offset,-3,-12.0,2,100,250.0
T,Onset,7,28.0,2,100,250.0
T,Offset,-4,-16.0,2,100,250.0
T,Onset,7,28.0,2,100,250.0
T,Offset,-1,-4.0,2,100,250.0
T,Onset,7,28.0,2,100,250.0
T,Offset,-1,-4.0,2,100,250.0
T,Onset,11,44.0,2,100,250.0
T,Offset,-2,-8.0,2,100,250.0
T,Onset,12,48.0,2,100,250.0
T,Offset,-1,-4.0,2,100,250.0
T,Onset,27,108.0,2,101,250.0
T,Offset,-26,-104.0,2,101,250.0
T,Onset,1,4.0,2,101,250.0
T,Offset,0,0.0,2,101,250.0
T,Onset,25,100.0,2,101,250.0
T,Offset,-30,-120.0,2,101,250.0
T,Onset,8,32.0,2,101,250.0
T,Offset,-19,-76.0,2,101,250.0
T,Onset,25,100.0,2,101,250.0
T,Offset,-3,-12.0,2,101,250.0
T,Onset,20,80.0,2,101,250.0
T,Offset,9,36.0,2,101,250.0
T,Onset,17,68.0,2,101,250.0
T,Offset,13,52.0,2,101,250.0
T,Onset,38,152.0,2,101,250.0
T,Offset,0,0.0,2,101,250.0
P,Onset,2,8.0,2,102,250.0
P,Offset,-2,-8.0,2,102,250.0
P,Onset,2,8.0,2,102,250.0
P,Offset,-2,-8.0,2,102,250.0
P,Onset,2,8.0,2,102,250.0
P,Offset,-1,-4.0,2,102,250.0
P,Onset,2,8.0,2,102,250.0
P,Offset,-3,-12.0,2,102,250.0
P,Onset,2,8.0,2,102,250.0
P,Offset,-1,-4.0,2,102,250.0
P,Onset,3,12.0,2,102,250.0
P,Offset,-2,-8.0,2,102,250.0
P,Onset,2,8.0,2,102,250.0
P,Offset,-4,-16.0,2,102,250.0
P,Onset,3,12.0,2,102,250.0
P,Offset,-1,-4.0,2,102,250.0
T,Onset,2,8.0,2,102,250.0
T,Offset,-1,-4.0,2,102,250.0
T,Onset,0,0.0,2,102,250.0
T,Offset,-2,-8.0,2,102,250.0
T,Onset,4,16.0,2,102,250.0
T,Offset,-2,-8.0,2,102,250.0
T,Onset,0,0.0,2,102,250.0
T,Offset,2,8.0,2,102,250.0
T,Onset,7,28.0,2,102,250.0
T,Offset,-2,-8.0,2,102,250.0
T,Onset,3,12.0,2,102,250.0
T,Offset,3,12.0,2,102,250.0
T,Onset,9,36.0,2,102,250.0
T,Offset,-2,-8.0,2,102,250.0
T,Onset,5,20.0,2,102,250.0
T,Offset,2,8.0,2,102,250.0
T,Onset,-2,-8.0,2,103,250.0
T,Offset,0,0.0,2,103,250.0
T,Onset,2,8.0,2,103,250.0
T,Offset,-5,-20.0,2,103,250.0
T,Onset,17,68.0,2,103,250.0
T,Offset,-6,-24.0,2,103,250.0
T,Onset,16,64.0,2,103,250.0
T,Offset,-27,-108.0,2,103,250.0
T,Onset,10,40.0,2,103,250.0
T,Offset,-26,-104.0,2,103,250.0
T,Onset,1,4.0,2,103,250.0
T,Offset,16,64.0,2,103,250.0
T,Onset,-3,-12.0,2,103,250.0
T,Offset,-15,-60.0,2,103,250.0
T,Onset,0,0.0,2,103,250.0
T,Offset,-20,-80.0,2,103,250.0
T,Onset,0,0.0,2,103,250.0
T,Offset,-21,-84.0,2,103,250.0
T,Onset,-2,-8.0,2,103,250.0
T,Offset,-23,-92.0,2,103,250.0
T,Onset,33,132.0,2,103,250.0
T,Offset,-4,-16.0,2,103,250.0
T,Onset,41,164.0,2,103,250.0
T,Offset,-3,-12.0,2,103,250.0
P,Onset,1,4.0,2,106,250.0
P,Offset,0,0.0,2,106,250.0
P,Onset,1,4.0,2,106,250.0
P,Offset,0,0.0,2,106,250.0
P,Onset,1,4.0,2,106,250.0
P,Offset,1,4.0,2,106,250.0
P,Onset,2,8.0,2,106,250.0
P,Offset,2,8.0,2,106,250.0
P,Onset,12,48.0,2,106,250.0
P,Offset,-16,-64.0,2,106,250.0
P,Onset,4,16.0,2,106,250.0
P,Offset,1,4.0,2,106,250.0
P,Onset,2,8.0,2,106,250.0
P,Offset,-8,-32.0,2,106,250.0
P,Onset,1,4.0,2,106,250.0
P,Offset,8,32.0,2,106,250.0
P,Onset,8,32.0,2,106,250.0
P,Offset,-18,-72.0,2,106,250.0
P,Onset,15,60.0,2,106,250.0
P,Offset,-1,-4.0,2,106,250.0
P,Onset,21,84.0,2,106,250.0
P,Offset,8,32.0,2,106,250.0
T,Onset,0,0.0,2,106,250.0
T,Offset,0,0.0,2,106,250.0
T,Onset,0,0.0,2,106,250.0
T,Offset,-1,-4.0,2,106,250.0
T,Onset,0,0.0,2,106,250.0
T,Offset,-1,-4.0,2,106,250.0
T,Onset,-2,-8.0,2,106,250.0
T,Offset,3,12.0,2,106,250.0
T,Onset,2,8.0,2,106,250.0
T,Offset,0,0.0,2,106,250.0
T,Onset,3,12.0,2,106,250.0
T,Offset,-1,-4.0,2,106,250.0
T,Onset,-1,-4.0,2,106,250.0
T,Offset,-2,-8.0,2,106,250.0
T,Onset,0,0.0,2,106,250.0
T,Offset,3,12.0,2,106,250.0
T,Onset,2,8.0,2,106,250.0
T,Offset,2,8.0,2,106,250.0
T,Onset,5,20.0,2,106,250.0
T,Offset,2,8.0,2,106,250.0
T,Onset,6,24.0,2,106,250.0
T,Offset,2,8.0,2,106,250.0
P,Onset,1,4.0,2,107,250.0
P,Offset,0,0.0,2,107,250.0
P,Onset,2,8.0,2,107,250.0
P,Offset,-1,-4.0,2,107,250.0
P,Onset,3,12.0,2,107,250.0
P,Offset,-1,-4.0,2,107,250.0
P,Onset,-1,-4.0,2,107,250.0
P,Offset,-2,-8.0,2,107,250.0
P,Onset,5,20.0,2,107,250.0
P,Offset,-17,-68.0,2,107,250.0
P,Onset,6,24.0,2,107,250.0
P,Offset,7,28.0,2,107,250.0
P,Onset,-1,-4.0,2,107,250.0
P,Offset,-16,-64.0,2,107,250.0
T,Onset,-3,-12.0,2,107,250.0
T,Offset,1,4.0,2,107,250.0
T,Onset,-5,-20.0,2,107,250.0
T,Offset,2,8.0,2,107,250.0
T,Onset,-1,-4.0,2,107,250.0
T,Offset,4,16.0,2,107,250.0
T,Onset,-2,-8.0,2,107,250.0
T,Offset,-9,-36.0,2,107,250.0
T,Onset,27,108.0,2,107,250.0
T,Offset,-16,-64.0,2,107,250.0
T,Onset,18,72.0,2,107,250.0
T,Offset,-7,-28.0,2,107,250.0
T,Onset,4,16.0,2,107,250.0
T,Offset,-17,-68.0,2,107,250.0
T,Onset,-1,-4.0,2,109,250.0
T,Offset,-1,-4.0,2,109,250.0
T,Onset,11,44.0,2,109,250.0
T,Offset,-5,-20.0,2,109,250.0
T,Onset,10,40.0,2,109,250.0
T,Offset,-3,-12.0,2,109,250.0
T,Onset,7,28.0,2,109,250.0
T,Offset,-16,-64.0,2,109,250.0
T,Onset,14,56.0,2,109,250.0
T,Offset,-4,-16.0,2,109,250.0
P,Onset,1,4.0,2,11,250.0
P,Offset,-1,-4.0,2,11,250.0
P,Onset,2,8.0,2,11,250.0
P,Offset,-1,-4.0,2,11,250.0
P,Onset,1,4.0,2,11,250.0
P,Offset,0,0.0,2,11,250.0
P,Onset,1,4.0,2,11,250.0
P,Offset,-2,-8.0,2,11,250.0
P,Onset,0,0.0,2,11,250.0
P,Offset,-2,-8.0,2,11,250.0
P,Onset,0,0.0,2,11,250.0
P,Offset,-2,-8.0,2,11,250.0
P,Onset,-1,-4.0,2,11,250.0
P,Offset,-2,-8.0,2,11,250.0
T,Onset,1,4.0,2,11,250.0
T,Offset,1,4.0,2,11,250.0
T,Onset,4,16.0,2,11,250.0
T,Offset,-2,-8.0,2,11,250.0
T,Onset,4,16.0,2,11,250.0
T,Offset,-2,-8.0,2,11,250.0
T,Onset,10,40.0,2,11,250.0
T,Offset,-6,-24.0,2,11,250.0
T,Onset,7,28.0,2,11,250.0
T,Offset,-1,-4.0,2,11,250.0
T,Onset,9,36.0,2,11,250.0
T,Offset,-2,-8.0,2,11,250.0
T,Onset,10,40.0,2,11,250.0
T,Offset,-3,-12.0,2,11,250.0
T,Onset,2,8.0,2,110,250.0
T,Offset,-2,-8.0,2,110,250.0
T,Onset,-2,-8.0,2,110,250.0
T,Offset,0,0.0,2,110,250.0
T,Onset,4,16.0,2,110,250.0
T,Offset,-2,-8.0,2,110,250.0
T,Onset,5,20.0,2,110,250.0
T,Offset,-11,-44.0,2,110,250.0
T,Onset,10,40.0,2,110,250.0
T,Offset,-3,-12.0,2,110,250.0
T,Onset,22,88.0,2,110,250.0
T,Offset,-11,-44.0,2,110,250.0
T,Onset,13,52.0,2,110,250.0
T,Offset,-2,-8.0,2,110,250.0
T,Onset,6,24.0,2,110,250.0
T,Offset,-20,-80.0,2,110,250.0
T,Onset,35,140.0,2,110,250.0
T,Offset,-4,-16.0,2,110,250.0
T,Onset,0,0.0,2,111,250.0
T,Offset,0,0.0,2,111,250.0
T,Onset,-1,-4.0,2,111,250.0
T,Offset,1,4.0,2,111,250.0
T,Onset,-2,-8.0,2,111,250.0
T,Offset,1,4.0,2,111,250.0
T,Onset,0,0.0,2,111,250.0
T,Offset,1,4.0,2,111,250.0
T,Onset,-2,-8.0,2,111,250.0
T,Offset,5,20.0,2,111,250.0
T,Onset,3,12.0,2,111,250.0
T,Offset,3,12.0,2,111,250.0
T,Onset,5,20.0,2,111,250.0
T,Offset,4,16.0,2,111,250.0
T,Onset,1,4.0,2,112,250.0
T,Offset,-1,-4.0,2,112,250.0
T,Onset,3,12.0,2,112,250.0
T,Offset,-1,-4.0,2,112,250.0
T,Onset,-3,-12.0,2,112,250.0
T,Offset,-1,-4.0,2,112,250.0
T,Onset,1,4.0,2,112,250.0
T,Offset,-6,-24.0,2,112,250.0
T,Onset,2,8.0,2,112,250.0
T,Offset,3,12.0,2,112,250.0
T,Onset,-2,-8.0,2,112,250.0
T,Offset,10,40.0,2,112,250.0
T,Onset,-5,-20.0,2,112,250.0
T,Offset,15,60.0,2,112,250.0
T,Onset,3,12.0,2,112,250.0
T,Offset,-15,-60.0,2,112,250.0
T,Onset,0,0.0,2,112,250.0
T,Offset,20,80.0,2,112,250.0
T,Onset,1,4.0,2,112,250.0
T,Offset,19,76.0,2,112,250.0
T,Onset,1,4.0,2,112,250.0
T,Offset,-22,-88.0,2,112,250.0
T,Onset,5,20.0,2,112,250.0
T,Offset,22,88.0,2,112,250.0
T,Onset,-15,-60.0,2,112,250.0
T,Offset,-17,-68.0,2,112,250.0
P,Onset,1,4.0,2,113,250.0
P,Offset,-1,-4.0,2,113,250.0
P,Onset,1,4.0,2,113,250.0
P,Offset,-1,-4.0,2,113,250.0
P,Onset,0,0.0,2,113,250.0
P,Offset,0,0.0,2,113,250.0
P,Onset,2,8.0,2,113,250.0
P,Offset,-1,-4.0,2,113,250.0
P,Onset,1,4.0,2,113,250.0
P,Offset,-2,-8.0,2,113,250.0
P,Onset,1,4.0,2,113,250.0
P,Offset,0,0.0,2,113,250.0
P,Onset,1,4.0,2,113,250.0
P,Offset,-4,-16.0,2,113,250.0
T,Onset,8,32.0,2,113,250.0
T,Offset,-1,-4.0,2,113,250.0
T,Onset,11,44.0,2,113,250.0
T,Offset,-1,-4.0,2,113,250.0
T,Onset,12,48.0,2,113,250.0
T,Offset,-1,-4.0,2,113,250.0
T,Onset,14,56.0,2,113,250.0
T,Offset,1,4.0,2,113,250.0
T,Onset,14,56.0,2,113,250.0
T,Offset,1,4.0,2,113,250.0
T,Onset,15,60.0,2,113,250.0
T,Offset,1,4.0,2,113,250.0
T,Onset,7,28.0,2,113,250.0
T,Offset,-28,-112.0,2,113,250.0
P,Onset,1,4.0,2,115,250.0
P,Offset,-1,-4.0,2,115,250.0
P,Onset,3,12.0,2,115,250.0
P,Offset,-2,-8.0,2,115,250.0
P,Onset,2,8.0,2,115,250.0
P,Offset,-3,-12.0,2,115,250.0
P,Onset,1,4.0,2,115,250.0
P,Offset,-3,-12.0,2,115,250.0
P,Onset,1,4.0,2,115,250.0
P,Offset,-3,-12.0,2,115,250.0
P,Onset,2,8.0,2,115,250.0
P,Offset,0,0.0,2,115,250.0
P,Onset,0,0.0,2,115,250.0
P,Offset,-3,-12.0,2,115,250.0
T,Onset,0,0.0,2,115,250.0
T,Offset,-1,-4.0,2,115,250.0
T,Onset,-1,-4.0,2,115,250.0
T,Offset,-2,-8.0,2,115,250.0
T,Onset,3,12.0,2,115,250.0
T,Offset,-7,-28.0,2,115,250.0
T,Onset,28,112.0,2,115,250.0
T,Offset,-24,-96.0,2,115,250.0
T,Onset,9,36.0,2,115,250.0
T,Offset,-2,-8.0,2,115,250.0
T,Onset,10,40.0,2,115,250.0
T,Offset,-2,-8.0,2,115,250.0
T,Onset,12,48.0,2,115,250.0
T,Offset,-1,-4.0,2,115,250.0
P,Onset,0,0.0,2,116,250.0
P,Offset,-1,-4.0,2,116,250.0
P,Onset,12,48.0,2,116,250.0
P,Offset,-3,-12.0,2,116,250.0
P,Onset,15,60.0,2,116,250.0
P,Offset,-5,-20.0,2,116,250.0
P,Onset,4,16.0,2,116,250.0
P,Offset,-16,-64.0,2,116,250.0
P,Onset,19,76.0,2,116,250.0
P,Offset,-6,-24.0,2,116,250.0
P,Onset,3,12.0,2,116,250.0
P,Offset,-17,-68.0,2,116,250.0
P,Onset,4,16.0,2,116,250.0
P,Offset,-18,-72.0,2,116,250.0
P,Onset,21,84.0,2,116,250.0
P,Offset,-6,-24.0,2,116,250.0
P,Onset,21,84.0,2,116,250.0
P,Offset,-6,-24.0,2,116,250.0
P,Onset,1,4.0,2,116,250.0
P,Offset,-17,-68.0,2,116,250.0
P,Onset,20,80.0,2,116,250.0
P,Offset,-3,-12.0,2,116,250.0
P,Onset,23,92.0,2,116,250.0
P,Offset,-5,-20.0,2,116,250.0
P,Onset,2,8.0,2,116,250.0
P,Offset,-21,-84.0,2,116,250.0
T,Onset,4,16.0,2,116,250.0
T,Offset,-4,-16.0,2,116,250.0
T,Onset,2,8.0,2,116,250.0
T,Offset,-2,-8.0,2,116,250.0
T,Onset,3,12.0,2,116,250.0
T,Offset,-2,-8.0,2,116,250.0
T,Onset,3,12.0,2,116,250.0
T,Offset,-2,-8.0,2,116,250.0
T,Onset,2,8.0,2,116,250.0
T,Offset,-4,-16.0,2,116,250.0
T,Onset,6,24.0,2,116,250.0
T,Offset,-3,-12.0,2,116,250.0
T,Onset,5,20.0,2,116,250.0
T,Offset,-1,-4.0,2,116,250.0
T,Onset,6,24.0,2,116,250.0
T,Offset,-2,-8.0,2,116,250.0
T,Onset,1,4.0,2,116,250.0
T,Offset,-6,-24.0,2,116,250.0
T,Onset,7,28.0,2,116,250.0
T,Offset,-1,-4.0,2,116,250.0
T,Onset,4,16.0,2,116,250.0
T,Offset,-11,-44.0,2,116,250.0
T,Onset,5,20.0,2,116,250.0
T,Offset,-12,-48.0,2,116,250.0
T,Onset,23,92.0,2,116,250.0
T,Offset,-15,-60.0,2,116,250.0
P,Onset,0,0.0,2,117,250.0
P,Offset,0,0.0,2,117,250.0
P,Onset,1,4.0,2,117,250.0
P,Offset,-1,-4.0,2,117,250.0
P,Onset,2,8.0,2,117,250.0
P,Offset,-2,-8.0,2,117,250.0
P,Onset,2,8.0,2,117,250.0
P,Offset,-1,-4.0,2,117,250.0
P,Onset,2,8.0,2,117,250.0
P,Offset,-1,-4.0,2,117,250.0
P,Onset,2,8.0,2,117,250.0
P,Offset,-1,-4.0,2,117,250.0
P,Onset,1,4.0,2,117,250.0
P,Offset,0,0.0,2,117,250.0
P,Onset,1,4.0,2,117,250.0
P,Offset,-3,-12.0,2,117,250.0
P,Onset,1,4.0,2,117,250.0
P,Offset,-3,-12.0,2,117,250.0
P,Onset,1,4.0,2,117,250.0
P,Offset,-3,-12.0,2,117,250.0
P,Onset,1,4.0,2,117,250.0
P,Offset,-3,-12.0,2,117,250.0
P,Onset,2,8.0,2,117,250.0
P,Offset,0,0.0,2,117,250.0
P,Onset,1,4.0,2,117,250.0
P,Offset,-4,-16.0,2,117,250.0
T,Onset,3,12.0,2,117,250.0
T,Offset,-3,-12.0,2,117,250.0
T,Onset,3,12.0,2,117,250.0
T,Offset,-2,-8.0,2,117,250.0
T,Onset,3,12.0,2,117,250.0
T,Offset,-2,-8.0,2,117,250.0
T,Onset,-2,-8.0,2,117,250.0
T,Offset,4,16.0,2,117,250.0
T,Onset,7,28.0,2,117,250.0
T,Offset,-3,-12.0,2,117,250.0
T,Onset,-1,-4.0,2,117,250.0
T,Offset,-3,-12.0,2,117,250.0
T,Onset,-1,-4.0,2,117,250.0
T,Offset,-3,-12.0,2,117,250.0
T,Onset,6,24.0,2,117,250.0
T,Offset,-2,-8.0,2,117,250.0
T,Onset,7,28.0,2,117,250.0
T,Offset,-2,-8.0,2,117,250.0
T,Onset,9,36.0,2,117,250.0
T,Offset,-4,-16.0,2,117,250.0
T,Onset,-3,-12.0,2,117,250.0
T,Offset,-2,-8.0,2,117,250.0
T,Onset,8,32.0,2,117,250.0
T,Offset,-2,-8.0,2,117,250.0
T,Onset,-4,-16.0,2,117,250.0
T,Offset,-3,-12.0,2,117,250.0
P,Onset,1,4.0,2,118,250.0
P,Offset,-1,-4.0,2,118,250.0
P,Onset,1,4.0,2,118,250.0
P,Offset,-2,-8.0,2,118,250.0
P,Onset,2,8.0,2,118,250.0
P,Offset,-1,-4.0,2,118,250.0
P,Onset,1,4.0,2,118,250.0
P,Offset,-2,-8.0,2,118,250.0
P,Onset,0,0.0,2,118,250.0
P,Offset,-2,-8.0,2,118,250.0
P,Onset,0,0.0,2,118,250.0
P,Offset,-3,-12.0,2,118,250.0
P,Onset,0,0.0,2,118,250.0
P,Offset,-3,-12.0,2,118,250.0
P,Onset,0,0.0,2,118,250.0
P,Offset,-4,-16.0,2,118,250.0
T,Onset,2,8.0,2,118,250.0
T,Offset,1,4.0,2,118,250.0
T,Onset,6,24.0,2,118,250.0
T,Offset,-2,-8.0,2,118,250.0
T,Onset,1,4.0,2,118,250.0
T,Offset,3,12.0,2,118,250.0
T,Onset,8,32.0,2,118,250.0
T,Offset,-3,-12.0,2,118,250.0
T,Onset,3,12.0,2,118,250.0
T,Offset,3,12.0,2,118,250.0
T,Onset,9,36.0,2,118,250.0
T,Offset,-1,-4.0,2,118,250.0
T,Onset,7,28.0,2,118,250.0
T,Offset,1,4.0,2,118,250.0
T,Onset,10,40.0,2,118,250.0
T,Offset,1,4.0,2,118,250.0
P,Onset,2,8.0,2,12,250.0
P,Offset,-2,-8.0,2,12,250.0
P,Onset,2,8.0,2,12,250.0
P,Offset,-2,-8.0,2,12,250.0
P,Onset,2,8.0,2,12,250.0
P,Offset,-2,-8.0,2,12,250.0
P,Onset,3,12.0,2,12,250.0
P,Offset,-1,-4.0,2,12,250.0
P,Onset,-1,-4.0,2,12,250.0
P,Offset,-1,-4.0,2,12,250.0
P,Onset,0,0.0,2,12,250.0
P,Offset,-3,-12.0,2,12,250.0
T,Onset,1,4.0,2,12,250.0
T,Offset,0,0.0,2,12,250.0
T,Onset,-1,-4.0,2,12,250.0
T,Offset,3,12.0,2,12,250.0
T,Onset,-2,-8.0,2,12,250.0
T,Offset,7,28.0,2,12,250.0
T,Onset,-2,-8.0,2,12,250.0
T,Offset,8,32.0,2,12,250.0
T,Onset,-1,-4.0,2,12,250.0
T,Offset,8,32.0,2,12,250.0
T,Onset,2,8.0,2,12,250.0
T,Offset,5,20.0,2,12,250.0
P,Onset,4,16.0,2,120,250.0
P,Offset,-2,-8.0,2,120,250.0
P,Onset,5,20.0,2,120,250.0
P,Offset,-2,-8.0,2,120,250.0
P,Onset,7,28.0,2,120,250.0
P,Offset,-1,-4.0,2,120,250.0
P,Onset,9,36.0,2,120,250.0
P,Offset,-17,-68.0,2,120,250.0
P,Onset,7,28.0,2,120,250.0
P,Offset,-16,-64.0,2,120,250.0
P,Onset,7,28.0,2,120,250.0
P,Offset,-18,-72.0,2,120,250.0
P,Onset,52,208.0,2,120,250.0
P,Offset,-2,-8.0,2,120,250.0
T,Onset,-1,-4.0,2,120,250.0
T,Offset,0,0.0,2,120,250.0
T,Onset,6,24.0,2,120,250.0
T,Offset,-4,-16.0,2,120,250.0
T,Onset,4,16.0,2,120,250.0
T,Offset,-6,-24.0,2,120,250.0
T,Onset,0,0.0,2,120,250.0
T,Offset,4,16.0,2,120,250.0
T,Onset,2,8.0,2,120,250.0
T,Offset,3,12.0,2,120,250.0
T,Onset,2,8.0,2,120,250.0
T,Offset,-7,-28.0,2,120,250.0
T,Onset,6,24.0,2,120,250.0
T,Offset,-1,-4.0,2,120,250.0
P,Onset,3,12.0,2,121,250.0
P,Offset,-3,-12.0,2,121,250.0
P,Onset,0,0.0,2,121,250.0
P,Offset,-1,-4.0,2,121,250.0
P,Onset,1,4.0,2,121,250.0
P,Offset,0,0.0,2,121,250.0
P,Onset,1,4.0,2,121,250.0
P,Offset,-2,-8.0,2,121,250.0
P,Onset,9,36.0,2,121,250.0
P,Offset,-11,-44.0,2,121,250.0
P,Onset,-2,-8.0,2,121,250.0
P,Offset,0,0.0,2,121,250.0
P,Onset,-1,-4.0,2,121,250.0
P,Offset,-1,-4.0,2,121,250.0
P,Onset,0,0.0,2,121,250.0
P,Offset,3,12.0,2,121,250.0
P,Onset,7,28.0,2,121,250.0
P,Offset,-4,-16.0,2,121,250.0
P,Onset,5,20.0,2,121,250.0
P,Offset,-2,-8.0,2,121,250.0
P,Onset,5,20.0,2,121,250.0
P,Offset,-11,-44.0,2,121,250.0
P,Onset,-1,-4.0,2,121,250.0
P,Offset,-10,-40.0,2,121,250.0
P,Onset,6,24.0,2,121,250.0
P,Offset,8,32.0,2,121,250.0
P,Onset,33,132.0,2,121,250.0
P,Offset,-10,-40.0,2,121,250.0
T,Onset,7,28.0,2,121,250.0
T,Offset,-4,-16.0,2,121,250.0
T,Onset,9,36.0,2,121,250.0
T,Offset,-18,-72.0,2,121,250.0
T,Onset,11,44.0,2,121,250.0
T,Offset,0,0.0,2,121,250.0
T,Onset,12,48.0,2,121,250.0
T,Offset,1,4.0,2,121,250.0
T,Onset,7,28.0,2,121,250.0
T,Offset,-20,-80.0,2,121,250.0
T,Onset,13,52.0,2,121,250.0
T,Offset,1,4.0,2,121,250.0
T,Onset,21,84.0,2,121,250.0
T,Offset,-3,-12.0,2,121,250.0
T,Onset,18,72.0,2,121,250.0
T,Offset,1,4.0,2,121,250.0
T,Onset,21,84.0,2,121,250.0
T,Offset,0,0.0,2,121,250.0
T,Onset,22,88.0,2,121,250.0
T,Offset,1,4.0,2,121,250.0
T,Onset,-1,-4.0,2,121,250.0
T,Offset,-24,-96.0,2,121,250.0
T,Onset,23,92.0,2,121,250.0
T,Offset,2,8.0,2,121,250.0
P,Onset,2,8.0,2,122,250.0
P,Offset,-2,-8.0,2,122,250.0
P,Onset,3,12.0,2,122,250.0
P,Offset,-4,-16.0,2,122,250.0
P,Onset,1,4.0,2,122,250.0
P,Offset,-3,-12.0,2,122,250.0
P,Onset,-1,-4.0,2,122,250.0
P,Offset,-1,-4.0,2,122,250.0
P,Onset,0,0.0,2,122,250.0
P,Offset,-2,-8.0,2,122,250.0
P,Onset,0,0.0,2,122,250.0
P,Offset,-3,-12.0,2,122,250.0
P,Onset,-1,-4.0,2,122,250.0
P,Offset,-2,-8.0,2,122,250.0
T,Onset,2,8.0,2,122,250.0
T,Offset,0,0.0,2,122,250.0
T,Onset,-1,-4.0,2,122,250.0
T,Offset,-2,-8.0,2,122,250.0
T,Onset,3,12.0,2,122,250.0
T,Offset,0,0.0,2,122,250.0
T,Onset,4,16.0,2,122,250.0
T,Offset,0,0.0,2,122,250.0
T,Onset,5,20.0,2,122,250.0
T,Offset,1,4.0,2,122,250.0
T,Onset,2,8.0,2,122,250.0
T,Offset,5,20.0,2,122,250.0
T,Onset,8,32.0,2,122,250.0
T,Offset,-1,-4.0,2,122,250.0
P,Onset,0,0.0,2,123,250.0
P,Offset,0,0.0,2,123,250.0
P,Onset,2,8.0,2,123,250.0
P,Offset,-2,-8.0,2,123,250.0
P,Onset,2,8.0,2,123,250.0
P,Offset,-2,-8.0,2,123,250.0
P,Onset,1,4.0,2,123,250.0
P,Offset,-1,-4.0,2,123,250.0
P,Onset,2,8.0,2,123,250.0
P,Offset,-1,-4.0,2,123,250.0
P,Onset,2,8.0,2,123,250.0
P,Offset,-1,-4.0,2,123,250.0
P,Onset,0,0.0,2,123,250.0
P,Offset,-1,-4.0,2,123,250.0
P,Onset,0,0.0,2,123,250.0
P,Offset,-2,-8.0,2,123,250.0
T,Onset,8,32.0,2,123,250.0
T,Offset,-4,-16.0,2,123,250.0
T,Onset,6,24.0,2,123,250.0
T,Offset,-2,-8.0,2,123,250.0
T,Onset,6,24.0,2,123,250.0
T,Offset,-2,-8.0,2,123,250.0
T,Onset,6,24.0,2,123,250.0
T,Offset,-1,-4.0,2,123,250.0
T,Onset,8,32.0,2,123,250.0
T,Offset,-3,-12.0,2,123,250.0
T,Onset,8,32.0,2,123,250.0
T,Offset,-2,-8.0,2,123,250.0
T,Onset,8,32.0,2,123,250.0
T,Offset,-2,-8.0,2,123,250.0
T,Onset,10,40.0,2,123,250.0
T,Offset,-3,-12.0,2,123,250.0
P,Onset,1,4.0,2,124,250.0
P,Offset,-1,-4.0,2,124,250.0
P,Onset,-1,-4.0,2,124,250.0
P,Offset,0,0.0,2,124,250.0
P,Onset,1,4.0,2,124,250.0
P,Offset,0,0.0,2,124,250.0
P,Onset,1,4.0,2,124,250.0
P,Offset,-3,-12.0,2,124,250.0
P,Onset,2,8.0,2,124,250.0
P,Offset,0,0.0,2,124,250.0
P,Onset,1,4.0,2,124,250.0
P,Offset,-3,-12.0,2,124,250.0
T,Onset,0,0.0,2,124,250.0
T,Offset,1,4.0,2,124,250.0
T,Onset,-1,-4.0,2,124,250.0
T,Offset,5,20.0,2,124,250.0
T,Onset,26,104.0,2,124,250.0
T,Offset,-17,-68.0,2,124,250.0
T,Onset,14,56.0,2,124,250.0
T,Offset,2,8.0,2,124,250.0
T,Onset,-4,-16.0,2,124,250.0
T,Offset,-16,-64.0,2,124,250.0
T,Onset,41,164.0,2,124,250.0
T,Offset,3,12.0,2,124,250.0
P,Onset,0,0.0,2,125,250.0
P,Offset,-1,-4.0,2,125,250.0
P,Onset,13,52.0,2,125,250.0
P,Offset,-24,-96.0,2,125,250.0
P,Onset,0,0.0,2,125,250.0
P,Offset,-24,-96.0,2,125,250.0
P,Onset,-1,-4.0,2,125,250.0
P,Offset,-24,-96.0,2,125,250.0
T,Onset,0,0.0,2,125,250.0
T,Offset,-4,-16.0,2,125,250.0
T,Onset,4,16.0,2,125,250.0
T,Offset,5,20.0,2,125,250.0
T,Onset,-9,-36.0,2,125,250.0
T,Offset,0,0.0,2,125,250.0
T,Onset,24,96.0,2,125,250.0
T,Offset,-34,-136.0,2,125,250.0
T,Onset,-9,-36.0,2,125,250.0
T,Offset,-10,-40.0,2,125,250.0
T,Onset,-13,-52.0,2,125,250.0
T,Offset,-27,-108.0,2,125,250.0
P,Onset,1,4.0,2,126,250.0
P,Offset,-3,-12.0,2,126,250.0
P,Onset,13,52.0,2,126,250.0
P,Offset,-9,-36.0,2,126,250.0
P,Onset,-2,-8.0,2,126,250.0
P,Offset,-4,-16.0,2,126,250.0
P,Onset,11,44.0,2,126,250.0
P,Offset,-3,-12.0,2,126,250.0
P,Onset,1,4.0,2,126,250.0
P,Offset,-11,-44.0,2,126,250.0
P,Onset,-2,-8.0,2,126,250.0
P,Offset,-14,-56.0,2,126,250.0
P,Onset,1,4.0,2,126,250.0
P,Offset,-18,-72.0,2,126,250.0
P,Onset,-1,-4.0,2,126,250.0
P,Offset,-20,-80.0,2,126,250.0
T,Onset,32,128.0,2,126,250.0
T,Offset,-7,-28.0,2,126,250.0
T,Onset,34,136.0,2,126,250.0
T,Offset,-1,-4.0,2,126,250.0
P,Onset,0,0.0,2,128,250.0
P,Offset,0,0.0,2,128,250.0
P,Onset,1,4.0,2,128,250.0
P,Offset,-1,-4.0,2,128,250.0
P,Onset,1,4.0,2,128,250.0
P,Offset,0,0.0,2,128,250.0
P,Onset,1,4.0,2,128,250.0
P,Offset,-2,-8.0,2,128,250.0
P,Onset,1,4.0,2,128,250.0
P,Offset,0,0.0,2,128,250.0
P,Onset,1,4.0,2,128,250.0
P,Offset,0,0.0,2,128,250.0
T,Onset,0,0.0,2,128,250.0
T,Offset,1,4.0,2,128,250.0
T,Onset,1,4.0,2,128,250.0
T,Offset,0,0.0,2,128,250.0
T,Onset,4,16.0,2,128,250.0
T,Offset,-1,-4.0,2,128,250.0
T,Onset,9,36.0,2,128,250.0
T,Offset,0,0.0,2,128,250.0
T,Onset,10,40.0,2,128,250.0
T,Offset,0,0.0,2,128,250.0
T,Onset,18,72.0,2,128,250.0
T,Offset,1,4.0,2,128,250.0
T,Onset,-1,-4.0,2,129,250.0
T,Offset,0,0.0,2,129,250.0
T,Onset,8,32.0,2,129,250.0
T,Offset,-9,-36.0,2,129,250.0
T,Onset,-3,-12.0,2,129,250.0
T,Offset,1,4.0,2,129,250.0
T,Onset,4,16.0,2,129,250.0
T,Offset,0,0.0,2,129,250.0
T,Onset,3,12.0,2,129,250.0
T,Offset,-7,-28.0,2,129,250.0
T,Onset,9,36.0,2,129,250.0
T,Offset,2,8.0,2,129,250.0
T,Onset,19,76.0,2,129,250.0
T,Offset,1,4.0,2,129,250.0
P,Onset,14,56.0,2,13,250.0
P,Offset,-24,-96.0,2,13,250.0
P,Onset,8,32.0,2,13,250.0
P,Offset,-19,-76.0,2,13,250.0
P,Onset,27,108.0,2,13,250.0
P,Offset,-13,-52.0,2,13,250.0
P,Onset,5,20.0,2,13,250.0
P,Offset,-25,-100.0,2,13,250.0
P,Onset,9,36.0,2,13,250.0
P,Offset,-29,-116.0,2,13,250.0
P,Onset,9,36.0,2,13,250.0
P,Offset,-30,-120.0,2,13,250.0
T,Onset,14,56.0,2,13,250.0
T,Offset,-14,-56.0,2,13,250.0
T,Onset,-1,-4.0,2,13,250.0
T,Offset,-17,-68.0,2,13,250.0
T,Onset,-1,-4.0,2,13,250.0
T,Offset,-23,-92.0,2,13,250.0
T,Onset,-1,-4.0,2,13,250.0
T,Offset,-24,-96.0,2,13,250.0
T,Onset,-2,-8.0,2,13,250.0
T,Offset,-28,-112.0,2,13,250.0
T,Onset,-2,-8.0,2,13,250.0
T,Offset,-30,-120.0,2,13,250.0
P,Onset,4,16.0,2,130,250.0
P,Offset,-14,-56.0,2,130,250.0
P,Onset,-1,-4.0,2,130,250.0
P,Offset,-11,-44.0,2,130,250.0
P,Onset,1,4.0,2,130,250.0
P,Offset,-13,-52.0,2,130,250.0
P,Onset,-5,-20.0,2,130,250.0
P,Offset,-12,-48.0,2,130,250.0
P,Onset,-8,-32.0,2,130,250.0
P,Offset,-14,-56.0,2,130,250.0
P,Onset,-17,-68.0,2,130,250.0
P,Offset,-12,-48.0,2,130,250.0
T,Onset,10,40.0,2,130,250.0
T,Offset,-12,-48.0,2,130,250.0
T,Onset,-12,-48.0,2,130,250.0
T,Offset,9,36.0,2,130,250.0
T,Onset,23,92.0,2,130,250.0
T,Offset,-10,-40.0,2,130,250.0
T,Onset,-3,-12.0,2,130,250.0
T,Offset,-10,-40.0,2,130,250.0
T,Onset,-6,-24.0,2,130,250.0
T,Offset,-11,-44.0,2,130,250.0
T,Onset,33,132.0,2,130,250.0
T,Offset,-1,-4.0,2,130,250.0
P,Onset,3,12.0,2,131,250.0
P,Offset,-3,-12.0,2,131,250.0
P,Onset,6,24.0,2,131,250.0
P,Offset,-5,-20.0,2,131,250.0
P,Onset,1,4.0,2,131,250.0
P,Offset,0,0.0,2,131,250.0
P,Onset,3,12.0,2,131,250.0
P,Offset,-2,-8.0,2,131,250.0
P,Onset,1,4.0,2,131,250.0
P,Offset,-5,-20.0,2,131,250.0
P,Onset,0,0.0,2,131,250.0
P,Offset,-6,-24.0,2,131,250.0
P,Onset,13,52.0,2,131,250.0
P,Offset,-4,-16.0,2,131,250.0
T,Onset,0,0.0,2,131,250.0
T,Offset,0,0.0,2,131,250.0
T,Onset,1,4.0,2,131,250.0
T,Offset,-2,-8.0,2,131,250.0
T,Onset,0,0.0,2,131,250.0
T,Offset,1,4.0,2,131,250.0
T,Onset,-1,-4.0,2,131,250.0
T,Offset,0,0.0,2,131,250.0
T,Onset,10,40.0,2,131,250.0
T,Offset,-9,-36.0,2,131,250.0
T,Onset,-3,-12.0,2,131,250.0
T,Offset,0,0.0,2,131,250.0
T,Onset,-3,-12.0,2,131,250.0
T,Offset,-4,-16.0,2,131,250.0
P,Onset,3,12.0,2,132,250.0
P,Offset,-2,-8.0,2,132,250.0
P,Onset,4,16.0,2,132,250.0
P,Offset,-2,-8.0,2,132,250.0
P,Onset,1,4.0,2,132,250.0
P,Offset,-3,-12.0,2,132,250.0
P,Onset,3,12.0,2,132,250.0
P,Offset,-5,-20.0,2,132,250.0
P,Onset,2,8.0,2,132,250.0
P,Offset,-4,-16.0,2,132,250.0
P,Onset,-2,-8.0,2,132,250.0
P,Offset,0,0.0,2,132,250.0
P,Onset,2,8.0,2,132,250.0
P,Offset,-4,-16.0,2,132,250.0
T,Onset,5,20.0,2,132,250.0
T,Offset,-4,-16.0,2,132,250.0
T,Onset,2,8.0,2,132,250.0
T,Offset,-3,-12.0,2,132,250.0
T,Onset,3,12.0,2,132,250.0
T,Offset,-1,-4.0,2,132,250.0
T,Onset,7,28.0,2,132,250.0
T,Offset,-1,-4.0,2,132,250.0
T,Onset,11,44.0,2,132,250.0
T,Offset,-4,-16.0,2,132,250.0
T,Onset,9,36.0,2,132,250.0
T,Offset,0,0.0,2,132,250.0
T,Onset,11,44.0,2,132,250.0
T,Offset,0,0.0,2,132,250.0
P,Onset,2,8.0,2,133,250.0
P,Offset,0,0.0,2,133,250.0
P,Onset,0,0.0,2,133,250.0
P,Offset,-3,-12.0,2,133,250.0
P,Onset,11,44.0,2,133,250.0
P,Offset,-4,-16.0,2,133,250.0
P,Onset,9,36.0,2,133,250.0
P,Offset,-20,-80.0,2,133,250.0
P,Onset,26,104.0,2,133,250.0
P,Offset,-6,-24.0,2,133,250.0
P,Onset,32,128.0,2,133,250.0
P,Offset,-4,-16.0,2,133,250.0
T,Onset,22,88.0,2,133,250.0
T,Offset,-27,-108.0,2,133,250.0
T,Onset,19,76.0,2,133,250.0
T,Offset,-12,-48.0,2,133,250.0
T,Onset,13,52.0,2,133,250.0
T,Offset,-23,-92.0,2,133,250.0
T,Onset,-2,-8.0,2,133,250.0
T,Offset,-14,-56.0,2,133,250.0
T,Onset,11,44.0,2,133,250.0
T,Offset,-27,-108.0,2,133,250.0
T,Onset,7,28.0,2,133,250.0
T,Offset,-23,-92.0,2,133,250.0
P,Onset,0,0.0,2,135,250.0
P,Offset,0,0.0,2,135,250.0
P,Onset,2,8.0,2,135,250.0
P,Offset,-2,-8.0,2,135,250.0
P,Onset,-2,-8.0,2,135,250.0
P,Offset,2,8.0,2,135,250.0
P,Onset,-2,-8.0,2,135,250.0
P,Offset,1,4.0,2,135,250.0
P,Onset,1,4.0,2,135,250.0
P,Offset,0,0.0,2,135,250.0
P,Onset,2,8.0,2,135,250.0
P,Offset,0,0.0,2,135,250.0
P,Onset,-1,-4.0,2,135,250.0
P,Offset,-1,-4.0,2,135,250.0
P,Onset,-1,-4.0,2,135,250.0
P,Offset,-2,-8.0,2,135,250.0
T,Onset,7,28.0,2,135,250.0
T,Offset,-4,-16.0,2,135,250.0
T,Onset,11,44.0,2,135,250.0
T,Offset,-7,-28.0,2,135,250.0
T,Onset,11,44.0,2,135,250.0
T,Offset,-4,-16.0,2,135,250.0
T,Onset,12,48.0,2,135,250.0
T,Offset,-4,-16.0,2,135,250.0
T,Onset,11,44.0,2,135,250.0
T,Offset,-3,-12.0,2,135,250.0
T,Onset,14,56.0,2,135,250.0
T,Offset,-5,-20.0,2,135,250.0
T,Onset,11,44.0,2,135,250.0
T,Offset,-2,-8.0,2,135,250.0
T,Onset,14,56.0,2,135,250.0
T,Offset,-4,-16.0,2,135,250.0
P,Onset,0,0.0,2,137,250.0
P,Offset,1,4.0,2,137,250.0
P,Onset,-2,-8.0,2,137,250.0
P,Offset,4,16.0,2,137,250.0
P,Onset,-1,-4.0,2,137,250.0
P,Offset,3,12.0,2,137,250.0
P,Onset,1,4.0,2,137,250.0
P,Offset,1,4.0,2,137,250.0
P,Onset,-1,-4.0,2,137,250.0
P,Offset,-2,-8.0,2,137,250.0
P,Onset,0,0.0,2,137,250.0
P,Offset,-3,-12.0,2,137,250.0
P,Onset,-1,-4.0,2,137,250.0
P,Offset,-3,-12.0,2,137,250.0
P,Onset,-1,-4.0,2,137,250.0
P,Offset,-5,-20.0,2,137,250.0
T,Onset,2,8.0,2,137,250.0
T,Offset,-3,-12.0,2,137,250.0
T,Onset,4,16.0,2,137,250.0
T,Offset,-5,-20.0,2,137,250.0
T,Onset,0,0.0,2,137,250.0
T,Offset,-3,-12.0,2,137,250.0
T,Onset,-1,-4.0,2,137,250.0
T,Offset,-2,-8.0,2,137,250.0
T,Onset,5,20.0,2,137,250.0
T,Offset,2,8.0,2,137,250.0
T,Onset,9,36.0,2,137,250.0
T,Offset,-2,-8.0,2,137,250.0
T,Onset,9,36.0,2,137,250.0
T,Offset,-1,-4.0,2,137,250.0
T,Onset,4,16.0,2,137,250.0
T,Offset,-26,-104.0,2,137,250.0
P,Onset,0,0.0,2,138,250.0
P,Offset,-4,-16.0,2,138,250.0
P,Onset,-1,-4.0,2,138,250.0
P,Offset,-3,-12.0,2,138,250.0
P,Onset,-3,-12.0,2,138,250.0
P,Offset,-2,-8.0,2,138,250.0
P,Onset,-2,-8.0,2,138,250.0
P,Offset,-3,-12.0,2,138,250.0
P,Onset,1,4.0,2,138,250.0
P,Offset,-7,-28.0,2,138,250.0
P,Onset,0,0.0,2,138,250.0
P,Offset,-6,-24.0,2,138,250.0
P,Onset,-2,-8.0,2,138,250.0
P,Offset,-9,-36.0,2,138,250.0
T,Onset,19,76.0,2,138,250.0
T,Offset,-22,-88.0,2,138,250.0
T,Onset,19,76.0,2,138,250.0
T,Offset,-15,-60.0,2,138,250.0
T,Onset,-21,-84.0,2,138,250.0
T,Offset,34,136.0,2,138,250.0
T,Onset,2,8.0,2,138,250.0
T,Offset,-20,-80.0,2,138,250.0
T,Onset,-13,-52.0,2,138,250.0
T,Offset,-6,-24.0,2,138,250.0
T,Onset,-9,-36.0,2,138,250.0
T,Offset,-12,-48.0,2,138,250.0
T,Onset,-3,-12.0,2,138,250.0
T,Offset,35,140.0,2,138,250.0
P,Onset,-2,-8.0,2,139,250.0
P,Offset,2,8.0,2,139,250.0
P,Onset,1,4.0,2,139,250.0
P,Offset,0,0.0,2,139,250.0
P,Onset,4,16.0,2,139,250.0
P,Offset,-2,-8.0,2,139,250.0
P,Onset,1,4.0,2,139,250.0
P,Offset,1,4.0,2,139,250.0
P,Onset,-3,-12.0,2,139,250.0
P,Offset,0,0.0,2,139,250.0
P,Onset,11,44.0,2,139,250.0
P,Offset,-3,-12.0,2,139,250.0
P,Onset,12,48.0,2,139,250.0
P,Offset,-4,-16.0,2,139,250.0
P,Onset,7,28.0,2,139,250.0
P,Offset,5,20.0,2,139,250.0
P,Onset,12,48.0,2,139,250.0
P,Offset,1,4.0,2,139,250.0
T,Onset,1,4.0,2,139,250.0
T,Offset,-1,-4.0,2,139,250.0
T,Onset,3,12.0,2,139,250.0
T,Offset,0,0.0,2,139,250.0
T,Onset,0,0.0,2,139,250.0
T,Offset,-4,-16.0,2,139,250.0
T,Onset,0,0.0,2,139,250.0
T,Offset,-6,-24.0,2,139,250.0
T,Onset,-7,-28.0,2,139,250.0
T,Offset,0,0.0,2,139,250.0
T,Onset,2,8.0,2,139,250.0
T,Offset,-10,-40.0,2,139,250.0
T,Onset,9,36.0,2,139,250.0
T,Offset,-1,-4.0,2,139,250.0
T,Onset,17,68.0,2,139,250.0
T,Offset,4,16.0,2,139,250.0
T,Onset,-9,-36.0,2,139,250.0
T,Offset,-16,-64.0,2,139,250.0
P,Onset,1,4.0,2,14,250.0
P,Offset,-1,-4.0,2,14,250.0
P,Onset,0,0.0,2,14,250.0
P,Offset,0,0.0,2,14,250.0
P,Onset,1,4.0,2,14,250.0
P,Offset,-1,-4.0,2,14,250.0
P,Onset,2,8.0,2,14,250.0
P,Offset,-2,-8.0,2,14,250.0
P,Onset,1,4.0,2,14,250.0
P,Offset,0,0.0,2,14,250.0
P,Onset,2,8.0,2,14,250.0
P,Offset,-1,-4.0,2,14,250.0
P,Onset,2,8.0,2,14,250.0
P,Offset,0,0.0,2,14,250.0
P,Onset,3,12.0,2,14,250.0
P,Offset,-1,-4.0,2,14,250.0
P,Onset,-1,-4.0,2,14,250.0
P,Offset,-1,-4.0,2,14,250.0
P,Onset,2,8.0,2,14,250.0
P,Offset,0,0.0,2,14,250.0
P,Onset,5,20.0,2,14,250.0
P,Offset,-19,-76.0,2,14,250.0
T,Onset,2,8.0,2,14,250.0
T,Offset,-3,-12.0,2,14,250.0
T,Onset,-1,-4.0,2,14,250.0
T,Offset,-1,-4.0,2,14,250.0
T,Onset,-1,-4.0,2,14,250.0
T,Offset,-2,-8.0,2,14,250.0
T,Onset,7,28.0,2,14,250.0
T,Offset,-4,-16.0,2,14,250.0
T,Onset,-3,-12.0,2,14,250.0
T,Offset,-1,-4.0,2,14,250.0
T,Onset,-1,-4.0,2,14,250.0
T,Offset,-3,-12.0,2,14,250.0
T,Onset,0,0.0,2,14,250.0
T,Offset,-5,-20.0,2,14,250.0
T,Onset,9,36.0,2,14,250.0
T,Offset,-4,-16.0,2,14,250.0
T,Onset,-3,-12.0,2,14,250.0
T,Offset,-3,-12.0,2,14,250.0
T,Onset,-2,-8.0,2,14,250.0
T,Offset,-5,-20.0,2,14,250.0
T,Onset,-2,-8.0,2,14,250.0
T,Offset,-9,-36.0,2,14,250.0
P,Onset,12,48.0,2,140,250.0
P,Offset,-12,-48.0,2,140,250.0
P,Onset,5,20.0,2,140,250.0
P,Offset,-13,-52.0,2,140,250.0
T,Onset,2,8.0,2,140,250.0
T,Offset,-3,-12.0,2,140,250.0
T,Onset,4,16.0,2,140,250.0
T,Offset,-2,-8.0,2,140,250.0
T,Onset,6,24.0,2,140,250.0
T,Offset,-2,-8.0,2,140,250.0
T,Onset,7,28.0,2,140,250.0
T,Offset,-3,-12.0,2,140,250.0
T,Onset,6,24.0,2,140,250.0
T,Offset,-2,-8.0,2,140,250.0
T,Onset,5,20.0,2,140,250.0
T,Offset,0,0.0,2,140,250.0
T,Onset,5,20.0,2,140,250.0
T,Offset,0,0.0,2,140,250.0
T,Onset,8,32.0,2,140,250.0
T,Offset,1,4.0,2,140,250.0
T,Onset,9,36.0,2,140,250.0
T,Offset,0,0.0,2,140,250.0
T,Onset,13,52.0,2,140,250.0
T,Offset,-2,-8.0,2,140,250.0
P,Onset,2,8.0,2,141,250.0
P,Offset,-2,-8.0,2,141,250.0
P,Onset,2,8.0,2,141,250.0
P,Offset,-1,-4.0,2,141,250.0
P,Onset,-1,-4.0,2,141,250.0
P,Offset,0,0.0,2,141,250.0
P,Onset,3,12.0,2,141,250.0
P,Offset,-4,-16.0,2,141,250.0
P,Onset,3,12.0,2,141,250.0
P,Offset,-4,-16.0,2,141,250.0
P,Onset,4,16.0,2,141,250.0
P,Offset,-2,-8.0,2,141,250.0
P,Onset,1,4.0,2,141,250.0
P,Offset,-5,-20.0,2,141,250.0
T,Onset,1,4.0,2,141,250.0
T,Offset,-1,-4.0,2,141,250.0
T,Onset,6,24.0,2,141,250.0
T,Offset,-2,-8.0,2,141,250.0
T,Onset,7,28.0,2,141,250.0
T,Offset,0,0.0,2,141,250.0
T,Onset,8,32.0,2,141,250.0
T,Offset,-1,-4.0,2,141,250.0
T,Onset,10,40.0,2,141,250.0
T,Offset,-2,-8.0,2,141,250.0
T,Onset,7,28.0,2,141,250.0
T,Offset,3,12.0,2,141,250.0
T,Onset,8,32.0,2,141,250.0
T,Offset,4,16.0,2,141,250.0
P,Onset,2,8.0,2,142,250.0
P,Offset,-2,-8.0,2,142,250.0
P,Onset,1,4.0,2,142,250.0
P,Offset,-2,-8.0,2,142,250.0
P,Onset,1,4.0,2,142,250.0
P,Offset,-3,-12.0,2,142,250.0
P,Onset,2,8.0,2,142,250.0
P,Offset,-4,-16.0,2,142,250.0
P,Onset,1,4.0,2,142,250.0
P,Offset,-3,-12.0,2,142,250.0
P,Onset,-1,-4.0,2,142,250.0
P,Offset,-1,-4.0,2,142,250.0
P,Onset,0,0.0,2,142,250.0
P,Offset,-3,-12.0,2,142,250.0
P,Onset,-1,-4.0,2,142,250.0
P,Offset,-2,-8.0,2,142,250.0
P,Onset,-2,-8.0,2,142,250.0
P,Offset,-2,-8.0,2,142,250.0
T,Onset,0,0.0,2,142,250.0
T,Offset,0,0.0,2,142,250.0
T,Onset,2,8.0,2,142,250.0
T,Offset,-2,-8.0,2,142,250.0
T,Onset,2,8.0,2,142,250.0
T,Offset,-3,-12.0,2,142,250.0
T,Onset,4,16.0,2,142,250.0
T,Offset,-6,-24.0,2,142,250.0
T,Onset,1,4.0,2,142,250.0
T,Offset,2,8.0,2,142,250.0
T,Onset,-1,-4.0,2,142,250.0
T,Offset,-3,-12.0,2,142,250.0
T,Onset,6,24.0,2,142,250.0
T,Offset,0,0.0,2,142,250.0
T,Onset,5,20.0,2,142,250.0
T,Offset,2,8.0,2,142,250.0
T,Onset,9,36.0,2,142,250.0
T,Offset,-1,-4.0,2,142,250.0
P,Onset,1,4.0,2,143,250.0
P,Offset,-2,-8.0,2,143,250.0
P,Onset,1,4.0,2,143,250.0
P,Offset,0,0.0,2,143,250.0
P,Onset,1,4.0,2,143,250.0
P,Offset,0,0.0,2,143,250.0
P,Onset,2,8.0,2,143,250.0
P,Offset,-1,-4.0,2,143,250.0
P,Onset,-1,-4.0,2,143,250.0
P,Offset,0,0.0,2,143,250.0
P,Onset,0,0.0,2,143,250.0
P,Offset,1,4.0,2,143,250.0
P,Onset,0,0.0,2,143,250.0
P,Offset,-2,-8.0,2,143,250.0
P,Onset,0,0.0,2,143,250.0
P,Offset,-2,-8.0,2,143,250.0
P,Onset,1,4.0,2,143,250.0
P,Offset,-3,-12.0,2,143,250.0
P,Onset,0,0.0,2,143,250.0
P,Offset,-3,-12.0,2,143,250.0
P,Onset,-1,-4.0,2,143,250.0
P,Offset,-3,-12.0,2,143,250.0
T,Onset,3,12.0,2,143,250.0
T,Offset,-3,-12.0,2,143,250.0
T,Onset,1,4.0,2,143,250.0
T,Offset,-3,-12.0,2,143,250.0
T,Onset,5,20.0,2,143,250.0
T,Offset,-3,-12.0,2,143,250.0
T,Onset,6,24.0,2,143,250.0
T,Offset,-3,-12.0,2,143,250.0
T,Onset,6,24.0,2,143,250.0
T,Offset,-3,-12.0,2,143,250.0
T,Onset,6,24.0,2,143,250.0
T,Offset,-3,-12.0,2,143,250.0
T,Onset,8,32.0,2,143,250.0
T,Offset,-4,-16.0,2,143,250.0
T,Onset,6,24.0,2,143,250.0
T,Offset,-1,-4.0,2,143,250.0
T,Onset,7,28.0,2,143,250.0
T,Offset,-2,-8.0,2,143,250.0
T,Onset,7,28.0,2,143,250.0
T,Offset,-2,-8.0,2,143,250.0
T,Onset,9,36.0,2,143,250.0
T,Offset,-1,-4.0,2,143,250.0
P,Onset,2,8.0,2,144,250.0
P,Offset,-2,-8.0,2,144,250.0
P,Onset,0,0.0,2,144,250.0
P,Offset,1,4.0,2,144,250.0
P,Onset,1,4.0,2,144,250.0
P,Offset,-3,-12.0,2,144,250.0
P,Onset,1,4.0,2,144,250.0
P,Offset,-3,-12.0,2,144,250.0
P,Onset,0,0.0,2,144,250.0
P,Offset,-3,-12.0,2,144,250.0
P,Onset,-2,-8.0,2,144,250.0
P,Offset,-2,-8.0,2,144,250.0
P,Onset,-3,-12.0,2,144,250.0
P,Offset,-2,-8.0,2,144,250.0
P,Onset,-2,-8.0,2,144,250.0
P,Offset,-3,-12.0,2,144,250.0
T,Onset,-1,-4.0,2,144,250.0
T,Offset,1,4.0,2,144,250.0
T,Onset,3,12.0,2,144,250.0
T,Offset,-2,-8.0,2,144,250.0
T,Onset,17,68.0,2,144,250.0
T,Offset,-15,-60.0,2,144,250.0
T,Onset,1,4.0,2,144,250.0
T,Offset,1,4.0,2,144,250.0
T,Onset,1,4.0,2,144,250.0
T,Offset,-3,-12.0,2,144,250.0
T,Onset,-1,-4.0,2,144,250.0
T,Offset,-2,-8.0,2,144,250.0
T,Onset,11,44.0,2,144,250.0
T,Offset,-1,-4.0,2,144,250.0
T,Onset,11,44.0,2,144,250.0
T,Offset,0,0.0,2,144,250.0
P,Onset,2,8.0,2,145,250.0
P,Offset,-1,-4.0,2,145,250.0
P,Onset,1,4.0,2,145,250.0
P,Offset,-2,-8.0,2,145,250.0
P,Onset,1,4.0,2,145,250.0
P,Offset,-3,-12.0,2,145,250.0
P,Onset,1,4.0,2,145,250.0
P,Offset,-3,-12.0,2,145,250.0
P,Onset,0,0.0,2,145,250.0
P,Offset,-4,-16.0,2,145,250.0
P,Onset,-1,-4.0,2,145,250.0
P,Offset,-3,-12.0,2,145,250.0
P,Onset,-2,-8.0,2,145,250.0
P,Offset,-6,-24.0,2,145,250.0
P,Onset,0,0.0,2,145,250.0
P,Offset,-10,-40.0,2,145,250.0
T,Onset,8,32.0,2,145,250.0
T,Offset,-3,-12.0,2,145,250.0
T,Onset,6,24.0,2,145,250.0
T,Offset,0,0.0,2,145,250.0
T,Onset,11,44.0,2,145,250.0
T,Offset,-5,-20.0,2,145,250.0
T,Onset,10,40.0,2,145,250.0
T,Offset,-4,-16.0,2,145,250.0
T,Onset,12,48.0,2,145,250.0
T,Offset,-5,-20.0,2,145,250.0
T,Onset,11,44.0,2,145,250.0
T,Offset,-4,-16.0,2,145,250.0
T,Onset,12,48.0,2,145,250.0
T,Offset,-4,-16.0,2,145,250.0
T,Onset,14,56.0,2,145,250.0
T,Offset,-4,-16.0,2,145,250.0
P,Onset,1,4.0,2,146,250.0
P,Offset,-1,-4.0,2,146,250.0
P,Onset,0,0.0,2,146,250.0
P,Offset,1,4.0,2,146,250.0
P,Onset,1,4.0,2,146,250.0
P,Offset,-4,-16.0,2,146,250.0
P,Onset,-1,-4.0,2,146,250.0
P,Offset,-2,-8.0,2,146,250.0
P,Onset,2,8.0,2,146,250.0
P,Offset,-6,-24.0,2,146,250.0
P,Onset,-2,-8.0,2,146,250.0
P,Offset,-3,-12.0,2,146,250.0
P,Onset,-3,-12.0,2,146,250.0
P,Offset,-4,-16.0,2,146,250.0
T,Onset,3,12.0,2,146,250.0
T,Offset,-2,-8.0,2,146,250.0
T,Onset,7,28.0,2,146,250.0
T,Offset,-6,-24.0,2,146,250.0
T,Onset,4,16.0,2,146,250.0
T,Offset,-1,-4.0,2,146,250.0
T,Onset,2,8.0,2,146,250.0
T,Offset,2,8.0,2,146,250.0
T,Onset,6,24.0,2,146,250.0
T,Offset,-1,-4.0,2,146,250.0
T,Onset,7,28.0,2,146,250.0
T,Offset,-2,-8.0,2,146,250.0
T,Onset,9,36.0,2,146,250.0
T,Offset,-3,-12.0,2,146,250.0
P,Onset,2,8.0,2,147,250.0
P,Offset,-4,-16.0,2,147,250.0
P,Onset,5,20.0,2,147,250.0
P,Offset,-3,-12.0,2,147,250.0
P,Onset,5,20.0,2,147,250.0
P,Offset,-2,-8.0,2,147,250.0
P,Onset,6,24.0,2,147,250.0
P,Offset,-3,-12.0,2,147,250.0
P,Onset,3,12.0,2,147,250.0
P,Offset,0,0.0,2,147,250.0
P,Onset,5,20.0,2,147,250.0
P,Offset,0,0.0,2,147,250.0
P,Onset,8,32.0,2,147,250.0
P,Offset,-2,-8.0,2,147,250.0
T,Onset,3,12.0,2,147,250.0
T,Offset,-4,-16.0,2,147,250.0
T,Onset,2,8.0,2,147,250.0
T,Offset,0,0.0,2,147,250.0
T,Onset,3,12.0,2,147,250.0
T,Offset,-5,-20.0,2,147,250.0
T,Onset,3,12.0,2,147,250.0
T,Offset,-1,-4.0,2,147,250.0
T,Onset,-7,-28.0,2,147,250.0
T,Offset,2,8.0,2,147,250.0
T,Onset,6,24.0,2,147,250.0
T,Offset,-1,-4.0,2,147,250.0
T,Onset,1,4.0,2,147,250.0
T,Offset,4,16.0,2,147,250.0
P,Onset,1,4.0,2,148,250.0
P,Offset,-1,-4.0,2,148,250.0
P,Onset,1,4.0,2,148,250.0
P,Offset,-1,-4.0,2,148,250.0
P,Onset,1,4.0,2,148,250.0
P,Offset,-1,-4.0,2,148,250.0
P,Onset,0,0.0,2,148,250.0
P,Offset,0,0.0,2,148,250.0
P,Onset,2,8.0,2,148,250.0
P,Offset,-1,-4.0,2,148,250.0
P,Onset,0,0.0,2,148,250.0
P,Offset,-1,-4.0,2,148,250.0
P,Onset,4,16.0,2,148,250.0
P,Offset,-2,-8.0,2,148,250.0
P,Onset,3,12.0,2,148,250.0
P,Offset,-1,-4.0,2,148,250.0
P,Onset,0,0.0,2,148,250.0
P,Offset,-3,-12.0,2,148,250.0
T,Onset,2,8.0,2,148,250.0
T,Offset,-1,-4.0,2,148,250.0
T,Onset,1,4.0,2,148,250.0
T,Offset,-2,-8.0,2,148,250.0
T,Onset,3,12.0,2,148,250.0
T,Offset,-4,-16.0,2,148,250.0
T,Onset,3,12.0,2,148,250.0
T,Offset,-4,-16.0,2,148,250.0
T,Onset,3,12.0,2,148,250.0
T,Offset,-2,-8.0,2,148,250.0
T,Onset,4,16.0,2,148,250.0
T,Offset,-1,-4.0,2,148,250.0
T,Onset,6,24.0,2,148,250.0
T,Offset,-2,-8.0,2,148,250.0
T,Onset,7,28.0,2,148,250.0
T,Offset,-3,-12.0,2,148,250.0
T,Onset,8,32.0,2,148,250.0
T,Offset,0,0.0,2,148,250.0
P,Onset,1,4.0,2,149,250.0
P,Offset,-1,-4.0,2,149,250.0
P,Onset,0,0.0,2,149,250.0
P,Offset,0,0.0,2,149,250.0
P,Onset,1,4.0,2,149,250.0
P,Offset,-1,-4.0,2,149,250.0
P,Onset,-1,-4.0,2,149,250.0
P,Offset,0,0.0,2,149,250.0
P,Onset,2,8.0,2,149,250.0
P,Offset,-3,-12.0,2,149,250.0
P,Onset,1,4.0,2,149,250.0
P,Offset,-2,-8.0,2,149,250.0
P,Onset,3,12.0,2,149,250.0
P,Offset,-5,-20.0,2,149,250.0
P,Onset,2,8.0,2,149,250.0
P,Offset,-4,-16.0,2,149,250.0
T,Onset,6,24.0,2,149,250.0
T,Offset,-4,-16.0,2,149,250.0
T,Onset,7,28.0,2,149,250.0
T,Offset,-3,-12.0,2,149,250.0
T,Onset,9,36.0,2,149,250.0
T,Offset,-4,-16.0,2,149,250.0
T,Onset,8,32.0,2,149,250.0
T,Offset,-3,-12.0,2,149,250.0
T,Onset,7,28.0,2,149,250.0
T,Offset,-1,-4.0,2,149,250.0
T,Onset,9,36.0,2,149,250.0
T,Offset,-2,-8.0,2,149,250.0
T,Onset,11,44.0,2,149,250.0
T,Offset,-2,-8.0,2,149,250.0
T,Onset,10,40.0,2,149,250.0
T,Offset,-1,-4.0,2,149,250.0
P,Onset,4,16.0,2,15,250.0
P,Offset,-4,-16.0,2,15,250.0
P,Onset,4,16.0,2,15,250.0
P,Offset,-3,-12.0,2,15,250.0
P,Onset,4,16.0,2,15,250.0
P,Offset,-1,-4.0,2,15,250.0
P,Onset,6,24.0,2,15,250.0
P,Offset,-3,-12.0,2,15,250.0
P,Onset,-1,-4.0,2,15,250.0
P,Offset,-2,-8.0,2,15,250.0
P,Onset,6,24.0,2,15,250.0
P,Offset,-1,-4.0,2,15,250.0
P,Onset,8,32.0,2,15,250.0
P,Offset,-2,-8.0,2,15,250.0
T,Onset,6,24.0,2,15,250.0
T,Offset,-6,-24.0,2,15,250.0
T,Onset,5,20.0,2,15,250.0
T,Offset,-8,-32.0,2,15,250.0
T,Onset,-3,-12.0,2,15,250.0
T,Offset,-1,-4.0,2,15,250.0
T,Onset,10,40.0,2,15,250.0
T,Offset,-15,-60.0,2,15,250.0
T,Onset,3,12.0,2,15,250.0
T,Offset,-8,-32.0,2,15,250.0
T,Onset,7,28.0,2,15,250.0
T,Offset,0,0.0,2,15,250.0
T,Onset,3,12.0,2,15,250.0
T,Offset,-15,-60.0,2,15,250.0
P,Onset,-2,-8.0,2,151,250.0
P,Offset,2,8.0,2,151,250.0
P,Onset,1,4.0,2,151,250.0
P,Offset,-1,-4.0,2,151,250.0
P,Onset,1,4.0,2,151,250.0
P,Offset,-1,-4.0,2,151,250.0
P,Onset,1,4.0,2,151,250.0
P,Offset,0,0.0,2,151,250.0
P,Onset,0,0.0,2,151,250.0
P,Offset,1,4.0,2,151,250.0
P,Onset,0,0.0,2,151,250.0
P,Offset,1,4.0,2,151,250.0
P,Onset,-2,-8.0,2,151,250.0
P,Offset,0,0.0,2,151,250.0
P,Onset,-1,-4.0,2,151,250.0
P,Offset,-1,-4.0,2,151,250.0
P,Onset,0,0.0,2,151,250.0
P,Offset,-2,-8.0,2,151,250.0
T,Onset,-1,-4.0,2,151,250.0
T,Offset,1,4.0,2,151,250.0
T,Onset,1,4.0,2,151,250.0
T,Offset,0,0.0,2,151,250.0
T,Onset,-2,-8.0,2,151,250.0
T,Offset,3,12.0,2,151,250.0
T,Onset,3,12.0,2,151,250.0
T,Offset,-1,-4.0,2,151,250.0
T,Onset,3,12.0,2,151,250.0
T,Offset,3,12.0,2,151,250.0
T,Onset,7,28.0,2,151,250.0
T,Offset,-1,-4.0,2,151,250.0
T,Onset,4,16.0,2,151,250.0
T,Offset,3,12.0,2,151,250.0
T,Onset,10,40.0,2,151,250.0
T,Offset,-1,-4.0,2,151,250.0
T,Onset,1,4.0,2,151,250.0
T,Offset,-12,-48.0,2,151,250.0
P,Onset,-1,-4.0,2,152,250.0
P,Offset,1,4.0,2,152,250.0
P,Onset,-1,-4.0,2,152,250.0
P,Offset,1,4.0,2,152,250.0
P,Onset,1,4.0,2,152,250.0
P,Offset,0,0.0,2,152,250.0
P,Onset,-1,-4.0,2,152,250.0
P,Offset,0,0.0,2,152,250.0
P,Onset,0,0.0,2,152,250.0
P,Offset,-1,-4.0,2,152,250.0
P,Onset,-1,-4.0,2,152,250.0
P,Offset,0,0.0,2,152,250.0
P,Onset,1,4.0,2,152,250.0
P,Offset,1,4.0,2,152,250.0
P,Onset,-2,-8.0,2,152,250.0
P,Offset,0,0.0,2,152,250.0
T,Onset,0,0.0,2,152,250.0
T,Offset,-2,-8.0,2,152,250.0
T,Onset,4,16.0,2,152,250.0
T,Offset,0,0.0,2,152,250.0
T,Onset,8,32.0,2,152,250.0
T,Offset,-3,-12.0,2,152,250.0
T,Onset,8,32.0,2,152,250.0
T,Offset,-3,-12.0,2,152,250.0
T,Onset,6,24.0,2,152,250.0
T,Offset,1,4.0,2,152,250.0
T,Onset,7,28.0,2,152,250.0
T,Offset,0,0.0,2,152,250.0
T,Onset,9,36.0,2,152,250.0
T,Offset,-1,-4.0,2,152,250.0
T,Onset,8,32.0,2,152,250.0
T,Offset,1,4.0,2,152,250.0
P,Onset,1,4.0,2,153,250.0
P,Offset,-1,-4.0,2,153,250.0
P,Onset,2,8.0,2,153,250.0
P,Offset,-2,-8.0,2,153,250.0
P,Onset,0,0.0,2,153,250.0
P,Offset,-1,-4.0,2,153,250.0
P,Onset,0,0.0,2,153,250.0
P,Offset,-1,-4.0,2,153,250.0
P,Onset,0,0.0,2,153,250.0
P,Offset,-1,-4.0,2,153,250.0
P,Onset,1,4.0,2,153,250.0
P,Offset,-2,-8.0,2,153,250.0
P,Onset,-1,-4.0,2,153,250.0
P,Offset,-1,-4.0,2,153,250.0
T,Onset,-2,-8.0,2,153,250.0
T,Offset,-4,-16.0,2,153,250.0
T,Onset,5,20.0,2,153,250.0
T,Offset,1,4.0,2,153,250.0
T,Onset,9,36.0,2,153,250.0
T,Offset,-2,-8.0,2,153,250.0
T,Onset,11,44.0,2,153,250.0
T,Offset,-1,-4.0,2,153,250.0
T,Onset,12,48.0,2,153,250.0
T,Offset,0,0.0,2,153,250.0
T,Onset,13,52.0,2,153,250.0
T,Offset,-1,-4.0,2,153,250.0
T,Onset,7,28.0,2,153,250.0
T,Offset,-20,-80.0,2,153,250.0
P,Onset,1,4.0,2,154,250.0
P,Offset,-1,-4.0,2,154,250.0
P,Onset,0,0.0,2,154,250.0
P,Offset,-1,-4.0,2,154,250.0
P,Onset,-1,-4.0,2,154,250.0
P,Offset,-1,-4.0,2,154,250.0
P,Onset,0,0.0,2,154,250.0
P,Offset,-2,-8.0,2,154,250.0
P,Onset,8,32.0,2,154,250.0
P,Offset,-5,-20.0,2,154,250.0
P,Onset,4,16.0,2,154,250.0
P,Offset,-1,-4.0,2,154,250.0
P,Onset,5,20.0,2,154,250.0
P,Offset,-1,-4.0,2,154,250.0
P,Onset,-2,-8.0,2,154,250.0
P,Offset,-4,-16.0,2,154,250.0
T,Onset,1,4.0,2,154,250.0
T,Offset,-2,-8.0,2,154,250.0
T,Onset,0,0.0,2,154,250.0
T,Offset,-1,-4.0,2,154,250.0
T,Onset,8,32.0,2,154,250.0
T,Offset,-9,-36.0,2,154,250.0
T,Onset,3,12.0,2,154,250.0
T,Offset,-1,-4.0,2,154,250.0
T,Onset,4,16.0,2,154,250.0
T,Offset,-1,-4.0,2,154,250.0
T,Onset,6,24.0,2,154,250.0
T,Offset,-1,-4.0,2,154,250.0
T,Onset,5,20.0,2,154,250.0
T,Offset,0,0.0,2,154,250.0
T,Onset,10,40.0,2,154,250.0
T,Offset,-1,-4.0,2,154,250.0
P,Onset,1,4.0,2,155,250.0
P,Offset,-1,-4.0,2,155,250.0
P,Onset,1,4.0,2,155,250.0
P,Offset,-2,-8.0,2,155,250.0
P,Onset,-2,-8.0,2,155,250.0
P,Offset,0,0.0,2,155,250.0
P,Onset,-2,-8.0,2,155,250.0
P,Offset,0,0.0,2,155,250.0
P,Onset,3,12.0,2,155,250.0
P,Offset,0,0.0,2,155,250.0
P,Onset,-1,-4.0,2,155,250.0
P,Offset,6,24.0,2,155,250.0
P,Onset,-1,-4.0,2,155,250.0
P,Offset,-9,-36.0,2,155,250.0
T,Onset,-1,-4.0,2,155,250.0
T,Offset,1,4.0,2,155,250.0
T,Onset,0,0.0,2,155,250.0
T,Offset,1,4.0,2,155,250.0
T,Onset,1,4.0,2,155,250.0
T,Offset,1,4.0,2,155,250.0
T,Onset,2,8.0,2,155,250.0
T,Offset,3,12.0,2,155,250.0
T,Onset,2,8.0,2,155,250.0
T,Offset,3,12.0,2,155,250.0
T,Onset,7,28.0,2,155,250.0
T,Offset,1,4.0,2,155,250.0
T,Onset,9,36.0,2,155,250.0
T,Offset,5,20.0,2,155,250.0
P,Onset,0,0.0,2,157,250.0
P,Offset,-2,-8.0,2,157,250.0
P,Onset,-1,-4.0,2,157,250.0
P,Offset,-1,-4.0,2,157,250.0
P,Onset,-1,-4.0,2,157,250.0
P,Offset,-1,-4.0,2,157,250.0
P,Onset,-1,-4.0,2,157,250.0
P,Offset,-2,-8.0,2,157,250.0
P,Onset,-1,-4.0,2,157,250.0
P,Offset,-2,-8.0,2,157,250.0
P,Onset,-1,-4.0,2,157,250.0
P,Offset,-3,-12.0,2,157,250.0
T,Onset,1,4.0,2,157,250.0
T,Offset,0,0.0,2,157,250.0
T,Onset,2,8.0,2,157,250.0
T,Offset,-1,-4.0,2,157,250.0
T,Onset,4,16.0,2,157,250.0
T,Offset,-2,-8.0,2,157,250.0
T,Onset,3,12.0,2,157,250.0
T,Offset,0,0.0,2,157,250.0
T,Onset,5,20.0,2,157,250.0
T,Offset,0,0.0,2,157,250.0
T,Onset,6,24.0,2,157,250.0
T,Offset,-1,-4.0,2,157,250.0
P,Onset,0,0.0,2,158,250.0
P,Offset,0,0.0,2,158,250.0
P,Onset,1,4.0,2,158,250.0
P,Offset,-1,-4.0,2,158,250.0
P,Onset,1,4.0,2,158,250.0
P,Offset,-2,-8.0,2,158,250.0
P,Onset,1,4.0,2,158,250.0
P,Offset,-2,-8.0,2,158,250.0
P,Onset,-2,-8.0,2,158,250.0
P,Offset,-8,-32.0,2,158,250.0
P,Onset,16,64.0,2,158,250.0
P,Offset,-2,-8.0,2,158,250.0
P,Onset,17,68.0,2,158,250.0
P,Offset,-1,-4.0,2,158,250.0
T,Onset,4,16.0,2,158,250.0
T,Offset,-2,-8.0,2,158,250.0
T,Onset,2,8.0,2,158,250.0
T,Offset,0,0.0,2,158,250.0
T,Onset,7,28.0,2,158,250.0
T,Offset,-11,-44.0,2,158,250.0
T,Onset,0,0.0,2,158,250.0
T,Offset,-8,-32.0,2,158,250.0
T,Onset,12,48.0,2,158,250.0
T,Offset,-4,-16.0,2,158,250.0
T,Onset,11,44.0,2,158,250.0
T,Offset,0,0.0,2,158,250.0
T,Onset,13,52.0,2,158,250.0
T,Offset,-1,-4.0,2,158,250.0
P,Onset,0,0.0,2,159,250.0
P,Offset,0,0.0,2,159,250.0
P,Onset,-1,-4.0,2,159,250.0
P,Offset,1,4.0,2,159,250.0
P,Onset,0,0.0,2,159,250.0
P,Offset,0,0.0,2,159,250.0
P,Onset,1,4.0,2,159,250.0
P,Offset,0,0.0,2,159,250.0
P,Onset,-2,-8.0,2,159,250.0
P,Offset,1,4.0,2,159,250.0
P,Onset,-2,-8.0,2,159,250.0
P,Offset,1,4.0,2,159,250.0
P,Onset,-3,-12.0,2,159,250.0
P,Offset,2,8.0,2,159,250.0
P,Onset,1,4.0,2,159,250.0
P,Offset,1,4.0,2,159,250.0
T,Onset,8,32.0,2,159,250.0
T,Offset,-4,-16.0,2,159,250.0
T,Onset,8,32.0,2,159,250.0
T,Offset,-4,-16.0,2,159,250.0
T,Onset,9,36.0,2,159,250.0
T,Offset,-4,-16.0,2,159,250.0
T,Onset,10,40.0,2,159,250.0
T,Offset,-4,-16.0,2,159,250.0
T,Onset,12,48.0,2,159,250.0
T,Offset,-5,-20.0,2,159,250.0
T,Onset,11,44.0,2,159,250.0
T,Offset,-4,-16.0,2,159,250.0
T,Onset,14,56.0,2,159,250.0
T,Offset,-5,-20.0,2,159,250.0
T,Onset,14,56.0,2,159,250.0
T,Offset,-4,-16.0,2,159,250.0
P,Onset,3,12.0,2,16,250.0
P,Offset,-3,-12.0,2,16,250.0
P,Onset,4,16.0,2,16,250.0
P,Offset,-5,-20.0,2,16,250.0
P,Onset,4,16.0,2,16,250.0
P,Offset,-1,-4.0,2,16,250.0
P,Onset,7,28.0,2,16,250.0
P,Offset,-3,-12.0,2,16,250.0
P,Onset,6,24.0,2,16,250.0
P,Offset,-2,-8.0,2,16,250.0
P,Onset,6,24.0,2,16,250.0
P,Offset,-2,-8.0,2,16,250.0
P,Onset,8,32.0,2,16,250.0
P,Offset,-2,-8.0,2,16,250.0
P,Onset,9,36.0,2,16,250.0
P,Offset,-3,-12.0,2,16,250.0
P,Onset,8,32.0,2,16,250.0
P,Offset,-1,-4.0,2,16,250.0
T,Onset,3,12.0,2,16,250.0
T,Offset,-3,-12.0,2,16,250.0
T,Onset,3,12.0,2,16,250.0
T,Offset,-2,-8.0,2,16,250.0
T,Onset,3,12.0,2,16,250.0
T,Offset,-4,-16.0,2,16,250.0
T,Onset,3,12.0,2,16,250.0
T,Offset,-4,-16.0,2,16,250.0
T,Onset,4,16.0,2,16,250.0
T,Offset,-2,-8.0,2,16,250.0
T,Onset,6,24.0,2,16,250.0
T,Offset,-3,-12.0,2,16,250.0
T,Onset,6,24.0,2,16,250.0
T,Offset,-3,-12.0,2,16,250.0
T,Onset,6,24.0,2,16,250.0
T,Offset,-3,-12.0,2,16,250.0
T,Onset,6,24.0,2,16,250.0
T,Offset,-1,-4.0,2,16,250.0
P,Onset,3,12.0,2,161,250.0
P,Offset,-2,-8.0,2,161,250.0
P,Onset,0,0.0,2,161,250.0
P,Offset,-1,-4.0,2,161,250.0
P,Onset,1,4.0,2,161,250.0
P,Offset,-2,-8.0,2,161,250.0
P,Onset,1,4.0,2,161,250.0
P,Offset,-2,-8.0,2,161,250.0
P,Onset,2,8.0,2,161,250.0
P,Offset,0,0.0,2,161,250.0
P,Onset,-2,-8.0,2,161,250.0
P,Offset,-1,-4.0,2,161,250.0
P,Onset,8,32.0,2,161,250.0
P,Offset,-1,-4.0,2,161,250.0
T,Onset,3,12.0,2,161,250.0
T,Offset,1,4.0,2,161,250.0
T,Onset,8,32.0,2,161,250.0
T,Offset,-3,-12.0,2,161,250.0
T,Onset,10,40.0,2,161,250.0
T,Offset,-3,-12.0,2,161,250.0
T,Onset,6,24.0,2,161,250.0
T,Offset,1,4.0,2,161,250.0
T,Onset,7,28.0,2,161,250.0
T,Offset,2,8.0,2,161,250.0
T,Onset,9,36.0,2,161,250.0
T,Offset,0,0.0,2,161,250.0
T,Onset,8,32.0,2,161,250.0
T,Offset,2,8.0,2,161,250.0
P,Onset,1,4.0,2,162,250.0
P,Offset,-1,-4.0,2,162,250.0
P,Onset,0,0.0,2,162,250.0
P,Offset,0,0.0,2,162,250.0
P,Onset,0,0.0,2,162,250.0
P,Offset,0,0.0,2,162,250.0
P,Onset,-1,-4.0,2,162,250.0
P,Offset,1,4.0,2,162,250.0
P,Onset,0,0.0,2,162,250.0
P,Offset,-1,-4.0,2,162,250.0
P,Onset,1,4.0,2,162,250.0
P,Offset,0,0.0,2,162,250.0
P,Onset,-1,-4.0,2,162,250.0
P,Offset,0,0.0,2,162,250.0
P,Onset,0,0.0,2,162,250.0
P,Offset,1,4.0,2,162,250.0
P,Onset,0,0.0,2,162,250.0
P,Offset,-1,-4.0,2,162,250.0
T,Onset,4,16.0,2,162,250.0
T,Offset,-4,-16.0,2,162,250.0
T,Onset,7,28.0,2,162,250.0
T,Offset,-5,-20.0,2,162,250.0
T,Onset,7,28.0,2,162,250.0
T,Offset,-4,-16.0,2,162,250.0
T,Onset,6,24.0,2,162,250.0
T,Offset,-2,-8.0,2,162,250.0
T,Onset,8,32.0,2,162,250.0
T,Offset,-4,-16.0,2,162,250.0
T,Onset,3,12.0,2,162,250.0
T,Offset,2,8.0,2,162,250.0
T,Onset,6,24.0,2,162,250.0
T,Offset,-1,-4.0,2,162,250.0
T,Onset,8,32.0,2,162,250.0
T,Offset,-3,-12.0,2,162,250.0
T,Onset,10,40.0,2,162,250.0
T,Offset,-3,-12.0,2,162,250.0
P,Onset,0,0.0,2,163,250.0
P,Offset,0,0.0,2,163,250.0
P,Onset,-1,-4.0,2,163,250.0
P,Offset,1,4.0,2,163,250.0
P,Onset,-1,-4.0,2,163,250.0
P,Offset,2,8.0,2,163,250.0
P,Onset,-1,-4.0,2,163,250.0
P,Offset,0,0.0,2,163,250.0
P,Onset,2,8.0,2,163,250.0
P,Offset,-1,-4.0,2,163,250.0
P,Onset,1,4.0,2,163,250.0
P,Offset,-3,-12.0,2,163,250.0
P,Onset,2,8.0,2,163,250.0
P,Offset,0,0.0,2,163,250.0
P,Onset,-2,-8.0,2,163,250.0
P,Offset,-1,-4.0,2,163,250.0
P,Onset,-1,-4.0,2,163,250.0
P,Offset,-3,-12.0,2,163,250.0
T,Onset,-3,-12.0,2,163,250.0
T,Offset,2,8.0,2,163,250.0
T,Onset,14,56.0,2,163,250.0
T,Offset,-13,-52.0,2,163,250.0
T,Onset,-4,-16.0,2,163,250.0
T,Offset,2,8.0,2,163,250.0
T,Onset,0,0.0,2,163,250.0
T,Offset,-2,-8.0,2,163,250.0
T,Onset,-6,-24.0,2,163,250.0
T,Offset,-3,-12.0,2,163,250.0
T,Onset,-7,-28.0,2,163,250.0
T,Offset,-2,-8.0,2,163,250.0
T,Onset,-4,-16.0,2,163,250.0
T,Offset,-9,-36.0,2,163,250.0
T,Onset,-6,-24.0,2,163,250.0
T,Offset,-7,-28.0,2,163,250.0
T,Onset,-14,-56.0,2,163,250.0
T,Offset,-4,-16.0,2,163,250.0
P,Onset,0,0.0,2,164,250.0
P,Offset,1,4.0,2,164,250.0
P,Onset,-1,-4.0,2,164,250.0
P,Offset,2,8.0,2,164,250.0
P,Onset,2,8.0,2,164,250.0
P,Offset,-1,-4.0,2,164,250.0
P,Onset,-2,-8.0,2,164,250.0
P,Offset,1,4.0,2,164,250.0
P,Onset,0,0.0,2,164,250.0
P,Offset,-2,-8.0,2,164,250.0
P,Onset,-1,-4.0,2,164,250.0
P,Offset,-2,-8.0,2,164,250.0
P,Onset,3,12.0,2,164,250.0
P,Offset,1,4.0,2,164,250.0
P,Onset,6,24.0,2,164,250.0
P,Offset,-1,-4.0,2,164,250.0
T,Onset,-2,-8.0,2,164,250.0
T,Offset,3,12.0,2,164,250.0
T,Onset,-1,-4.0,2,164,250.0
T,Offset,0,0.0,2,164,250.0
T,Onset,1,4.0,2,164,250.0
T,Offset,1,4.0,2,164,250.0
T,Onset,-1,-4.0,2,164,250.0
T,Offset,3,12.0,2,164,250.0
T,Onset,2,8.0,2,164,250.0
T,Offset,1,4.0,2,164,250.0
T,Onset,2,8.0,2,164,250.0
T,Offset,1,4.0,2,164,250.0
T,Onset,-4,-16.0,2,164,250.0
T,Offset,0,0.0,2,164,250.0
T,Onset,-1,-4.0,2,164,250.0
T,Offset,5,20.0,2,164,250.0
P,Onset,0,0.0,2,165,250.0
P,Offset,0,0.0,2,165,250.0
P,Onset,1,4.0,2,165,250.0
P,Offset,-1,-4.0,2,165,250.0
P,Onset,-2,-8.0,2,165,250.0
P,Offset,1,4.0,2,165,250.0
P,Onset,1,4.0,2,165,250.0
P,Offset,0,0.0,2,165,250.0
P,Onset,2,8.0,2,165,250.0
P,Offset,1,4.0,2,165,250.0
P,Onset,6,24.0,2,165,250.0
P,Offset,0,0.0,2,165,250.0
P,Onset,7,28.0,2,165,250.0
P,Offset,-1,-4.0,2,165,250.0
P,Onset,8,32.0,2,165,250.0
P,Offset,-1,-4.0,2,165,250.0
T,Onset,1,4.0,2,165,250.0
T,Offset,-1,-4.0,2,165,250.0
T,Onset,0,0.0,2,165,250.0
T,Offset,2,8.0,2,165,250.0
T,Onset,1,4.0,2,165,250.0
T,Offset,1,4.0,2,165,250.0
T,Onset,-1,-4.0,2,165,250.0
T,Offset,-1,-4.0,2,165,250.0
T,Onset,-2,-8.0,2,165,250.0
T,Offset,-1,-4.0,2,165,250.0
T,Onset,-1,-4.0,2,165,250.0
T,Offset,-8,-32.0,2,165,250.0
T,Onset,-9,-36.0,2,165,250.0
T,Offset,-2,-8.0,2,165,250.0
T,Onset,23,92.0,2,165,250.0
T,Offset,-3,-12.0,2,165,250.0
P,Onset,1,4.0,2,166,250.0
P,Offset,-2,-8.0,2,166,250.0
P,Onset,-1,-4.0,2,166,250.0
P,Offset,-1,-4.0,2,166,250.0
P,Onset,-1,-4.0,2,166,250.0
P,Offset,-1,-4.0,2,166,250.0
P,Onset,-1,-4.0,2,166,250.0
P,Offset,-2,-8.0,2,166,250.0
P,Onset,-1,-4.0,2,166,250.0
P,Offset,-3,-12.0,2,166,250.0
P,Onset,-1,-4.0,2,166,250.0
P,Offset,-3,-12.0,2,166,250.0
P,Onset,-1,-4.0,2,166,250.0
P,Offset,-4,-16.0,2,166,250.0
T,Onset,1,4.0,2,166,250.0
T,Offset,0,0.0,2,166,250.0
T,Onset,4,16.0,2,166,250.0
T,Offset,-1,-4.0,2,166,250.0
T,Onset,6,24.0,2,166,250.0
T,Offset,-1,-4.0,2,166,250.0
T,Onset,7,28.0,2,166,250.0
T,Offset,-1,-4.0,2,166,250.0
T,Onset,6,24.0,2,166,250.0
T,Offset,0,0.0,2,166,250.0
T,Onset,8,32.0,2,166,250.0
T,Offset,-1,-4.0,2,166,250.0
T,Onset,5,20.0,2,166,250.0
T,Offset,2,8.0,2,166,250.0
P,Onset,0,0.0,2,167,250.0
P,Offset,0,0.0,2,167,250.0
P,Onset,0,0.0,2,167,250.0
P,Offset,0,0.0,2,167,250.0
P,Onset,0,0.0,2,167,250.0
P,Offset,-1,-4.0,2,167,250.0
P,Onset,1,4.0,2,167,250.0
P,Offset,-2,-8.0,2,167,250.0
P,Onset,0,0.0,2,167,250.0
P,Offset,1,4.0,2,167,250.0
P,Onset,0,0.0,2,167,250.0
P,Offset,-2,-8.0,2,167,250.0
P,Onset,0,0.0,2,167,250.0
P,Offset,-2,-8.0,2,167,250.0
P,Onset,1,4.0,2,167,250.0
P,Offset,1,4.0,2,167,250.0
T,Onset,5,20.0,2,167,250.0
T,Offset,-2,-8.0,2,167,250.0
T,Onset,10,40.0,2,167,250.0
T,Offset,-13,-52.0,2,167,250.0
T,Onset,10,40.0,2,167,250.0
T,Offset,-6,-24.0,2,167,250.0
T,Onset,9,36.0,2,167,250.0
T,Offset,-5,-20.0,2,167,250.0
T,Onset,9,36.0,2,167,250.0
T,Offset,-4,-16.0,2,167,250.0
T,Onset,12,48.0,2,167,250.0
T,Offset,-5,-20.0,2,167,250.0
T,Onset,13,52.0,2,167,250.0
T,Offset,-4,-16.0,2,167,250.0
T,Onset,14,56.0,2,167,250.0
T,Offset,-5,-20.0,2,167,250.0
P,Onset,2,8.0,2,168,250.0
P,Offset,-2,-8.0,2,168,250.0
P,Onset,-1,-4.0,2,168,250.0
P,Offset,0,0.0,2,168,250.0
P,Onset,3,12.0,2,168,250.0
P,Offset,-2,-8.0,2,168,250.0
P,Onset,0,0.0,2,168,250.0
P,Offset,3,12.0,2,168,250.0
P,Onset,2,8.0,2,168,250.0
P,Offset,-6,-24.0,2,168,250.0
P,Onset,5,20.0,2,168,250.0
P,Offset,-1,-4.0,2,168,250.0
P,Onset,-3,-12.0,2,168,250.0
P,Offset,-2,-8.0,2,168,250.0
T,Onset,-1,-4.0,2,168,250.0
T,Offset,1,4.0,2,168,250.0
T,Onset,6,24.0,2,168,250.0
T,Offset,-5,-20.0,2,168,250.0
T,Onset,-3,-12.0,2,168,250.0
T,Offset,5,20.0,2,168,250.0
T,Onset,7,28.0,2,168,250.0
T,Offset,0,0.0,2,168,250.0
T,Onset,13,52.0,2,168,250.0
T,Offset,-3,-12.0,2,168,250.0
T,Onset,10,40.0,2,168,250.0
T,Offset,0,0.0,2,168,250.0
T,Onset,13,52.0,2,168,250.0
T,Offset,-1,-4.0,2,168,250.0
P,Onset,1,4.0,2,169,250.0
P,Offset,-1,-4.0,2,169,250.0
P,Onset,0,0.0,2,169,250.0
P,Offset,1,4.0,2,169,250.0
P,Onset,1,4.0,2,169,250.0
P,Offset,-3,-12.0,2,169,250.0
P,Onset,1,4.0,2,169,250.0
P,Offset,1,4.0,2,169,250.0
P,Onset,-2,-8.0,2,169,250.0
P,Offset,-1,-4.0,2,169,250.0
P,Onset,-3,-12.0,2,169,250.0
P,Offset,0,0.0,2,169,250.0
T,Onset,4,16.0,2,169,250.0
T,Offset,-4,-16.0,2,169,250.0
T,Onset,3,12.0,2,169,250.0
T,Offset,-3,-12.0,2,169,250.0
T,Onset,2,8.0,2,169,250.0
T,Offset,0,0.0,2,169,250.0
T,Onset,6,24.0,2,169,250.0
T,Offset,-2,-8.0,2,169,250.0
T,Onset,5,20.0,2,169,250.0
T,Offset,-1,-4.0,2,169,250.0
T,Onset,2,8.0,2,169,250.0
T,Offset,3,12.0,2,169,250.0
P,Onset,18,72.0,2,17,250.0
P,Offset,-21,-84.0,2,17,250.0
P,Onset,11,44.0,2,17,250.0
P,Offset,-18,-72.0,2,17,250.0
P,Onset,2,8.0,2,17,250.0
P,Offset,-14,-56.0,2,17,250.0
P,Onset,16,64.0,2,17,250.0
P,Offset,0,0.0,2,17,250.0
P,Onset,18,72.0,2,17,250.0
P,Offset,0,0.0,2,17,250.0
P,Onset,10,40.0,2,17,250.0
P,Offset,-32,-128.0,2,17,250.0
P,Onset,6,24.0,2,17,250.0
P,Offset,-36,-144.0,2,17,250.0
T,Onset,18,72.0,2,17,250.0
T,Offset,-19,-76.0,2,17,250.0
T,Onset,23,92.0,2,17,250.0
T,Offset,-22,-88.0,2,17,250.0
T,Onset,-2,-8.0,2,17,250.0
T,Offset,-2,-8.0,2,17,250.0
T,Onset,9,36.0,2,17,250.0
T,Offset,-3,-12.0,2,17,250.0
T,Onset,7,28.0,2,17,250.0
T,Offset,-17,-68.0,2,17,250.0
T,Onset,11,44.0,2,17,250.0
T,Offset,-22,-88.0,2,17,250.0
T,Onset,19,76.0,2,17,250.0
T,Offset,-2,-8.0,2,17,250.0
T,Onset,1,4.0,2,17,250.0
T,Offset,-21,-84.0,2,17,250.0
T,Onset,0,0.0,2,17,250.0
T,Offset,-39,-156.0,2,17,250.0
P,Onset,1,4.0,2,170,250.0
P,Offset,-3,-12.0,2,170,250.0
P,Onset,0,0.0,2,170,250.0
P,Offset,-2,-8.0,2,170,250.0
P,Onset,0,0.0,2,170,250.0
P,Offset,-3,-12.0,2,170,250.0
P,Onset,0,0.0,2,170,250.0
P,Offset,-4,-16.0,2,170,250.0
P,Onset,-1,-4.0,2,170,250.0
P,Offset,-5,-20.0,2,170,250.0
P,Onset,-2,-8.0,2,170,250.0
P,Offset,-4,-16.0,2,170,250.0
T,Onset,2,8.0,2,170,250.0
T,Offset,-1,-4.0,2,170,250.0
T,Onset,3,12.0,2,170,250.0
T,Offset,-1,-4.0,2,170,250.0
T,Onset,3,12.0,2,170,250.0
T,Offset,0,0.0,2,170,250.0
T,Onset,3,12.0,2,170,250.0
T,Offset,0,0.0,2,170,250.0
T,Onset,2,8.0,2,170,250.0
T,Offset,3,12.0,2,170,250.0
T,Onset,7,28.0,2,170,250.0
T,Offset,0,0.0,2,170,250.0
P,Onset,5,20.0,2,171,250.0
P,Offset,-6,-24.0,2,171,250.0
P,Onset,9,36.0,2,171,250.0
P,Offset,-6,-24.0,2,171,250.0
P,Onset,13,52.0,2,171,250.0
P,Offset,-7,-28.0,2,171,250.0
P,Onset,15,60.0,2,171,250.0
P,Offset,-7,-28.0,2,171,250.0
P,Onset,13,52.0,2,171,250.0
P,Offset,-4,-16.0,2,171,250.0
P,Onset,22,88.0,2,171,250.0
P,Offset,-6,-24.0,2,171,250.0
P,Onset,19,76.0,2,171,250.0
P,Offset,-3,-12.0,2,171,250.0
P,Onset,20,80.0,2,171,250.0
P,Offset,-4,-16.0,2,171,250.0
T,Onset,6,24.0,2,171,250.0
T,Offset,-4,-16.0,2,171,250.0
T,Onset,8,32.0,2,171,250.0
T,Offset,-5,-20.0,2,171,250.0
T,Onset,9,36.0,2,171,250.0
T,Offset,-6,-24.0,2,171,250.0
T,Onset,9,36.0,2,171,250.0
T,Offset,-4,-16.0,2,171,250.0
T,Onset,10,40.0,2,171,250.0
T,Offset,-4,-16.0,2,171,250.0
T,Onset,12,48.0,2,171,250.0
T,Offset,-5,-20.0,2,171,250.0
T,Onset,9,36.0,2,171,250.0
T,Offset,-2,-8.0,2,171,250.0
T,Onset,10,40.0,2,171,250.0
T,Offset,-2,-8.0,2,171,250.0
T,Onset,10,40.0,2,171,250.0
T,Offset,-1,-4.0,2,171,250.0
P,Onset,1,4.0,2,172,250.0
P,Offset,-1,-4.0,2,172,250.0
P,Onset,2,8.0,2,172,250.0
P,Offset,-3,-12.0,2,172,250.0
P,Onset,3,12.0,2,172,250.0
P,Offset,-2,-8.0,2,172,250.0
P,Onset,3,12.0,2,172,250.0
P,Offset,-1,-4.0,2,172,250.0
P,Onset,1,4.0,2,172,250.0
P,Offset,1,4.0,2,172,250.0
P,Onset,-1,-4.0,2,172,250.0
P,Offset,-2,-8.0,2,172,250.0
T,Onset,0,0.0,2,172,250.0
T,Offset,0,0.0,2,172,250.0
T,Onset,1,4.0,2,172,250.0
T,Offset,1,4.0,2,172,250.0
T,Onset,2,8.0,2,172,250.0
T,Offset,0,0.0,2,172,250.0
T,Onset,2,8.0,2,172,250.0
T,Offset,3,12.0,2,172,250.0
T,Onset,3,12.0,2,172,250.0
T,Offset,3,12.0,2,172,250.0
T,Onset,6,24.0,2,172,250.0
T,Offset,1,4.0,2,172,250.0
T,Onset,1,4.0,2,173,250.0
T,Offset,-1,-4.0,2,173,250.0
T,Onset,13,52.0,2,173,250.0
T,Offset,-11,-44.0,2,173,250.0
T,Onset,2,8.0,2,173,250.0
T,Offset,-4,-16.0,2,173,250.0
T,Onset,6,24.0,2,173,250.0
T,Offset,-9,-36.0,2,173,250.0
T,Onset,-1,-4.0,2,173,250.0
T,Offset,-3,-12.0,2,173,250.0
T,Onset,7,28.0,2,173,250.0
T,Offset,-12,-48.0,2,173,250.0
T,Onset,1,4.0,2,173,250.0
T,Offset,-9,-36.0,2,173,250.0
T,Onset,7,28.0,2,173,250.0
T,Offset,3,12.0,2,173,250.0
T,Onset,9,36.0,2,173,250.0
T,Offset,1,4.0,2,173,250.0
T,Onset,-1,-4.0,2,173,250.0
T,Offset,-10,-40.0,2,173,250.0
P,Onset,0,0.0,2,174,250.0
P,Offset,0,0.0,2,174,250.0
P,Onset,1,4.0,2,174,250.0
P,Offset,0,0.0,2,174,250.0
P,Onset,0,0.0,2,174,250.0
P,Offset,-2,-8.0,2,174,250.0
P,Onset,0,0.0,2,174,250.0
P,Offset,-2,-8.0,2,174,250.0
P,Onset,-1,-4.0,2,174,250.0
P,Offset,-2,-8.0,2,174,250.0
P,Onset,-1,-4.0,2,174,250.0
P,Offset,-2,-8.0,2,174,250.0
P,Onset,3,12.0,2,174,250.0
P,Offset,0,0.0,2,174,250.0
T,Onset,11,44.0,2,174,250.0
T,Offset,-9,-36.0,2,174,250.0
T,Onset,7,28.0,2,174,250.0
T,Offset,-4,-16.0,2,174,250.0
T,Onset,14,56.0,2,174,250.0
T,Offset,-9,-36.0,2,174,250.0
T,Onset,7,28.0,2,174,250.0
T,Offset,0,0.0,2,174,250.0
T,Onset,12,48.0,2,174,250.0
T,Offset,-4,-16.0,2,174,250.0
T,Onset,11,44.0,2,174,250.0
T,Offset,-3,-12.0,2,174,250.0
T,Onset,17,68.0,2,174,250.0
T,Offset,-7,-28.0,2,174,250.0
P,Onset,1,4.0,2,175,250.0
P,Offset,-2,-8.0,2,175,250.0
P,Onset,1,4.0,2,175,250.0
P,Offset,-2,-8.0,2,175,250.0
P,Onset,1,4.0,2,175,250.0
P,Offset,-2,-8.0,2,175,250.0
P,Onset,1,4.0,2,175,250.0
P,Offset,-2,-8.0,2,175,250.0
P,Onset,0,0.0,2,175,250.0
P,Offset,-2,-8.0,2,175,250.0
P,Onset,-1,-4.0,2,175,250.0
P,Offset,-2,-8.0,2,175,250.0
P,Onset,1,4.0,2,175,250.0
P,Offset,-5,-20.0,2,175,250.0
P,Onset,1,4.0,2,175,250.0
P,Offset,-5,-20.0,2,175,250.0
P,Onset,1,4.0,2,175,250.0
P,Offset,-6,-24.0,2,175,250.0
T,Onset,6,24.0,2,175,250.0
T,Offset,-3,-12.0,2,175,250.0
T,Onset,8,32.0,2,175,250.0
T,Offset,-5,-20.0,2,175,250.0
T,Onset,5,20.0,2,175,250.0
T,Offset,-1,-4.0,2,175,250.0
T,Onset,10,40.0,2,175,250.0
T,Offset,-5,-20.0,2,175,250.0
T,Onset,7,28.0,2,175,250.0
T,Offset,-2,-8.0,2,175,250.0
T,Onset,12,48.0,2,175,250.0
T,Offset,-5,-20.0,2,175,250.0
T,Onset,14,56.0,2,175,250.0
T,Offset,-5,-20.0,2,175,250.0
T,Onset,11,44.0,2,175,250.0
T,Offset,-2,-8.0,2,175,250.0
T,Onset,11,44.0,2,175,250.0
T,Offset,-1,-4.0,2,175,250.0
P,Onset,1,4.0,2,176,250.0
P,Offset,-1,-4.0,2,176,250.0
P,Onset,1,4.0,2,176,250.0
P,Offset,-1,-4.0,2,176,250.0
P,Onset,0,0.0,2,176,250.0
P,Offset,-1,-4.0,2,176,250.0
P,Onset,0,0.0,2,176,250.0
P,Offset,-2,-8.0,2,176,250.0
P,Onset,3,12.0,2,176,250.0
P,Offset,-5,-20.0,2,176,250.0
P,Onset,2,8.0,2,176,250.0
P,Offset,-8,-32.0,2,176,250.0
P,Onset,2,8.0,2,176,250.0
P,Offset,-10,-40.0,2,176,250.0
T,Onset,-2,-8.0,2,176,250.0
T,Offset,2,8.0,2,176,250.0
T,Onset,-1,-4.0,2,176,250.0
T,Offset,2,8.0,2,176,250.0
T,Onset,2,8.0,2,176,250.0
T,Offset,-1,-4.0,2,176,250.0
T,Onset,-3,-12.0,2,176,250.0
T,Offset,2,8.0,2,176,250.0
T,Onset,3,12.0,2,176,250.0
T,Offset,-1,-4.0,2,176,250.0
T,Onset,-1,-4.0,2,176,250.0
T,Offset,4,16.0,2,176,250.0
T,Onset,1,4.0,2,176,250.0
T,Offset,3,12.0,2,176,250.0
P,Onset,0,0.0,2,177,250.0
P,Offset,0,0.0,2,177,250.0
P,Onset,1,4.0,2,177,250.0
P,Offset,-1,-4.0,2,177,250.0
P,Onset,1,4.0,2,177,250.0
P,Offset,0,0.0,2,177,250.0
P,Onset,3,12.0,2,177,250.0
P,Offset,-1,-4.0,2,177,250.0
P,Onset,-1,-4.0,2,177,250.0
P,Offset,-2,-8.0,2,177,250.0
P,Onset,0,0.0,2,177,250.0
P,Offset,-4,-16.0,2,177,250.0
P,Onset,2,8.0,2,177,250.0
P,Offset,-6,-24.0,2,177,250.0
P,Onset,6,24.0,2,177,250.0
P,Offset,-2,-8.0,2,177,250.0
P,Onset,1,4.0,2,177,250.0
P,Offset,-6,-24.0,2,177,250.0
P,Onset,1,4.0,2,177,250.0
P,Offset,4,16.0,2,177,250.0
P,Onset,2,8.0,2,177,250.0
P,Offset,3,12.0,2,177,250.0
T,Onset,4,16.0,2,177,250.0
T,Offset,-3,-12.0,2,177,250.0
T,Onset,12,48.0,2,177,250.0
T,Offset,-11,-44.0,2,177,250.0
T,Onset,5,20.0,2,177,250.0
T,Offset,-3,-12.0,2,177,250.0
T,Onset,5,20.0,2,177,250.0
T,Offset,-2,-8.0,2,177,250.0
T,Onset,5,20.0,2,177,250.0
T,Offset,-1,-4.0,2,177,250.0
T,Onset,6,24.0,2,177,250.0
T,Offset,-2,-8.0,2,177,250.0
T,Onset,7,28.0,2,177,250.0
T,Offset,-2,-8.0,2,177,250.0
T,Onset,9,36.0,2,177,250.0
T,Offset,-3,-12.0,2,177,250.0
T,Onset,10,40.0,2,177,250.0
T,Offset,-3,-12.0,2,177,250.0
T,Onset,10,40.0,2,177,250.0
T,Offset,-2,-8.0,2,177,250.0
T,Onset,13,52.0,2,177,250.0
T,Offset,-3,-12.0,2,177,250.0
P,Onset,1,4.0,2,178,250.0
P,Offset,0,0.0,2,178,250.0
P,Onset,2,8.0,2,178,250.0
P,Offset,-3,-12.0,2,178,250.0
P,Onset,1,4.0,2,178,250.0
P,Offset,0,0.0,2,178,250.0
P,Onset,4,16.0,2,178,250.0
P,Offset,-3,-12.0,2,178,250.0
P,Onset,2,8.0,2,178,250.0
P,Offset,-3,-12.0,2,178,250.0
P,Onset,4,16.0,2,178,250.0
P,Offset,-2,-8.0,2,178,250.0
P,Onset,-1,-4.0,2,178,250.0
P,Offset,-1,-4.0,2,178,250.0
P,Onset,2,8.0,2,178,250.0
P,Offset,-4,-16.0,2,178,250.0
P,Onset,1,4.0,2,178,250.0
P,Offset,-4,-16.0,2,178,250.0
P,Onset,6,24.0,2,178,250.0
P,Offset,-2,-8.0,2,178,250.0
P,Onset,-1,-4.0,2,178,250.0
P,Offset,-4,-16.0,2,178,250.0
T,Onset,5,20.0,2,178,250.0
T,Offset,-5,-20.0,2,178,250.0
T,Onset,4,16.0,2,178,250.0
T,Offset,-4,-16.0,2,178,250.0
T,Onset,4,16.0,2,178,250.0
T,Offset,-3,-12.0,2,178,250.0
T,Onset,3,12.0,2,178,250.0
T,Offset,-4,-16.0,2,178,250.0
T,Onset,3,12.0,2,178,250.0
T,Offset,-1,-4.0,2,178,250.0
T,Onset,3,12.0,2,178,250.0
T,Offset,-1,-4.0,2,178,250.0
T,Onset,7,28.0,2,178,250.0
T,Offset,-3,-12.0,2,178,250.0
T,Onset,5,20.0,2,178,250.0
T,Offset,0,0.0,2,178,250.0
T,Onset,7,28.0,2,178,250.0
T,Offset,-2,-8.0,2,178,250.0
T,Onset,6,24.0,2,178,250.0
T,Offset,-1,-4.0,2,178,250.0
T,Onset,7,28.0,2,178,250.0
T,Offset,3,12.0,2,178,250.0
P,Onset,1,4.0,2,179,250.0
P,Offset,-1,-4.0,2,179,250.0
P,Onset,0,0.0,2,179,250.0
P,Offset,0,0.0,2,179,250.0
P,Onset,1,4.0,2,179,250.0
P,Offset,0,0.0,2,179,250.0
P,Onset,1,4.0,2,179,250.0
P,Offset,0,0.0,2,179,250.0
P,Onset,1,4.0,2,179,250.0
P,Offset,-2,-8.0,2,179,250.0
P,Onset,1,4.0,2,179,250.0
P,Offset,-2,-8.0,2,179,250.0
P,Onset,0,0.0,2,179,250.0
P,Offset,-3,-12.0,2,179,250.0
T,Onset,22,88.0,2,179,250.0
T,Offset,-20,-80.0,2,179,250.0
T,Onset,7,28.0,2,179,250.0
T,Offset,-3,-12.0,2,179,250.0
T,Onset,8,32.0,2,179,250.0
T,Offset,-15,-60.0,2,179,250.0
T,Onset,30,120.0,2,179,250.0
T,Offset,-19,-76.0,2,179,250.0
T,Onset,18,72.0,2,179,250.0
T,Offset,-1,-4.0,2,179,250.0
T,Onset,5,20.0,2,179,250.0
T,Offset,-23,-92.0,2,179,250.0
T,Onset,23,92.0,2,179,250.0
T,Offset,-2,-8.0,2,179,250.0
P,Onset,0,0.0,2,18,250.0
P,Offset,0,0.0,2,18,250.0
P,Onset,2,8.0,2,18,250.0
P,Offset,-1,-4.0,2,18,250.0
P,Onset,0,0.0,2,18,250.0
P,Offset,-1,-4.0,2,18,250.0
P,Onset,2,8.0,2,18,250.0
P,Offset,-1,-4.0,2,18,250.0
P,Onset,0,0.0,2,18,250.0
P,Offset,1,4.0,2,18,250.0
P,Onset,2,8.0,2,18,250.0
P,Offset,0,0.0,2,18,250.0
P,Onset,2,8.0,2,18,250.0
P,Offset,0,0.0,2,18,250.0
P,Onset,-1,-4.0,2,18,250.0
P,Offset,-1,-4.0,2,18,250.0
P,Onset,2,8.0,2,18,250.0
P,Offset,0,0.0,2,18,250.0
P,Onset,-1,-4.0,2,18,250.0
P,Offset,-2,-8.0,2,18,250.0
T,Onset,2,8.0,2,18,250.0
T,Offset,-1,-4.0,2,18,250.0
T,Onset,0,0.0,2,18,250.0
T,Offset,1,4.0,2,18,250.0
T,Onset,0,0.0,2,18,250.0
T,Offset,-2,-8.0,2,18,250.0
T,Onset,-1,-4.0,2,18,250.0
T,Offset,-1,-4.0,2,18,250.0
T,Onset,3,12.0,2,18,250.0
T,Offset,-1,-4.0,2,18,250.0
T,Onset,-1,-4.0,2,18,250.0
T,Offset,-2,-8.0,2,18,250.0
T,Onset,2,8.0,2,18,250.0
T,Offset,1,4.0,2,18,250.0
T,Onset,-1,-4.0,2,18,250.0
T,Offset,-3,-12.0,2,18,250.0
T,Onset,-2,-8.0,2,18,250.0
T,Offset,-2,-8.0,2,18,250.0
T,Onset,3,12.0,2,18,250.0
T,Offset,-8,-32.0,2,18,250.0
P,Onset,4,16.0,2,180,250.0
P,Offset,-4,-16.0,2,180,250.0
P,Onset,2,8.0,2,180,250.0
P,Offset,-1,-4.0,2,180,250.0
P,Onset,1,4.0,2,180,250.0
P,Offset,1,4.0,2,180,250.0
P,Onset,3,12.0,2,180,250.0
P,Offset,-1,-4.0,2,180,250.0
P,Onset,4,16.0,2,180,250.0
P,Offset,-2,-8.0,2,180,250.0
P,Onset,-1,-4.0,2,180,250.0
P,Offset,-2,-8.0,2,180,250.0
P,Onset,6,24.0,2,180,250.0
P,Offset,0,0.0,2,180,250.0
P,Onset,4,16.0,2,180,250.0
P,Offset,-15,-60.0,2,180,250.0
P,Onset,1,4.0,2,180,250.0
P,Offset,-14,-56.0,2,180,250.0
T,Onset,12,48.0,2,180,250.0
T,Offset,-18,-72.0,2,180,250.0
T,Onset,16,64.0,2,180,250.0
T,Offset,-27,-108.0,2,180,250.0
T,Onset,21,84.0,2,180,250.0
T,Offset,-9,-36.0,2,180,250.0
T,Onset,3,12.0,2,180,250.0
T,Offset,-19,-76.0,2,180,250.0
T,Onset,2,8.0,2,180,250.0
T,Offset,-25,-100.0,2,180,250.0
T,Onset,0,0.0,2,180,250.0
T,Offset,-29,-116.0,2,180,250.0
T,Onset,1,4.0,2,180,250.0
T,Offset,-37,-148.0,2,180,250.0
P,Onset,1,4.0,2,181,250.0
P,Offset,-2,-8.0,2,181,250.0
P,Onset,6,24.0,2,181,250.0
P,Offset,-4,-16.0,2,181,250.0
P,Onset,-2,-8.0,2,181,250.0
P,Offset,0,0.0,2,181,250.0
P,Onset,7,28.0,2,181,250.0
P,Offset,-5,-20.0,2,181,250.0
P,Onset,0,0.0,2,181,250.0
P,Offset,-2,-8.0,2,181,250.0
P,Onset,5,20.0,2,181,250.0
P,Offset,-1,-4.0,2,181,250.0
P,Onset,7,28.0,2,181,250.0
P,Offset,0,0.0,2,181,250.0
T,Onset,3,12.0,2,181,250.0
T,Offset,-3,-12.0,2,181,250.0
T,Onset,-2,-8.0,2,181,250.0
T,Offset,1,4.0,2,181,250.0
T,Onset,1,4.0,2,181,250.0
T,Offset,-3,-12.0,2,181,250.0
T,Onset,8,32.0,2,181,250.0
T,Offset,-1,-4.0,2,181,250.0
T,Onset,9,36.0,2,181,250.0
T,Offset,-1,-4.0,2,181,250.0
T,Onset,11,44.0,2,181,250.0
T,Offset,-2,-8.0,2,181,250.0
T,Onset,16,64.0,2,181,250.0
T,Offset,-2,-8.0,2,181,250.0
P,Onset,1,4.0,2,182,250.0
P,Offset,-1,-4.0,2,182,250.0
P,Onset,0,0.0,2,182,250.0
P,Offset,0,0.0,2,182,250.0
P,Onset,2,8.0,2,182,250.0
P,Offset,-2,-8.0,2,182,250.0
P,Onset,0,0.0,2,182,250.0
P,Offset,-1,-4.0,2,182,250.0
P,Onset,-2,-8.0,2,182,250.0
P,Offset,1,4.0,2,182,250.0
P,Onset,1,4.0,2,182,250.0
P,Offset,1,4.0,2,182,250.0
P,Onset,2,8.0,2,182,250.0
P,Offset,0,0.0,2,182,250.0
P,Onset,-2,-8.0,2,182,250.0
P,Offset,-1,-4.0,2,182,250.0
P,Onset,-1,-4.0,2,182,250.0
P,Offset,-2,-8.0,2,182,250.0
P,Onset,2,8.0,2,182,250.0
P,Offset,3,12.0,2,182,250.0
P,Onset,10,40.0,2,182,250.0
P,Offset,-1,-4.0,2,182,250.0
T,Onset,1,4.0,2,182,250.0
T,Offset,-1,-4.0,2,182,250.0
T,Onset,1,4.0,2,182,250.0
T,Offset,-2,-8.0,2,182,250.0
T,Onset,4,16.0,2,182,250.0
T,Offset,-2,-8.0,2,182,250.0
T,Onset,2,8.0,2,182,250.0
T,Offset,1,4.0,2,182,250.0
T,Onset,0,0.0,2,182,250.0
T,Offset,3,12.0,2,182,250.0
T,Onset,5,20.0,2,182,250.0
T,Offset,-2,-8.0,2,182,250.0
T,Onset,3,12.0,2,182,250.0
T,Offset,1,4.0,2,182,250.0
T,Onset,6,24.0,2,182,250.0
T,Offset,-2,-8.0,2,182,250.0
T,Onset,6,24.0,2,182,250.0
T,Offset,-1,-4.0,2,182,250.0
T,Onset,6,24.0,2,182,250.0
T,Offset,0,0.0,2,182,250.0
T,Onset,10,40.0,2,182,250.0
T,Offset,-2,-8.0,2,182,250.0
P,Onset,1,4.0,2,183,250.0
P,Offset,-1,-4.0,2,183,250.0
P,Onset,2,8.0,2,183,250.0
P,Offset,-2,-8.0,2,183,250.0
P,Onset,4,16.0,2,183,250.0
P,Offset,-2,-8.0,2,183,250.0
P,Onset,-1,-4.0,2,183,250.0
P,Offset,-2,-8.0,2,183,250.0
P,Onset,1,4.0,2,183,250.0
P,Offset,2,8.0,2,183,250.0
P,Onset,3,12.0,2,183,250.0
P,Offset,1,4.0,2,183,250.0
P,Onset,1,4.0,2,183,250.0
P,Offset,3,12.0,2,183,250.0
P,Onset,3,12.0,2,183,250.0
P,Offset,2,8.0,2,183,250.0
P,Onset,2,8.0,2,183,250.0
P,Offset,3,12.0,2,183,250.0
P,Onset,4,16.0,2,183,250.0
P,Offset,1,4.0,2,183,250.0
T,Onset,26,104.0,2,183,250.0
T,Offset,-10,-40.0,2,183,250.0
T,Onset,-25,-100.0,2,183,250.0
T,Offset,3,12.0,2,183,250.0
T,Onset,33,132.0,2,183,250.0
T,Offset,-4,-16.0,2,183,250.0
T,Onset,37,148.0,2,183,250.0
T,Offset,-7,-28.0,2,183,250.0
T,Onset,-17,-68.0,2,183,250.0
T,Offset,-16,-64.0,2,183,250.0
T,Onset,-20,-80.0,2,183,250.0
T,Offset,-14,-56.0,2,183,250.0
T,Onset,-27,-108.0,2,183,250.0
T,Offset,-19,-76.0,2,183,250.0
T,Onset,-24,-96.0,2,183,250.0
T,Offset,-24,-96.0,2,183,250.0
T,Onset,-29,-116.0,2,183,250.0
T,Offset,-20,-80.0,2,183,250.0
P,Onset,0,0.0,2,184,250.0
P,Offset,0,0.0,2,184,250.0
P,Onset,1,4.0,2,184,250.0
P,Offset,-1,-4.0,2,184,250.0
P,Onset,1,4.0,2,184,250.0
P,Offset,-2,-8.0,2,184,250.0
P,Onset,1,4.0,2,184,250.0
P,Offset,-3,-12.0,2,184,250.0
P,Onset,3,12.0,2,184,250.0
P,Offset,-5,-20.0,2,184,250.0
P,Onset,-2,-8.0,2,184,250.0
P,Offset,-1,-4.0,2,184,250.0
P,Onset,-3,-12.0,2,184,250.0
P,Offset,-2,-8.0,2,184,250.0
P,Onset,-2,-8.0,2,184,250.0
P,Offset,-3,-12.0,2,184,250.0
T,Onset,6,24.0,2,184,250.0
T,Offset,-4,-16.0,2,184,250.0
T,Onset,7,28.0,2,184,250.0
T,Offset,-2,-8.0,2,184,250.0
T,Onset,7,28.0,2,184,250.0
T,Offset,0,0.0,2,184,250.0
T,Onset,7,28.0,2,184,250.0
T,Offset,0,0.0,2,184,250.0
T,Onset,9,36.0,2,184,250.0
T,Offset,-1,-4.0,2,184,250.0
T,Onset,12,48.0,2,184,250.0
T,Offset,-3,-12.0,2,184,250.0
T,Onset,7,28.0,2,184,250.0
T,Offset,2,8.0,2,184,250.0
T,Onset,12,48.0,2,184,250.0
T,Offset,-1,-4.0,2,184,250.0
P,Onset,-2,-8.0,2,185,250.0
P,Offset,1,4.0,2,185,250.0
P,Onset,2,8.0,2,185,250.0
P,Offset,-1,-4.0,2,185,250.0
P,Onset,2,8.0,2,185,250.0
P,Offset,-3,-12.0,2,185,250.0
P,Onset,2,8.0,2,185,250.0
P,Offset,-1,-4.0,2,185,250.0
P,Onset,2,8.0,2,185,250.0
P,Offset,-1,-4.0,2,185,250.0
P,Onset,2,8.0,2,185,250.0
P,Offset,-1,-4.0,2,185,250.0
P,Onset,3,12.0,2,185,250.0
P,Offset,-1,-4.0,2,185,250.0
P,Onset,2,8.0,2,185,250.0
P,Offset,0,0.0,2,185,250.0
P,Onset,3,12.0,2,185,250.0
P,Offset,0,0.0,2,185,250.0
P,Onset,3,12.0,2,185,250.0
P,Offset,-6,-24.0,2,185,250.0
P,Onset,3,12.0,2,185,250.0
P,Offset,0,0.0,2,185,250.0
P,Onset,3,12.0,2,185,250.0
P,Offset,1,4.0,2,185,250.0
T,Onset,0,0.0,2,185,250.0
T,Offset,0,0.0,2,185,250.0
T,Onset,0,0.0,2,185,250.0
T,Offset,1,4.0,2,185,250.0
T,Onset,2,8.0,2,185,250.0
T,Offset,0,0.0,2,185,250.0
T,Onset,0,0.0,2,185,250.0
T,Offset,-2,-8.0,2,185,250.0
T,Onset,1,4.0,2,185,250.0
T,Offset,-3,-12.0,2,185,250.0
T,Onset,1,4.0,2,185,250.0
T,Offset,-3,-12.0,2,185,250.0
T,Onset,0,0.0,2,185,250.0
T,Offset,-2,-8.0,2,185,250.0
T,Onset,-1,-4.0,2,185,250.0
T,Offset,-2,-8.0,2,185,250.0
T,Onset,0,0.0,2,185,250.0
T,Offset,-3,-12.0,2,185,250.0
T,Onset,-2,-8.0,2,185,250.0
T,Offset,-2,-8.0,2,185,250.0
T,Onset,1,4.0,2,185,250.0
T,Offset,3,12.0,2,185,250.0
T,Onset,-5,-20.0,2,185,250.0
T,Offset,-2,-8.0,2,185,250.0
P,Onset,8,32.0,2,186,250.0
P,Offset,-9,-36.0,2,186,250.0
P,Onset,4,16.0,2,186,250.0
P,Offset,-3,-12.0,2,186,250.0
P,Onset,-1,-4.0,2,186,250.0
P,Offset,-1,-4.0,2,186,250.0
P,Onset,6,24.0,2,186,250.0
P,Offset,-8,-32.0,2,186,250.0
P,Onset,5,20.0,2,186,250.0
P,Offset,-2,-8.0,2,186,250.0
P,Onset,1,4.0,2,186,250.0
P,Offset,-4,-16.0,2,186,250.0
P,Onset,6,24.0,2,186,250.0
P,Offset,-10,-40.0,2,186,250.0
P,Onset,2,8.0,2,186,250.0
P,Offset,-7,-28.0,2,186,250.0
P,Onset,9,36.0,2,186,250.0
P,Offset,-3,-12.0,2,186,250.0
P,Onset,-3,-12.0,2,186,250.0
P,Offset,-7,-28.0,2,186,250.0
T,Onset,2,8.0,2,186,250.0
T,Offset,-1,-4.0,2,186,250.0
T,Onset,-2,-8.0,2,186,250.0
T,Offset,3,12.0,2,186,250.0
T,Onset,-1,-4.0,2,186,250.0
T,Offset,2,8.0,2,186,250.0
T,Onset,9,36.0,2,186,250.0
T,Offset,-11,-44.0,2,186,250.0
T,Onset,0,0.0,2,186,250.0
T,Offset,-2,-8.0,2,186,250.0
T,Onset,0,0.0,2,186,250.0
T,Offset,-3,-12.0,2,186,250.0
T,Onset,7,28.0,2,186,250.0
T,Offset,-2,-8.0,2,186,250.0
T,Onset,6,24.0,2,186,250.0
T,Offset,0,0.0,2,186,250.0
T,Onset,11,44.0,2,186,250.0
T,Offset,-2,-8.0,2,186,250.0
T,Onset,10,40.0,2,186,250.0
T,Offset,1,4.0,2,186,250.0
P,Onset,4,16.0,2,187,250.0
P,Offset,-3,-12.0,2,187,250.0
P,Onset,2,8.0,2,187,250.0
P,Offset,-3,-12.0,2,187,250.0
P,Onset,2,8.0,2,187,250.0
P,Offset,-1,-4.0,2,187,250.0
P,Onset,3,12.0,2,187,250.0
P,Offset,-5,-20.0,2,187,250.0
P,Onset,1,4.0,2,187,250.0
P,Offset,-5,-20.0,2,187,250.0
P,Onset,-1,-4.0,2,187,250.0
P,Offset,-3,-12.0,2,187,250.0
P,Onset,3,12.0,2,187,250.0
P,Offset,1,4.0,2,187,250.0
P,Onset,0,0.0,2,187,250.0
P,Offset,-5,-20.0,2,187,250.0
T,Onset,5,20.0,2,187,250.0
T,Offset,-5,-20.0,2,187,250.0
T,Onset,6,24.0,2,187,250.0
T,Offset,-1,-4.0,2,187,250.0
T,Onset,8,32.0,2,187,250.0
T,Offset,-3,-12.0,2,187,250.0
T,Onset,12,48.0,2,187,250.0
T,Offset,-7,-28.0,2,187,250.0
T,Onset,7,28.0,2,187,250.0
T,Offset,-2,-8.0,2,187,250.0
T,Onset,10,40.0,2,187,250.0
T,Offset,-1,-4.0,2,187,250.0
T,Onset,11,44.0,2,187,250.0
T,Offset,-1,-4.0,2,187,250.0
T,Onset,12,48.0,2,187,250.0
T,Offset,-2,-8.0,2,187,250.0
P,Onset,2,8.0,2,188,250.0
P,Offset,-2,-8.0,2,188,250.0
P,Onset,1,4.0,2,188,250.0
P,Offset,-1,-4.0,2,188,250.0
P,Onset,2,8.0,2,188,250.0
P,Offset,-2,-8.0,2,188,250.0
P,Onset,2,8.0,2,188,250.0
P,Offset,-2,-8.0,2,188,250.0
P,Onset,0,0.0,2,188,250.0
P,Offset,0,0.0,2,188,250.0
P,Onset,1,4.0,2,188,250.0
P,Offset,0,0.0,2,188,250.0
P,Onset,0,0.0,2,188,250.0
P,Offset,-1,-4.0,2,188,250.0
P,Onset,1,4.0,2,188,250.0
P,Offset,0,0.0,2,188,250.0
P,Onset,2,8.0,2,188,250.0
P,Offset,-1,-4.0,2,188,250.0
P,Onset,1,4.0,2,188,250.0
P,Offset,0,0.0,2,188,250.0
P,Onset,-1,-4.0,2,188,250.0
P,Offset,-1,-4.0,2,188,250.0
P,Onset,-1,-4.0,2,188,250.0
P,Offset,-1,-4.0,2,188,250.0
P,Onset,0,0.0,2,188,250.0
P,Offset,2,8.0,2,188,250.0
T,Onset,1,4.0,2,188,250.0
T,Offset,-1,-4.0,2,188,250.0
T,Onset,0,0.0,2,188,250.0
T,Offset,0,0.0,2,188,250.0
T,Onset,4,16.0,2,188,250.0
T,Offset,-2,-8.0,2,188,250.0
T,Onset,3,12.0,2,188,250.0
T,Offset,-1,-4.0,2,188,250.0
T,Onset,0,0.0,2,188,250.0
T,Offset,3,12.0,2,188,250.0
T,Onset,3,12.0,2,188,250.0
T,Offset,0,0.0,2,188,250.0
T,Onset,1,4.0,2,188,250.0
T,Offset,2,8.0,2,188,250.0
T,Onset,4,16.0,2,188,250.0
T,Offset,0,0.0,2,188,250.0
T,Onset,2,8.0,2,188,250.0
T,Offset,4,16.0,2,188,250.0
T,Onset,6,24.0,2,188,250.0
T,Offset,0,0.0,2,188,250.0
T,Onset,7,28.0,2,188,250.0
T,Offset,1,4.0,2,188,250.0
T,Onset,5,20.0,2,188,250.0
T,Offset,4,16.0,2,188,250.0
T,Onset,5,20.0,2,188,250.0
T,Offset,4,16.0,2,188,250.0
P,Onset,1,4.0,2,189,250.0
P,Offset,-1,-4.0,2,189,250.0
P,Onset,9,36.0,2,189,250.0
P,Offset,-8,-32.0,2,189,250.0
P,Onset,1,4.0,2,189,250.0
P,Offset,0,0.0,2,189,250.0
P,Onset,-1,-4.0,2,189,250.0
P,Offset,-1,-4.0,2,189,250.0
P,Onset,1,4.0,2,189,250.0
P,Offset,-3,-12.0,2,189,250.0
P,Onset,1,4.0,2,189,250.0
P,Offset,-7,-28.0,2,189,250.0
P,Onset,0,0.0,2,189,250.0
P,Offset,-8,-32.0,2,189,250.0
T,Onset,2,8.0,2,189,250.0
T,Offset,-2,-8.0,2,189,250.0
T,Onset,3,12.0,2,189,250.0
T,Offset,-1,-4.0,2,189,250.0
T,Onset,4,16.0,2,189,250.0
T,Offset,-1,-4.0,2,189,250.0
T,Onset,5,20.0,2,189,250.0
T,Offset,-2,-8.0,2,189,250.0
T,Onset,2,8.0,2,189,250.0
T,Offset,2,8.0,2,189,250.0
T,Onset,5,20.0,2,189,250.0
T,Offset,5,20.0,2,189,250.0
T,Onset,7,28.0,2,189,250.0
T,Offset,3,12.0,2,189,250.0
P,Onset,1,4.0,2,19,250.0
P,Offset,-1,-4.0,2,19,250.0
P,Onset,2,8.0,2,19,250.0
P,Offset,-2,-8.0,2,19,250.0
P,Onset,3,12.0,2,19,250.0
P,Offset,-2,-8.0,2,19,250.0
P,Onset,7,28.0,2,19,250.0
P,Offset,-6,-24.0,2,19,250.0
P,Onset,0,0.0,2,19,250.0
P,Offset,-3,-12.0,2,19,250.0
P,Onset,4,16.0,2,19,250.0
P,Offset,0,0.0,2,19,250.0
P,Onset,8,32.0,2,19,250.0
P,Offset,-1,-4.0,2,19,250.0
T,Onset,1,4.0,2,19,250.0
T,Offset,0,0.0,2,19,250.0
T,Onset,-4,-16.0,2,19,250.0
T,Offset,-1,-4.0,2,19,250.0
T,Onset,15,60.0,2,19,250.0
T,Offset,-22,-88.0,2,19,250.0
T,Onset,-8,-32.0,2,19,250.0
T,Offset,-1,-4.0,2,19,250.0
T,Onset,14,56.0,2,19,250.0
T,Offset,-3,-12.0,2,19,250.0
T,Onset,-7,-28.0,2,19,250.0
T,Offset,-5,-20.0,2,19,250.0
T,Onset,18,72.0,2,19,250.0
T,Offset,-4,-16.0,2,19,250.0
P,Onset,-3,-12.0,2,190,250.0
P,Offset,4,16.0,2,190,250.0
P,Onset,1,4.0,2,190,250.0
P,Offset,0,0.0,2,190,250.0
P,Onset,-1,-4.0,2,190,250.0
P,Offset,2,8.0,2,190,250.0
P,Onset,1,4.0,2,190,250.0
P,Offset,-2,-8.0,2,190,250.0
P,Onset,0,0.0,2,190,250.0
P,Offset,-2,-8.0,2,190,250.0
P,Onset,2,8.0,2,190,250.0
P,Offset,2,8.0,2,190,250.0
P,Onset,4,16.0,2,190,250.0
P,Offset,1,4.0,2,190,250.0
P,Onset,8,32.0,2,190,250.0
P,Offset,-3,-12.0,2,190,250.0
P,Onset,6,24.0,2,190,250.0
P,Offset,-1,-4.0,2,190,250.0
P,Onset,7,28.0,2,190,250.0
P,Offset,-1,-4.0,2,190,250.0
P,Onset,9,36.0,2,190,250.0
P,Offset,1,4.0,2,190,250.0
T,Onset,0,0.0,2,190,250.0
T,Offset,0,0.0,2,190,250.0
T,Onset,0,0.0,2,190,250.0
T,Offset,0,0.0,2,190,250.0
T,Onset,2,8.0,2,190,250.0
T,Offset,-1,-4.0,2,190,250.0
T,Onset,3,12.0,2,190,250.0
T,Offset,-1,-4.0,2,190,250.0
T,Onset,10,40.0,2,190,250.0
T,Offset,-8,-32.0,2,190,250.0
T,Onset,0,0.0,2,190,250.0
T,Offset,-2,-8.0,2,190,250.0
T,Onset,6,24.0,2,190,250.0
T,Offset,-8,-32.0,2,190,250.0
T,Onset,-1,-4.0,2,190,250.0
T,Offset,-2,-8.0,2,190,250.0
T,Onset,8,32.0,2,190,250.0
T,Offset,-4,-16.0,2,190,250.0
T,Onset,-2,-8.0,2,190,250.0
T,Offset,-2,-8.0,2,190,250.0
T,Onset,8,32.0,2,190,250.0
T,Offset,-3,-12.0,2,190,250.0
P,Onset,1,4.0,2,191,250.0
P,Offset,-2,-8.0,2,191,250.0
P,Onset,1,4.0,2,191,250.0
P,Offset,-2,-8.0,2,191,250.0
P,Onset,1,4.0,2,191,250.0
P,Offset,-2,-8.0,2,191,250.0
P,Onset,1,4.0,2,191,250.0
P,Offset,-2,-8.0,2,191,250.0
P,Onset,1,4.0,2,191,250.0
P,Offset,0,0.0,2,191,250.0
P,Onset,1,4.0,2,191,250.0
P,Offset,-3,-12.0,2,191,250.0
P,Onset,0,0.0,2,191,250.0
P,Offset,-2,-8.0,2,191,250.0
T,Onset,4,16.0,2,191,250.0
T,Offset,-1,-4.0,2,191,250.0
T,Onset,7,28.0,2,191,250.0
T,Offset,-1,-4.0,2,191,250.0
T,Onset,8,32.0,2,191,250.0
T,Offset,0,0.0,2,191,250.0
T,Onset,11,44.0,2,191,250.0
T,Offset,-2,-8.0,2,191,250.0
T,Onset,11,44.0,2,191,250.0
T,Offset,-2,-8.0,2,191,250.0
T,Onset,11,44.0,2,191,250.0
T,Offset,-1,-4.0,2,191,250.0
T,Onset,12,48.0,2,191,250.0
T,Offset,-1,-4.0,2,191,250.0
P,Onset,-1,-4.0,2,192,250.0
P,Offset,-1,-4.0,2,192,250.0
P,Onset,0,0.0,2,192,250.0
P,Offset,-2,-8.0,2,192,250.0
P,Onset,4,16.0,2,192,250.0
P,Offset,-8,-32.0,2,192,250.0
P,Onset,-2,-8.0,2,192,250.0
P,Offset,-2,-8.0,2,192,250.0
P,Onset,7,28.0,2,192,250.0
P,Offset,-14,-56.0,2,192,250.0
P,Onset,7,28.0,2,192,250.0
P,Offset,-15,-60.0,2,192,250.0
P,Onset,11,44.0,2,192,250.0
P,Offset,-3,-12.0,2,192,250.0
T,Onset,-3,-12.0,2,192,250.0
T,Offset,3,12.0,2,192,250.0
T,Onset,0,0.0,2,192,250.0
T,Offset,1,4.0,2,192,250.0
T,Onset,0,0.0,2,192,250.0
T,Offset,3,12.0,2,192,250.0
T,Onset,1,4.0,2,192,250.0
T,Offset,3,12.0,2,192,250.0
T,Onset,-1,-4.0,2,192,250.0
T,Offset,7,28.0,2,192,250.0
T,Onset,-2,-8.0,2,192,250.0
T,Offset,-7,-28.0,2,192,250.0
T,Onset,-2,-8.0,2,192,250.0
T,Offset,-16,-64.0,2,192,250.0
P,Onset,1,4.0,2,193,250.0
P,Offset,0,0.0,2,193,250.0
P,Onset,11,44.0,2,193,250.0
P,Offset,-12,-48.0,2,193,250.0
P,Onset,-2,-8.0,2,193,250.0
P,Offset,3,12.0,2,193,250.0
P,Onset,0,0.0,2,193,250.0
P,Offset,-2,-8.0,2,193,250.0
P,Onset,1,4.0,2,193,250.0
P,Offset,-3,-12.0,2,193,250.0
P,Onset,0,0.0,2,193,250.0
P,Offset,-2,-8.0,2,193,250.0
P,Onset,2,8.0,2,193,250.0
P,Offset,2,8.0,2,193,250.0
P,Onset,1,4.0,2,193,250.0
P,Offset,4,16.0,2,193,250.0
T,Onset,2,8.0,2,193,250.0
T,Offset,-1,-4.0,2,193,250.0
T,Onset,0,0.0,2,193,250.0
T,Offset,-2,-8.0,2,193,250.0
T,Onset,2,8.0,2,193,250.0
T,Offset,0,0.0,2,193,250.0
T,Onset,4,16.0,2,193,250.0
T,Offset,0,0.0,2,193,250.0
T,Onset,5,20.0,2,193,250.0
T,Offset,0,0.0,2,193,250.0
T,Onset,12,48.0,2,193,250.0
T,Offset,-6,-24.0,2,193,250.0
T,Onset,7,28.0,2,193,250.0
T,Offset,1,4.0,2,193,250.0
T,Onset,10,40.0,2,193,250.0
T,Offset,1,4.0,2,193,250.0
P,Onset,1,4.0,2,194,250.0
P,Offset,1,4.0,2,194,250.0
P,Onset,6,24.0,2,194,250.0
P,Offset,-4,-16.0,2,194,250.0
P,Onset,2,8.0,2,194,250.0
P,Offset,-5,-20.0,2,194,250.0
P,Onset,4,16.0,2,194,250.0
P,Offset,0,0.0,2,194,250.0
P,Onset,5,20.0,2,194,250.0
P,Offset,2,8.0,2,194,250.0
P,Onset,-1,-4.0,2,194,250.0
P,Offset,-7,-28.0,2,194,250.0
P,Onset,-3,-12.0,2,194,250.0
P,Offset,-6,-24.0,2,194,250.0
T,Onset,9,36.0,2,194,250.0
T,Offset,-4,-16.0,2,194,250.0
T,Onset,9,36.0,2,194,250.0
T,Offset,-2,-8.0,2,194,250.0
T,Onset,2,8.0,2,194,250.0
T,Offset,7,28.0,2,194,250.0
T,Onset,10,40.0,2,194,250.0
T,Offset,1,4.0,2,194,250.0
T,Onset,12,48.0,2,194,250.0
T,Offset,3,12.0,2,194,250.0
T,Onset,14,56.0,2,194,250.0
T,Offset,2,8.0,2,194,250.0
T,Onset,17,68.0,2,194,250.0
T,Offset,1,4.0,2,194,250.0
P,Onset,0,0.0,2,195,250.0
P,Offset,0,0.0,2,195,250.0
P,Onset,-1,-4.0,2,195,250.0
P,Offset,0,0.0,2,195,250.0
P,Onset,0,0.0,2,195,250.0
P,Offset,-1,-4.0,2,195,250.0
P,Onset,0,0.0,2,195,250.0
P,Offset,1,4.0,2,195,250.0
P,Onset,-1,-4.0,2,195,250.0
P,Offset,-1,-4.0,2,195,250.0
P,Onset,-2,-8.0,2,195,250.0
P,Offset,-2,-8.0,2,195,250.0
P,Onset,-1,-4.0,2,195,250.0
P,Offset,-3,-12.0,2,195,250.0
P,Onset,4,16.0,2,195,250.0
P,Offset,0,0.0,2,195,250.0
T,Onset,2,8.0,2,195,250.0
T,Offset,-2,-8.0,2,195,250.0
T,Onset,4,16.0,2,195,250.0
T,Offset,-5,-20.0,2,195,250.0
T,Onset,-1,-4.0,2,195,250.0
T,Offset,-1,-4.0,2,195,250.0
T,Onset,4,16.0,2,195,250.0
T,Offset,-1,-4.0,2,195,250.0
T,Onset,5,20.0,2,195,250.0
T,Offset,-1,-4.0,2,195,250.0
T,Onset,5,20.0,2,195,250.0
T,Offset,0,0.0,2,195,250.0
T,Onset,8,32.0,2,195,250.0
T,Offset,0,0.0,2,195,250.0
T,Onset,12,48.0,2,195,250.0
T,Offset,0,0.0,2,195,250.0
P,Onset,4,16.0,2,196,250.0
P,Offset,-3,-12.0,2,196,250.0
P,Onset,5,20.0,2,196,250.0
P,Offset,-4,-16.0,2,196,250.0
P,Onset,0,0.0,2,196,250.0
P,Offset,-2,-8.0,2,196,250.0
P,Onset,2,8.0,2,196,250.0
P,Offset,-4,-16.0,2,196,250.0
P,Onset,3,12.0,2,196,250.0
P,Offset,-6,-24.0,2,196,250.0
P,Onset,0,0.0,2,196,250.0
P,Offset,-3,-12.0,2,196,250.0
P,Onset,7,28.0,2,196,250.0
P,Offset,-3,-12.0,2,196,250.0
P,Onset,7,28.0,2,196,250.0
P,Offset,-2,-8.0,2,196,250.0
P,Onset,1,4.0,2,196,250.0
P,Offset,-8,-32.0,2,196,250.0
T,Onset,4,16.0,2,196,250.0
T,Offset,-2,-8.0,2,196,250.0
T,Onset,0,0.0,2,196,250.0
T,Offset,-3,-12.0,2,196,250.0
T,Onset,-1,-4.0,2,196,250.0
T,Offset,-4,-16.0,2,196,250.0
T,Onset,4,16.0,2,196,250.0
T,Offset,1,4.0,2,196,250.0
T,Onset,2,8.0,2,196,250.0
T,Offset,-8,-32.0,2,196,250.0
T,Onset,5,20.0,2,196,250.0
T,Offset,1,4.0,2,196,250.0
T,Onset,7,28.0,2,196,250.0
T,Offset,-1,-4.0,2,196,250.0
T,Onset,3,12.0,2,196,250.0
T,Offset,3,12.0,2,196,250.0
T,Onset,5,20.0,2,196,250.0
T,Offset,3,12.0,2,196,250.0
P,Onset,2,8.0,2,197,250.0
P,Offset,-2,-8.0,2,197,250.0
P,Onset,1,4.0,2,197,250.0
P,Offset,-1,-4.0,2,197,250.0
P,Onset,1,4.0,2,197,250.0
P,Offset,-2,-8.0,2,197,250.0
P,Onset,0,0.0,2,197,250.0
P,Offset,-1,-4.0,2,197,250.0
P,Onset,1,4.0,2,197,250.0
P,Offset,-2,-8.0,2,197,250.0
P,Onset,-1,-4.0,2,197,250.0
P,Offset,-1,-4.0,2,197,250.0
P,Onset,-2,-8.0,2,197,250.0
P,Offset,-1,-4.0,2,197,250.0
P,Onset,2,8.0,2,197,250.0
P,Offset,1,4.0,2,197,250.0
P,Onset,0,0.0,2,197,250.0
P,Offset,-4,-16.0,2,197,250.0
P,Onset,0,0.0,2,197,250.0
P,Offset,-5,-20.0,2,197,250.0
T,Onset,1,4.0,2,197,250.0
T,Offset,-1,-4.0,2,197,250.0
T,Onset,1,4.0,2,197,250.0
T,Offset,-1,-4.0,2,197,250.0
T,Onset,3,12.0,2,197,250.0
T,Offset,-3,-12.0,2,197,250.0
T,Onset,1,4.0,2,197,250.0
T,Offset,-1,-4.0,2,197,250.0
T,Onset,1,4.0,2,197,250.0
T,Offset,-2,-8.0,2,197,250.0
T,Onset,2,8.0,2,197,250.0
T,Offset,-3,-12.0,2,197,250.0
T,Onset,6,24.0,2,197,250.0
T,Offset,-3,-12.0,2,197,250.0
T,Onset,-1,-4.0,2,197,250.0
T,Offset,-3,-12.0,2,197,250.0
T,Onset,5,20.0,2,197,250.0
T,Offset,-1,-4.0,2,197,250.0
T,Onset,2,8.0,2,197,250.0
T,Offset,-7,-28.0,2,197,250.0
P,Onset,0,0.0,2,198,250.0
P,Offset,0,0.0,2,198,250.0
P,Onset,1,4.0,2,198,250.0
P,Offset,0,0.0,2,198,250.0
P,Onset,1,4.0,2,198,250.0
P,Offset,-2,-8.0,2,198,250.0
P,Onset,1,4.0,2,198,250.0
P,Offset,-2,-8.0,2,198,250.0
P,Onset,0,0.0,2,198,250.0
P,Offset,-1,-4.0,2,198,250.0
P,Onset,1,4.0,2,198,250.0
P,Offset,1,4.0,2,198,250.0
P,Onset,1,4.0,2,198,250.0
P,Offset,-3,-12.0,2,198,250.0
T,Onset,-1,-4.0,2,198,250.0
T,Offset,0,0.0,2,198,250.0
T,Onset,3,12.0,2,198,250.0
T,Offset,-2,-8.0,2,198,250.0
T,Onset,3,12.0,2,198,250.0
T,Offset,-1,-4.0,2,198,250.0
T,Onset,3,12.0,2,198,250.0
T,Offset,0,0.0,2,198,250.0
T,Onset,5,20.0,2,198,250.0
T,Offset,-1,-4.0,2,198,250.0
T,Onset,6,24.0,2,198,250.0
T,Offset,-1,-4.0,2,198,250.0
T,Onset,6,24.0,2,198,250.0
T,Offset,0,0.0,2,198,250.0
P,Onset,1,4.0,2,199,250.0
P,Offset,-1,-4.0,2,199,250.0
P,Onset,2,8.0,2,199,250.0
P,Offset,-1,-4.0,2,199,250.0
P,Onset,2,8.0,2,199,250.0
P,Offset,0,0.0,2,199,250.0
P,Onset,-2,-8.0,2,199,250.0
P,Offset,0,0.0,2,199,250.0
P,Onset,2,8.0,2,199,250.0
P,Offset,1,4.0,2,199,250.0
P,Onset,-2,-8.0,2,199,250.0
P,Offset,-1,-4.0,2,199,250.0
P,Onset,5,20.0,2,199,250.0
P,Offset,-2,-8.0,2,199,250.0
T,Onset,2,8.0,2,199,250.0
T,Offset,-3,-12.0,2,199,250.0
T,Onset,4,16.0,2,199,250.0
T,Offset,-2,-8.0,2,199,250.0
T,Onset,4,16.0,2,199,250.0
T,Offset,0,0.0,2,199,250.0
T,Onset,6,24.0,2,199,250.0
T,Offset,-1,-4.0,2,199,250.0
T,Onset,8,32.0,2,199,250.0
T,Offset,-2,-8.0,2,199,250.0
T,Onset,14,56.0,2,199,250.0
T,Offset,-4,-16.0,2,199,250.0
T,Onset,13,52.0,2,199,250.0
T,Offset,-2,-8.0,2,199,250.0
P,Onset,9,36.0,2,20,250.0
P,Offset,-15,-60.0,2,20,250.0
P,Onset,8,32.0,2,20,250.0
P,Offset,-16,-64.0,2,20,250.0
P,Onset,10,40.0,2,20,250.0
P,Offset,-18,-72.0,2,20,250.0
P,Onset,7,28.0,2,20,250.0
P,Offset,-15,-60.0,2,20,250.0
P,Onset,11,44.0,2,20,250.0
P,Offset,-19,-76.0,2,20,250.0
P,Onset,13,52.0,2,20,250.0
P,Offset,-4,-16.0,2,20,250.0
P,Onset,28,112.0,2,20,250.0
P,Offset,-2,-8.0,2,20,250.0
T,Onset,1,4.0,2,20,250.0
T,Offset,-2,-8.0,2,20,250.0
T,Onset,0,0.0,2,20,250.0
T,Offset,-5,-20.0,2,20,250.0
T,Onset,-1,-4.0,2,20,250.0
T,Offset,-4,-16.0,2,20,250.0
T,Onset,-3,-12.0,2,20,250.0
T,Offset,-3,-12.0,2,20,250.0
T,Onset,-4,-16.0,2,20,250.0
T,Offset,-3,-12.0,2,20,250.0
T,Onset,-2,-8.0,2,20,250.0
T,Offset,-5,-20.0,2,20,250.0
T,Onset,13,52.0,2,20,250.0
T,Offset,-3,-12.0,2,20,250.0
P,Onset,-1,-4.0,2,200,250.0
P,Offset,1,4.0,2,200,250.0
P,Onset,2,8.0,2,200,250.0
P,Offset,-1,-4.0,2,200,250.0
P,Onset,0,0.0,2,200,250.0
P,Offset,1,4.0,2,200,250.0
P,Onset,-1,-4.0,2,200,250.0
P,Offset,-1,-4.0,2,200,250.0
P,Onset,-2,-8.0,2,200,250.0
P,Offset,0,0.0,2,200,250.0
P,Onset,2,8.0,2,200,250.0
P,Offset,1,4.0,2,200,250.0
P,Onset,-1,-4.0,2,200,250.0
P,Offset,-3,-12.0,2,200,250.0
P,Onset,1,4.0,2,200,250.0
P,Offset,-8,-32.0,2,200,250.0
T,Onset,1,4.0,2,200,250.0
T,Offset,-1,-4.0,2,200,250.0
T,Onset,2,8.0,2,200,250.0
T,Offset,0,0.0,2,200,250.0
T,Onset,3,12.0,2,200,250.0
T,Offset,-1,-4.0,2,200,250.0
T,Onset,4,16.0,2,200,250.0
T,Offset,-1,-4.0,2,200,250.0
T,Onset,5,20.0,2,200,250.0
T,Offset,0,0.0,2,200,250.0
T,Onset,7,28.0,2,200,250.0
T,Offset,-2,-8.0,2,200,250.0
T,Onset,5,20.0,2,200,250.0
T,Offset,3,12.0,2,200,250.0
T,Onset,9,36.0,2,200,250.0
T,Offset,0,0.0,2,200,250.0
P,Onset,1,4.0,2,21,250.0
P,Offset,-2,-8.0,2,21,250.0
P,Onset,0,0.0,2,21,250.0
P,Offset,-1,-4.0,2,21,250.0
P,Onset,0,0.0,2,21,250.0
P,Offset,-2,-8.0,2,21,250.0
P,Onset,-1,-4.0,2,21,250.0
P,Offset,-1,-4.0,2,21,250.0
P,Onset,1,4.0,2,21,250.0
P,Offset,-3,-12.0,2,21,250.0
P,Onset,-1,-4.0,2,21,250.0
P,Offset,-3,-12.0,2,21,250.0
P,Onset,-1,-4.0,2,21,250.0
P,Offset,-4,-16.0,2,21,250.0
P,Onset,0,0.0,2,21,250.0
P,Offset,-5,-20.0,2,21,250.0
P,Onset,-1,-4.0,2,21,250.0
P,Offset,-5,-20.0,2,21,250.0
T,Onset,-1,-4.0,2,21,250.0
T,Offset,1,4.0,2,21,250.0
T,Onset,1,4.0,2,21,250.0
T,Offset,-6,-24.0,2,21,250.0
T,Onset,10,40.0,2,21,250.0
T,Offset,-3,-12.0,2,21,250.0
T,Onset,-7,-28.0,2,21,250.0
T,Offset,-1,-4.0,2,21,250.0
T,Onset,0,0.0,2,21,250.0
T,Offset,-8,-32.0,2,21,250.0
T,Onset,-7,-28.0,2,21,250.0
T,Offset,-2,-8.0,2,21,250.0
T,Onset,13,52.0,2,21,250.0
T,Offset,-24,-96.0,2,21,250.0
T,Onset,-9,-36.0,2,21,250.0
T,Offset,-4,-16.0,2,21,250.0
T,Onset,26,104.0,2,21,250.0
T,Offset,-5,-20.0,2,21,250.0
P,Onset,2,8.0,2,22,250.0
P,Offset,-2,-8.0,2,22,250.0
P,Onset,2,8.0,2,22,250.0
P,Offset,-1,-4.0,2,22,250.0
P,Onset,0,0.0,2,22,250.0
P,Offset,-1,-4.0,2,22,250.0
P,Onset,2,8.0,2,22,250.0
P,Offset,-4,-16.0,2,22,250.0
P,Onset,1,4.0,2,22,250.0
P,Offset,-3,-12.0,2,22,250.0
P,Onset,6,24.0,2,22,250.0
P,Offset,-2,-8.0,2,22,250.0
P,Onset,4,16.0,2,22,250.0
P,Offset,-14,-56.0,2,22,250.0
P,Onset,6,24.0,2,22,250.0
P,Offset,-16,-64.0,2,22,250.0
P,Onset,14,56.0,2,22,250.0
P,Offset,-1,-4.0,2,22,250.0
P,Onset,14,56.0,2,22,250.0
P,Offset,-1,-4.0,2,22,250.0
T,Onset,-1,-4.0,2,22,250.0
T,Offset,1,4.0,2,22,250.0
T,Onset,1,4.0,2,22,250.0
T,Offset,-1,-4.0,2,22,250.0
T,Onset,3,12.0,2,22,250.0
T,Offset,-4,-16.0,2,22,250.0
T,Onset,3,12.0,2,22,250.0
T,Offset,-2,-8.0,2,22,250.0
T,Onset,0,0.0,2,22,250.0
T,Offset,-2,-8.0,2,22,250.0
T,Onset,0,0.0,2,22,250.0
T,Offset,-3,-12.0,2,22,250.0
T,Onset,-1,-4.0,2,22,250.0
T,Offset,-2,-8.0,2,22,250.0
T,Onset,6,24.0,2,22,250.0
T,Offset,-2,-8.0,2,22,250.0
T,Onset,1,4.0,2,22,250.0
T,Offset,3,12.0,2,22,250.0
T,Onset,-1,-4.0,2,22,250.0
T,Offset,-7,-28.0,2,22,250.0
P,Onset,3,12.0,2,23,250.0
P,Offset,-2,-8.0,2,23,250.0
P,Onset,0,0.0,2,23,250.0
P,Offset,-2,-8.0,2,23,250.0
P,Onset,8,32.0,2,23,250.0
P,Offset,-19,-76.0,2,23,250.0
P,Onset,20,80.0,2,23,250.0
P,Offset,-1,-4.0,2,23,250.0
P,Onset,24,96.0,2,23,250.0
P,Offset,-3,-12.0,2,23,250.0
P,Onset,2,8.0,2,23,250.0
P,Offset,-25,-100.0,2,23,250.0
P,Onset,24,96.0,2,23,250.0
P,Offset,-1,-4.0,2,23,250.0
T,Onset,0,0.0,2,23,250.0
T,Offset,0,0.0,2,23,250.0
T,Onset,-3,-12.0,2,23,250.0
T,Offset,3,12.0,2,23,250.0
T,Onset,-4,-16.0,2,23,250.0
T,Offset,1,4.0,2,23,250.0
T,Onset,3,12.0,2,23,250.0
T,Offset,0,0.0,2,23,250.0
T,Onset,4,16.0,2,23,250.0
T,Offset,1,4.0,2,23,250.0
T,Onset,5,20.0,2,23,250.0
T,Offset,1,4.0,2,23,250.0
T,Onset,5,20.0,2,23,250.0
T,Offset,2,8.0,2,23,250.0
P,Onset,15,60.0,2,24,250.0
P,Offset,-1,-4.0,2,24,250.0
T,Onset,-4,-16.0,2,24,250.0
T,Offset,10,40.0,2,24,250.0
T,Onset,-2,-8.0,2,24,250.0
T,Offset,11,44.0,2,24,250.0
T,Onset,0,0.0,2,24,250.0
T,Offset,12,48.0,2,24,250.0
T,Onset,6,24.0,2,24,250.0
T,Offset,8,32.0,2,24,250.0
T,Onset,4,16.0,2,24,250.0
T,Offset,10,40.0,2,24,250.0
T,Onset,3,12.0,2,24,250.0
T,Offset,16,64.0,2,24,250.0
P,Onset,1,4.0,2,25,250.0
P,Offset,-1,-4.0,2,25,250.0
P,Onset,1,4.0,2,25,250.0
P,Offset,-1,-4.0,2,25,250.0
P,Onset,0,0.0,2,25,250.0
P,Offset,-1,-4.0,2,25,250.0
P,Onset,1,4.0,2,25,250.0
P,Offset,-2,-8.0,2,25,250.0
P,Onset,-2,-8.0,2,25,250.0
P,Offset,0,0.0,2,25,250.0
P,Onset,0,0.0,2,25,250.0
P,Offset,-2,-8.0,2,25,250.0
T,Onset,8,32.0,2,25,250.0
T,Offset,-4,-16.0,2,25,250.0
T,Onset,8,32.0,2,25,250.0
T,Offset,-2,-8.0,2,25,250.0
T,Onset,7,28.0,2,25,250.0
T,Offset,0,0.0,2,25,250.0
T,Onset,11,44.0,2,25,250.0
T,Offset,-3,-12.0,2,25,250.0
T,Onset,12,48.0,2,25,250.0
T,Offset,-3,-12.0,2,25,250.0
T,Onset,11,44.0,2,25,250.0
T,Offset,-1,-4.0,2,25,250.0
P,Onset,1,4.0,2,26,250.0
P,Offset,-1,-4.0,2,26,250.0
P,Onset,0,0.0,2,26,250.0
P,Offset,-1,-4.0,2,26,250.0
P,Onset,0,0.0,2,26,250.0
P,Offset,-1,-4.0,2,26,250.0
P,Onset,-1,-4.0,2,26,250.0
P,Offset,-1,-4.0,2,26,250.0
P,Onset,1,4.0,2,26,250.0
P,Offset,1,4.0,2,26,250.0
P,Onset,-2,-8.0,2,26,250.0
P,Offset,-11,-44.0,2,26,250.0
P,Onset,0,0.0,2,26,250.0
P,Offset,-14,-56.0,2,26,250.0
T,Onset,-2,-8.0,2,26,250.0
T,Offset,1,4.0,2,26,250.0
T,Onset,-3,-12.0,2,26,250.0
T,Offset,2,8.0,2,26,250.0
T,Onset,7,28.0,2,26,250.0
T,Offset,3,12.0,2,26,250.0
T,Onset,-1,-4.0,2,26,250.0
T,Offset,12,48.0,2,26,250.0
T,Onset,-1,-4.0,2,26,250.0
T,Offset,-22,-88.0,2,26,250.0
T,Onset,33,132.0,2,26,250.0
T,Offset,-7,-28.0,2,26,250.0
T,Onset,28,112.0,2,26,250.0
T,Offset,3,12.0,2,26,250.0
P,Onset,-1,-4.0,2,27,250.0
P,Offset,2,8.0,2,27,250.0
P,Onset,-2,-8.0,2,27,250.0
P,Offset,1,4.0,2,27,250.0
P,Onset,0,0.0,2,27,250.0
P,Offset,2,8.0,2,27,250.0
P,Onset,-1,-4.0,2,27,250.0
P,Offset,-1,-4.0,2,27,250.0
P,Onset,-1,-4.0,2,27,250.0
P,Offset,3,12.0,2,27,250.0
P,Onset,-1,-4.0,2,27,250.0
P,Offset,-1,-4.0,2,27,250.0
T,Onset,-2,-8.0,2,27,250.0
T,Offset,2,8.0,2,27,250.0
T,Onset,-4,-16.0,2,27,250.0
T,Offset,3,12.0,2,27,250.0
T,Onset,-4,-16.0,2,27,250.0
T,Offset,3,12.0,2,27,250.0
T,Onset,-4,-16.0,2,27,250.0
T,Offset,2,8.0,2,27,250.0
T,Onset,-6,-24.0,2,27,250.0
T,Offset,1,4.0,2,27,250.0
T,Onset,-6,-24.0,2,27,250.0
T,Offset,1,4.0,2,27,250.0
P,Onset,1,4.0,2,28,250.0
P,Offset,-1,-4.0,2,28,250.0
P,Onset,-1,-4.0,2,28,250.0
P,Offset,0,0.0,2,28,250.0
P,Onset,1,4.0,2,28,250.0
P,Offset,0,0.0,2,28,250.0
P,Onset,-1,-4.0,2,28,250.0
P,Offset,2,8.0,2,28,250.0
P,Onset,-1,-4.0,2,28,250.0
P,Offset,-1,-4.0,2,28,250.0
P,Onset,4,16.0,2,28,250.0
P,Offset,-2,-8.0,2,28,250.0
P,Onset,0,0.0,2,28,250.0
P,Offset,-3,-12.0,2,28,250.0
T,Onset,0,0.0,2,28,250.0
T,Offset,2,8.0,2,28,250.0
T,Onset,0,0.0,2,28,250.0
T,Offset,3,12.0,2,28,250.0
T,Onset,-1,-4.0,2,28,250.0
T,Offset,4,16.0,2,28,250.0
T,Onset,-2,-8.0,2,28,250.0
T,Offset,-3,-12.0,2,28,250.0
T,Onset,5,20.0,2,28,250.0
T,Offset,0,0.0,2,28,250.0
T,Onset,1,4.0,2,28,250.0
T,Offset,-10,-40.0,2,28,250.0
T,Onset,23,92.0,2,28,250.0
T,Offset,-3,-12.0,2,28,250.0
P,Onset,1,4.0,2,29,250.0
P,Offset,0,0.0,2,29,250.0
P,Onset,0,0.0,2,29,250.0
P,Offset,-1,-4.0,2,29,250.0
P,Onset,2,8.0,2,29,250.0
P,Offset,-1,-4.0,2,29,250.0
P,Onset,0,0.0,2,29,250.0
P,Offset,-1,-4.0,2,29,250.0
P,Onset,1,4.0,2,29,250.0
P,Offset,-2,-8.0,2,29,250.0
P,Onset,1,4.0,2,29,250.0
P,Offset,-4,-16.0,2,29,250.0
P,Onset,-1,-4.0,2,29,250.0
P,Offset,-3,-12.0,2,29,250.0
P,Onset,0,0.0,2,29,250.0
P,Offset,-4,-16.0,2,29,250.0
P,Onset,7,28.0,2,3,250.0
P,Offset,-5,-20.0,2,3,250.0
P,Onset,5,20.0,2,3,250.0
P,Offset,-3,-12.0,2,3,250.0
P,Onset,8,32.0,2,3,250.0
P,Offset,-5,-20.0,2,3,250.0
P,Onset,6,24.0,2,3,250.0
P,Offset,-3,-12.0,2,3,250.0
P,Onset,8,32.0,2,3,250.0
P,Offset,-3,-12.0,2,3,250.0
P,Onset,7,28.0,2,3,250.0
P,Offset,-1,-4.0,2,3,250.0
P,Onset,12,48.0,2,3,250.0
P,Offset,-22,-88.0,2,3,250.0
P,Onset,6,24.0,2,3,250.0
P,Offset,-17,-68.0,2,3,250.0
T,Onset,2,8.0,2,3,250.0
T,Offset,-2,-8.0,2,3,250.0
T,Onset,1,4.0,2,3,250.0
T,Offset,0,0.0,2,3,250.0
T,Onset,1,4.0,2,3,250.0
T,Offset,-2,-8.0,2,3,250.0
T,Onset,0,0.0,2,3,250.0
T,Offset,-2,-8.0,2,3,250.0
T,Onset,0,0.0,2,3,250.0
T,Offset,-3,-12.0,2,3,250.0
T,Onset,5,20.0,2,3,250.0
T,Offset,-2,-8.0,2,3,250.0
T,Onset,-2,-8.0,2,3,250.0
T,Offset,-4,-16.0,2,3,250.0
T,Onset,11,44.0,2,3,250.0
T,Offset,-1,-4.0,2,3,250.0
P,Onset,0,0.0,2,30,250.0
P,Offset,0,0.0,2,30,250.0
P,Onset,2,8.0,2,30,250.0
P,Offset,-3,-12.0,2,30,250.0
P,Onset,1,4.0,2,30,250.0
P,Offset,-3,-12.0,2,30,250.0
P,Onset,0,0.0,2,30,250.0
P,Offset,-3,-12.0,2,30,250.0
P,Onset,0,0.0,2,30,250.0
P,Offset,-3,-12.0,2,30,250.0
P,Onset,0,0.0,2,30,250.0
P,Offset,-3,-12.0,2,30,250.0
T,Onset,2,8.0,2,30,250.0
T,Offset,-2,-8.0,2,30,250.0
T,Onset,2,8.0,2,30,250.0
T,Offset,-1,-4.0,2,30,250.0
T,Onset,1,4.0,2,30,250.0
T,Offset,-2,-8.0,2,30,250.0
T,Onset,4,16.0,2,30,250.0
T,Offset,-1,-4.0,2,30,250.0
T,Onset,5,20.0,2,30,250.0
T,Offset,-1,-4.0,2,30,250.0
T,Onset,5,20.0,2,30,250.0
T,Offset,1,4.0,2,30,250.0
P,Onset,11,44.0,2,31,250.0
P,Offset,-12,-48.0,2,31,250.0
P,Onset,9,36.0,2,31,250.0
P,Offset,-4,-16.0,2,31,250.0
P,Onset,3,12.0,2,31,250.0
P,Offset,-8,-32.0,2,31,250.0
T,Onset,18,72.0,2,31,250.0
T,Offset,-9,-36.0,2,31,250.0
T,Onset,19,76.0,2,31,250.0
T,Offset,-7,-28.0,2,31,250.0
T,Onset,18,72.0,2,31,250.0
T,Offset,-1,-4.0,2,31,250.0
T,Onset,27,108.0,2,31,250.0
T,Offset,-7,-28.0,2,31,250.0
T,Onset,26,104.0,2,31,250.0
T,Offset,-4,-16.0,2,31,250.0
T,Onset,22,88.0,2,31,250.0
T,Offset,0,0.0,2,31,250.0
T,Onset,23,92.0,2,31,250.0
T,Offset,1,4.0,2,31,250.0
T,Onset,-28,-112.0,2,31,250.0
T,Offset,-1,-4.0,2,31,250.0
P,Onset,2,8.0,2,32,250.0
P,Offset,-2,-8.0,2,32,250.0
P,Onset,0,0.0,2,32,250.0
P,Offset,0,0.0,2,32,250.0
P,Onset,1,4.0,2,32,250.0
P,Offset,-2,-8.0,2,32,250.0
P,Onset,1,4.0,2,32,250.0
P,Offset,-2,-8.0,2,32,250.0
P,Onset,0,0.0,2,32,250.0
P,Offset,-1,-4.0,2,32,250.0
P,Onset,0,0.0,2,32,250.0
P,Offset,-1,-4.0,2,32,250.0
P,Onset,0,0.0,2,32,250.0
P,Offset,-2,-8.0,2,32,250.0
P,Onset,-1,-4.0,2,32,250.0
P,Offset,-1,-4.0,2,32,250.0
T,Onset,1,4.0,2,32,250.0
T,Offset,0,0.0,2,32,250.0
T,Onset,2,8.0,2,32,250.0
T,Offset,-1,-4.0,2,32,250.0
T,Onset,3,12.0,2,32,250.0
T,Offset,-1,-4.0,2,32,250.0
T,Onset,5,20.0,2,32,250.0
T,Offset,-2,-8.0,2,32,250.0
T,Onset,5,20.0,2,32,250.0
T,Offset,-1,-4.0,2,32,250.0
T,Onset,5,20.0,2,32,250.0
T,Offset,0,0.0,2,32,250.0
T,Onset,11,44.0,2,32,250.0
T,Offset,-1,-4.0,2,32,250.0
T,Onset,23,92.0,2,32,250.0
T,Offset,-5,-20.0,2,32,250.0
P,Onset,1,4.0,2,33,250.0
P,Offset,-1,-4.0,2,33,250.0
P,Onset,0,0.0,2,33,250.0
P,Offset,1,4.0,2,33,250.0
P,Onset,0,0.0,2,33,250.0
P,Offset,1,4.0,2,33,250.0
P,Onset,-1,-4.0,2,33,250.0
P,Offset,0,0.0,2,33,250.0
P,Onset,2,8.0,2,33,250.0
P,Offset,-1,-4.0,2,33,250.0
P,Onset,-1,-4.0,2,33,250.0
P,Offset,-1,-4.0,2,33,250.0
P,Onset,-2,-8.0,2,33,250.0
P,Offset,-1,-4.0,2,33,250.0
T,Onset,0,0.0,2,33,250.0
T,Offset,1,4.0,2,33,250.0
T,Onset,-2,-8.0,2,33,250.0
T,Offset,-2,-8.0,2,33,250.0
T,Onset,15,60.0,2,33,250.0
T,Offset,-23,-92.0,2,33,250.0
T,Onset,9,36.0,2,33,250.0
T,Offset,-17,-68.0,2,33,250.0
T,Onset,29,116.0,2,33,250.0
T,Offset,-19,-76.0,2,33,250.0
T,Onset,15,60.0,2,33,250.0
T,Offset,3,12.0,2,33,250.0
T,Onset,5,20.0,2,33,250.0
T,Offset,-28,-112.0,2,33,250.0
T,Onset,19,76.0,2,34,250.0
T,Offset,-20,-80.0,2,34,250.0
T,Onset,-5,-20.0,2,34,250.0
T,Offset,3,12.0,2,34,250.0
T,Onset,-3,-12.0,2,34,250.0
T,Offset,6,24.0,2,34,250.0
T,Onset,-3,-12.0,2,34,250.0
T,Offset,-1,-4.0,2,34,250.0
T,Onset,8,32.0,2,34,250.0
T,Offset,1,4.0,2,34,250.0
T,Onset,8,32.0,2,34,250.0
T,Offset,1,4.0,2,34,250.0
T,Onset,10,40.0,2,34,250.0
T,Offset,9,36.0,2,34,250.0
P,Onset,0,0.0,2,36,250.0
P,Offset,0,0.0,2,36,250.0
P,Onset,2,8.0,2,36,250.0
P,Offset,-1,-4.0,2,36,250.0
P,Onset,3,12.0,2,36,250.0
P,Offset,-4,-16.0,2,36,250.0
P,Onset,2,8.0,2,36,250.0
P,Offset,-3,-12.0,2,36,250.0
P,Onset,0,0.0,2,36,250.0
P,Offset,-1,-4.0,2,36,250.0
P,Onset,2,8.0,2,36,250.0
P,Offset,-4,-16.0,2,36,250.0
P,Onset,1,4.0,2,36,250.0
P,Offset,-4,-16.0,2,36,250.0
T,Onset,3,12.0,2,36,250.0
T,Offset,-3,-12.0,2,36,250.0
T,Onset,4,16.0,2,36,250.0
T,Offset,-5,-20.0,2,36,250.0
T,Onset,4,16.0,2,36,250.0
T,Offset,-1,-4.0,2,36,250.0
T,Onset,-1,-4.0,2,36,250.0
T,Offset,-2,-8.0,2,36,250.0
T,Onset,5,20.0,2,36,250.0
T,Offset,0,0.0,2,36,250.0
T,Onset,8,32.0,2,36,250.0
T,Offset,-2,-8.0,2,36,250.0
T,Onset,8,32.0,2,36,250.0
T,Offset,1,4.0,2,36,250.0
T,Onset,5,20.0,2,38,250.0
T,Offset,-4,-16.0,2,38,250.0
T,Onset,2,8.0,2,38,250.0
T,Offset,-1,-4.0,2,38,250.0
T,Onset,1,4.0,2,38,250.0
T,Offset,0,0.0,2,38,250.0
T,Onset,5,20.0,2,38,250.0
T,Offset,-3,-12.0,2,38,250.0
T,Onset,3,12.0,2,38,250.0
T,Offset,0,0.0,2,38,250.0
T,Onset,1,4.0,2,38,250.0
T,Offset,4,16.0,2,38,250.0
T,Onset,9,36.0,2,38,250.0
T,Offset,-3,-12.0,2,38,250.0
T,Onset,2,8.0,2,38,250.0
T,Offset,5,20.0,2,38,250.0
T,Onset,11,44.0,2,38,250.0
T,Offset,-19,-76.0,2,38,250.0
T,Onset,17,68.0,2,38,250.0
T,Offset,-8,-32.0,2,38,250.0
T,Onset,-2,-8.0,2,38,250.0
T,Offset,-14,-56.0,2,38,250.0
T,Onset,19,76.0,2,38,250.0
T,Offset,0,0.0,2,38,250.0
T,Onset,5,20.0,2,38,250.0
T,Offset,-24,-96.0,2,38,250.0
P,Onset,-1,-4.0,2,39,250.0
P,Offset,5,20.0,2,39,250.0
P,Onset,19,76.0,2,39,250.0
P,Offset,-12,-48.0,2,39,250.0
P,Onset,18,72.0,2,39,250.0
P,Offset,2,8.0,2,39,250.0
P,Onset,17,68.0,2,39,250.0
P,Offset,3,12.0,2,39,250.0
P,Onset,5,20.0,2,39,250.0
P,Offset,-26,-104.0,2,39,250.0
P,Onset,26,104.0,2,39,250.0
P,Offset,0,0.0,2,39,250.0
T,Onset,-5,-20.0,2,39,250.0
T,Offset,4,16.0,2,39,250.0
T,Onset,-2,-8.0,2,39,250.0
T,Offset,0,0.0,2,39,250.0
T,Onset,-4,-16.0,2,39,250.0
T,Offset,1,4.0,2,39,250.0
T,Onset,3,12.0,2,39,250.0
T,Offset,1,4.0,2,39,250.0
T,Onset,8,32.0,2,39,250.0
T,Offset,5,20.0,2,39,250.0
T,Onset,13,52.0,2,39,250.0
T,Offset,1,4.0,2,39,250.0
P,Onset,1,4.0,2,40,250.0
P,Offset,-1,-4.0,2,40,250.0
P,Onset,-1,-4.0,2,40,250.0
P,Offset,1,4.0,2,40,250.0
P,Onset,2,8.0,2,40,250.0
P,Offset,-2,-8.0,2,40,250.0
P,Onset,1,4.0,2,40,250.0
P,Offset,-3,-12.0,2,40,250.0
P,Onset,2,8.0,2,40,250.0
P,Offset,-4,-16.0,2,40,250.0
P,Onset,-1,-4.0,2,40,250.0
P,Offset,-2,-8.0,2,40,250.0
P,Onset,0,0.0,2,40,250.0
P,Offset,-3,-12.0,2,40,250.0
P,Onset,1,4.0,2,40,250.0
P,Offset,-4,-16.0,2,40,250.0
T,Onset,1,4.0,2,40,250.0
T,Offset,-1,-4.0,2,40,250.0
T,Onset,1,4.0,2,40,250.0
T,Offset,-2,-8.0,2,40,250.0
T,Onset,-1,-4.0,2,40,250.0
T,Offset,-1,-4.0,2,40,250.0
T,Onset,1,4.0,2,40,250.0
T,Offset,1,4.0,2,40,250.0
T,Onset,2,8.0,2,40,250.0
T,Offset,-4,-16.0,2,40,250.0
T,Onset,4,16.0,2,40,250.0
T,Offset,-1,-4.0,2,40,250.0
T,Onset,7,28.0,2,40,250.0
T,Offset,-2,-8.0,2,40,250.0
T,Onset,7,28.0,2,40,250.0
T,Offset,-1,-4.0,2,40,250.0
P,Onset,2,8.0,2,41,250.0
P,Offset,-2,-8.0,2,41,250.0
P,Onset,0,0.0,2,41,250.0
P,Offset,-1,-4.0,2,41,250.0
P,Onset,0,0.0,2,41,250.0
P,Offset,-1,-4.0,2,41,250.0
P,Onset,2,8.0,2,41,250.0
P,Offset,-4,-16.0,2,41,250.0
P,Onset,0,0.0,2,41,250.0
P,Offset,-3,-12.0,2,41,250.0
T,Onset,5,20.0,2,41,250.0
T,Offset,-1,-4.0,2,41,250.0
T,Onset,10,40.0,2,41,250.0
T,Offset,-1,-4.0,2,41,250.0
T,Onset,9,36.0,2,41,250.0
T,Offset,1,4.0,2,41,250.0
T,Onset,13,52.0,2,41,250.0
T,Offset,-2,-8.0,2,41,250.0
T,Onset,12,48.0,2,41,250.0
T,Offset,-1,-4.0,2,41,250.0
P,Onset,-1,-4.0,2,42,250.0
P,Offset,2,8.0,2,42,250.0
P,Onset,-1,-4.0,2,42,250.0
P,Offset,0,0.0,2,42,250.0
P,Onset,2,8.0,2,42,250.0
P,Offset,0,0.0,2,42,250.0
P,Onset,0,0.0,2,42,250.0
P,Offset,2,8.0,2,42,250.0
P,Onset,1,4.0,2,42,250.0
P,Offset,-3,-12.0,2,42,250.0
P,Onset,-1,-4.0,2,42,250.0
P,Offset,-2,-8.0,2,42,250.0
P,Onset,1,4.0,2,42,250.0
P,Offset,-7,-28.0,2,42,250.0
T,Onset,2,8.0,2,42,250.0
T,Offset,-2,-8.0,2,42,250.0
T,Onset,3,12.0,2,42,250.0
T,Offset,3,12.0,2,42,250.0
T,Onset,5,20.0,2,42,250.0
T,Offset,1,4.0,2,42,250.0
T,Onset,8,32.0,2,42,250.0
T,Offset,-1,-4.0,2,42,250.0
T,Onset,9,36.0,2,42,250.0
T,Offset,-1,-4.0,2,42,250.0
T,Onset,12,48.0,2,42,250.0
T,Offset,-1,-4.0,2,42,250.0
T,Onset,15,60.0,2,42,250.0
T,Offset,-2,-8.0,2,42,250.0
P,Onset,0,0.0,2,43,250.0
P,Offset,-1,-4.0,2,43,250.0
P,Onset,0,0.0,2,43,250.0
P,Offset,1,4.0,2,43,250.0
P,Onset,-1,-4.0,2,43,250.0
P,Offset,3,12.0,2,43,250.0
P,Onset,-1,-4.0,2,43,250.0
P,Offset,-1,-4.0,2,43,250.0
P,Onset,3,12.0,2,43,250.0
P,Offset,1,4.0,2,43,250.0
P,Onset,22,88.0,2,43,250.0
P,Offset,-13,-52.0,2,43,250.0
P,Onset,-1,-4.0,2,43,250.0
P,Offset,-14,-56.0,2,43,250.0
T,Onset,1,4.0,2,43,250.0
T,Offset,2,8.0,2,43,250.0
T,Onset,4,16.0,2,43,250.0
T,Offset,-1,-4.0,2,43,250.0
T,Onset,2,8.0,2,43,250.0
T,Offset,2,8.0,2,43,250.0
T,Onset,5,20.0,2,43,250.0
T,Offset,-1,-4.0,2,43,250.0
T,Onset,1,4.0,2,43,250.0
T,Offset,3,12.0,2,43,250.0
T,Onset,-2,-8.0,2,43,250.0
T,Offset,-2,-8.0,2,43,250.0
T,Onset,3,12.0,2,43,250.0
T,Offset,4,16.0,2,43,250.0
T,Onset,-4,-16.0,2,44,250.0
T,Offset,0,0.0,2,44,250.0
T,Onset,-13,-52.0,2,44,250.0
T,Offset,5,20.0,2,44,250.0
T,Onset,24,96.0,2,44,250.0
T,Offset,-12,-48.0,2,44,250.0
T,Onset,-2,-8.0,2,44,250.0
T,Offset,-11,-44.0,2,44,250.0
T,Onset,-17,-68.0,2,44,250.0
T,Offset,2,8.0,2,44,250.0
T,Onset,-24,-96.0,2,44,250.0
T,Offset,1,4.0,2,44,250.0
T,Onset,-23,-92.0,2,44,250.0
T,Offset,-1,-4.0,2,44,250.0
T,Onset,-16,-64.0,2,44,250.0
T,Offset,-23,-92.0,2,44,250.0
T,Onset,0,0.0,2,45,250.0
T,Offset,0,0.0,2,45,250.0
T,Onset,-4,-16.0,2,45,250.0
T,Offset,2,8.0,2,45,250.0
T,Onset,3,12.0,2,45,250.0
T,Offset,0,0.0,2,45,250.0
T,Onset,6,24.0,2,45,250.0
T,Offset,-2,-8.0,2,45,250.0
T,Onset,3,12.0,2,45,250.0
T,Offset,2,8.0,2,45,250.0
T,Onset,4,16.0,2,45,250.0
T,Offset,2,8.0,2,45,250.0
T,Onset,7,28.0,2,45,250.0
T,Offset,2,8.0,2,45,250.0
P,Onset,2,8.0,2,46,250.0
P,Offset,-3,-12.0,2,46,250.0
P,Onset,2,8.0,2,46,250.0
P,Offset,-3,-12.0,2,46,250.0
P,Onset,1,4.0,2,46,250.0
P,Offset,-3,-12.0,2,46,250.0
P,Onset,0,0.0,2,46,250.0
P,Offset,-2,-8.0,2,46,250.0
P,Onset,2,8.0,2,46,250.0
P,Offset,-5,-20.0,2,46,250.0
P,Onset,1,4.0,2,46,250.0
P,Offset,-4,-16.0,2,46,250.0
P,Onset,1,4.0,2,46,250.0
P,Offset,-8,-32.0,2,46,250.0
T,Onset,1,4.0,2,46,250.0
T,Offset,-1,-4.0,2,46,250.0
T,Onset,1,4.0,2,46,250.0
T,Offset,-1,-4.0,2,46,250.0
T,Onset,2,8.0,2,46,250.0
T,Offset,-3,-12.0,2,46,250.0
T,Onset,7,28.0,2,46,250.0
T,Offset,-6,-24.0,2,46,250.0
T,Onset,-1,-4.0,2,46,250.0
T,Offset,-3,-12.0,2,46,250.0
T,Onset,8,32.0,2,46,250.0
T,Offset,-1,-4.0,2,46,250.0
T,Onset,-5,-20.0,2,46,250.0
T,Offset,-3,-12.0,2,46,250.0
P,Onset,2,8.0,2,47,250.0
P,Offset,-2,-8.0,2,47,250.0
P,Onset,1,4.0,2,47,250.0
P,Offset,0,0.0,2,47,250.0
P,Onset,2,8.0,2,47,250.0
P,Offset,-1,-4.0,2,47,250.0
P,Onset,2,8.0,2,47,250.0
P,Offset,1,4.0,2,47,250.0
P,Onset,6,24.0,2,47,250.0
P,Offset,-3,-12.0,2,47,250.0
T,Onset,2,8.0,2,47,250.0
T,Offset,-3,-12.0,2,47,250.0
T,Onset,5,20.0,2,47,250.0
T,Offset,-2,-8.0,2,47,250.0
T,Onset,8,32.0,2,47,250.0
T,Offset,-4,-16.0,2,47,250.0
T,Onset,8,32.0,2,47,250.0
T,Offset,-3,-12.0,2,47,250.0
T,Onset,11,44.0,2,47,250.0
T,Offset,-5,-20.0,2,47,250.0
P,Onset,2,8.0,2,49,250.0
P,Offset,-2,-8.0,2,49,250.0
P,Onset,1,4.0,2,49,250.0
P,Offset,-1,-4.0,2,49,250.0
P,Onset,0,0.0,2,49,250.0
P,Offset,-1,-4.0,2,49,250.0
P,Onset,2,8.0,2,49,250.0
P,Offset,-1,-4.0,2,49,250.0
P,Onset,0,0.0,2,49,250.0
P,Offset,-1,-4.0,2,49,250.0
P,Onset,1,4.0,2,49,250.0
P,Offset,-3,-12.0,2,49,250.0
P,Onset,1,4.0,2,49,250.0
P,Offset,-4,-16.0,2,49,250.0
T,Onset,8,32.0,2,49,250.0
T,Offset,0,0.0,2,49,250.0
T,Onset,9,36.0,2,49,250.0
T,Offset,0,0.0,2,49,250.0
T,Onset,11,44.0,2,49,250.0
T,Offset,-2,-8.0,2,49,250.0
T,Onset,11,44.0,2,49,250.0
T,Offset,0,0.0,2,49,250.0
T,Onset,14,56.0,2,49,250.0
T,Offset,0,0.0,2,49,250.0
T,Onset,8,32.0,2,49,250.0
T,Offset,-23,-92.0,2,49,250.0
T,Onset,18,72.0,2,49,250.0
T,Offset,-1,-4.0,2,49,250.0
P,Onset,-1,-4.0,2,5,250.0
P,Offset,1,4.0,2,5,250.0
P,Onset,2,8.0,2,5,250.0
P,Offset,-1,-4.0,2,5,250.0
P,Onset,2,8.0,2,5,250.0
P,Offset,-3,-12.0,2,5,250.0
P,Onset,0,0.0,2,5,250.0
P,Offset,-2,-8.0,2,5,250.0
P,Onset,3,12.0,2,5,250.0
P,Offset,0,0.0,2,5,250.0
P,Onset,1,4.0,2,5,250.0
P,Offset,-4,-16.0,2,5,250.0
T,Onset,-1,-4.0,2,5,250.0
T,Offset,0,0.0,2,5,250.0
T,Onset,0,0.0,2,5,250.0
T,Offset,2,8.0,2,5,250.0
T,Onset,0,0.0,2,5,250.0
T,Offset,3,12.0,2,5,250.0
T,Onset,0,0.0,2,5,250.0
T,Offset,3,12.0,2,5,250.0
T,Onset,0,0.0,2,5,250.0
T,Offset,3,12.0,2,5,250.0
T,Onset,1,4.0,2,5,250.0
T,Offset,4,16.0,2,5,250.0
P,Onset,0,0.0,2,50,250.0
P,Offset,0,0.0,2,50,250.0
P,Onset,1,4.0,2,50,250.0
P,Offset,0,0.0,2,50,250.0
P,Onset,2,8.0,2,50,250.0
P,Offset,-3,-12.0,2,50,250.0
P,Onset,0,0.0,2,50,250.0
P,Offset,-1,-4.0,2,50,250.0
P,Onset,-2,-8.0,2,50,250.0
P,Offset,0,0.0,2,50,250.0
P,Onset,-1,-4.0,2,50,250.0
P,Offset,-2,-8.0,2,50,250.0
P,Onset,7,28.0,2,50,250.0
P,Offset,-1,-4.0,2,50,250.0
P,Onset,9,36.0,2,50,250.0
P,Offset,-21,-84.0,2,50,250.0
T,Onset,0,0.0,2,50,250.0
T,Offset,-1,-4.0,2,50,250.0
T,Onset,1,4.0,2,50,250.0
T,Offset,-3,-12.0,2,50,250.0
T,Onset,3,12.0,2,50,250.0
T,Offset,0,0.0,2,50,250.0
T,Onset,3,12.0,2,50,250.0
T,Offset,2,8.0,2,50,250.0
T,Onset,5,20.0,2,50,250.0
T,Offset,1,4.0,2,50,250.0
T,Onset,7,28.0,2,50,250.0
T,Offset,0,0.0,2,50,250.0
T,Onset,9,36.0,2,50,250.0
T,Offset,1,4.0,2,50,250.0
T,Onset,11,44.0,2,50,250.0
T,Offset,0,0.0,2,50,250.0
T,Onset,1,4.0,2,51,250.0
T,Offset,-1,-4.0,2,51,250.0
T,Onset,0,0.0,2,51,250.0
T,Offset,-1,-4.0,2,51,250.0
T,Onset,1,4.0,2,51,250.0
T,Offset,0,0.0,2,51,250.0
T,Onset,-1,-4.0,2,51,250.0
T,Offset,-1,-4.0,2,51,250.0
T,Onset,5,20.0,2,51,250.0
T,Offset,-1,-4.0,2,51,250.0
T,Onset,-2,-8.0,2,51,250.0
T,Offset,-6,-24.0,2,51,250.0
T,Onset,3,12.0,2,52,250.0
T,Offset,-1,-4.0,2,52,250.0
T,Onset,11,44.0,2,52,250.0
T,Offset,-2,-8.0,2,52,250.0
T,Onset,2,8.0,2,52,250.0
T,Offset,-19,-76.0,2,52,250.0
T,Onset,2,8.0,2,52,250.0
T,Offset,-32,-128.0,2,52,250.0
T,Onset,-2,-8.0,2,52,250.0
T,Offset,-31,-124.0,2,52,250.0
T,Onset,35,140.0,2,52,250.0
T,Offset,-1,-4.0,2,52,250.0
T,Onset,0,0.0,2,52,250.0
T,Offset,-36,-144.0,2,52,250.0
T,Onset,43,172.0,2,52,250.0
T,Offset,-2,-8.0,2,52,250.0
P,Onset,2,8.0,2,53,250.0
P,Offset,-1,-4.0,2,53,250.0
P,Onset,2,8.0,2,53,250.0
P,Offset,-3,-12.0,2,53,250.0
P,Onset,2,8.0,2,53,250.0
P,Offset,-1,-4.0,2,53,250.0
P,Onset,4,16.0,2,53,250.0
P,Offset,-3,-12.0,2,53,250.0
P,Onset,0,0.0,2,53,250.0
P,Offset,-1,-4.0,2,53,250.0
P,Onset,0,0.0,2,53,250.0
P,Offset,-2,-8.0,2,53,250.0
P,Onset,2,8.0,2,53,250.0
P,Offset,-5,-20.0,2,53,250.0
P,Onset,5,20.0,2,53,250.0
P,Offset,-2,-8.0,2,53,250.0
T,Onset,2,8.0,2,53,250.0
T,Offset,-2,-8.0,2,53,250.0
T,Onset,1,4.0,2,53,250.0
T,Offset,-1,-4.0,2,53,250.0
T,Onset,1,4.0,2,53,250.0
T,Offset,-1,-4.0,2,53,250.0
T,Onset,1,4.0,2,53,250.0
T,Offset,0,0.0,2,53,250.0
T,Onset,-2,-8.0,2,53,250.0
T,Offset,0,0.0,2,53,250.0
T,Onset,1,4.0,2,53,250.0
T,Offset,1,4.0,2,53,250.0
T,Onset,-2,-8.0,2,53,250.0
T,Offset,0,0.0,2,53,250.0
T,Onset,-1,-4.0,2,53,250.0
T,Offset,-3,-12.0,2,53,250.0
P,Onset,1,4.0,2,55,250.0
P,Offset,-1,-4.0,2,55,250.0
P,Onset,3,12.0,2,55,250.0
P,Offset,-2,-8.0,2,55,250.0
P,Onset,2,8.0,2,55,250.0
P,Offset,-1,-4.0,2,55,250.0
P,Onset,2,8.0,2,55,250.0
P,Offset,-1,-4.0,2,55,250.0
P,Onset,4,16.0,2,55,250.0
P,Offset,-1,-4.0,2,55,250.0
P,Onset,2,8.0,2,55,250.0
P,Offset,1,4.0,2,55,250.0
P,Onset,4,16.0,2,55,250.0
P,Offset,-1,-4.0,2,55,250.0
T,Onset,22,88.0,2,55,250.0
T,Offset,-5,-20.0,2,55,250.0
T,Onset,-15,-60.0,2,55,250.0
T,Offset,-5,-20.0,2,55,250.0
T,Onset,20,80.0,2,55,250.0
T,Offset,1,4.0,2,55,250.0
T,Onset,-25,-100.0,2,55,250.0
T,Offset,2,8.0,2,55,250.0
T,Onset,-30,-120.0,2,55,250.0
T,Offset,2,8.0,2,55,250.0
T,Onset,-29,-116.0,2,55,250.0
T,Offset,0,0.0,2,55,250.0
T,Onset,-34,-136.0,2,55,250.0
T,Offset,-1,-4.0,2,55,250.0
P,Onset,2,8.0,2,56,250.0
P,Offset,-2,-8.0,2,56,250.0
P,Onset,0,0.0,2,56,250.0
P,Offset,1,4.0,2,56,250.0
P,Onset,1,4.0,2,56,250.0
P,Offset,-2,-8.0,2,56,250.0
P,Onset,0,0.0,2,56,250.0
P,Offset,-2,-8.0,2,56,250.0
P,Onset,7,28.0,2,56,250.0
P,Offset,-3,-12.0,2,56,250.0
P,Onset,2,8.0,2,56,250.0
P,Offset,3,12.0,2,56,250.0
P,Onset,0,0.0,2,56,250.0
P,Offset,-6,-24.0,2,56,250.0
P,Onset,-1,-4.0,2,56,250.0
P,Offset,-5,-20.0,2,56,250.0
P,Onset,0,0.0,2,56,250.0
P,Offset,-7,-28.0,2,56,250.0
P,Onset,-3,-12.0,2,56,250.0
P,Offset,-8,-32.0,2,56,250.0
T,Onset,3,12.0,2,56,250.0
T,Offset,-1,-4.0,2,56,250.0
T,Onset,3,12.0,2,56,250.0
T,Offset,-5,-20.0,2,56,250.0
T,Onset,-4,-16.0,2,56,250.0
T,Offset,2,8.0,2,56,250.0
T,Onset,-3,-12.0,2,56,250.0
T,Offset,0,0.0,2,56,250.0
T,Onset,-6,-24.0,2,56,250.0
T,Offset,2,8.0,2,56,250.0
T,Onset,-4,-16.0,2,56,250.0
T,Offset,0,0.0,2,56,250.0
T,Onset,10,40.0,2,56,250.0
T,Offset,-3,-12.0,2,56,250.0
T,Onset,5,20.0,2,56,250.0
T,Offset,3,12.0,2,56,250.0
T,Onset,-8,-32.0,2,56,250.0
T,Offset,-3,-12.0,2,56,250.0
T,Onset,15,60.0,2,56,250.0
T,Offset,-2,-8.0,2,56,250.0
P,Onset,1,4.0,2,57,250.0
P,Offset,-1,-4.0,2,57,250.0
P,Onset,2,8.0,2,57,250.0
P,Offset,-2,-8.0,2,57,250.0
P,Onset,1,4.0,2,57,250.0
P,Offset,-1,-4.0,2,57,250.0
P,Onset,1,4.0,2,57,250.0
P,Offset,-2,-8.0,2,57,250.0
P,Onset,1,4.0,2,57,250.0
P,Offset,0,0.0,2,57,250.0
P,Onset,1,4.0,2,57,250.0
P,Offset,0,0.0,2,57,250.0
P,Onset,1,4.0,2,57,250.0
P,Offset,0,0.0,2,57,250.0
P,Onset,1,4.0,2,57,250.0
P,Offset,0,0.0,2,57,250.0
P,Onset,0,0.0,2,57,250.0
P,Offset,1,4.0,2,57,250.0
P,Onset,3,12.0,2,57,250.0
P,Offset,1,4.0,2,57,250.0
P,Onset,4,16.0,2,57,250.0
P,Offset,1,4.0,2,57,250.0
P,Onset,5,20.0,2,57,250.0
P,Offset,1,4.0,2,57,250.0
T,Onset,8,32.0,2,57,250.0
T,Offset,-7,-28.0,2,57,250.0
T,Onset,6,24.0,2,57,250.0
T,Offset,-5,-20.0,2,57,250.0
T,Onset,4,16.0,2,57,250.0
T,Offset,-5,-20.0,2,57,250.0
T,Onset,8,32.0,2,57,250.0
T,Offset,-7,-28.0,2,57,250.0
T,Onset,2,8.0,2,57,250.0
T,Offset,-5,-20.0,2,57,250.0
T,Onset,6,24.0,2,57,250.0
T,Offset,-2,-8.0,2,57,250.0
T,Onset,4,16.0,2,57,250.0
T,Offset,-8,-32.0,2,57,250.0
T,Onset,15,60.0,2,57,250.0
T,Offset,-9,-36.0,2,57,250.0
T,Onset,9,36.0,2,57,250.0
T,Offset,-2,-8.0,2,57,250.0
T,Onset,16,64.0,2,57,250.0
T,Offset,-7,-28.0,2,57,250.0
T,Onset,2,8.0,2,57,250.0
T,Offset,-12,-48.0,2,57,250.0
T,Onset,7,28.0,2,57,250.0
T,Offset,-21,-84.0,2,57,250.0
P,Onset,1,4.0,2,58,250.0
P,Offset,-1,-4.0,2,58,250.0
P,Onset,-2,-8.0,2,58,250.0
P,Offset,1,4.0,2,58,250.0
P,Onset,2,8.0,2,58,250.0
P,Offset,-1,-4.0,2,58,250.0
P,Onset,1,4.0,2,58,250.0
P,Offset,0,0.0,2,58,250.0
P,Onset,1,4.0,2,58,250.0
P,Offset,-3,-12.0,2,58,250.0
P,Onset,1,4.0,2,58,250.0
P,Offset,-3,-12.0,2,58,250.0
P,Onset,1,4.0,2,58,250.0
P,Offset,-4,-16.0,2,58,250.0
P,Onset,1,4.0,2,58,250.0
P,Offset,-5,-20.0,2,58,250.0
P,Onset,1,4.0,2,58,250.0
P,Offset,-6,-24.0,2,58,250.0
T,Onset,-2,-8.0,2,58,250.0
T,Offset,1,4.0,2,58,250.0
T,Onset,3,12.0,2,58,250.0
T,Offset,-2,-8.0,2,58,250.0
T,Onset,-1,-4.0,2,58,250.0
T,Offset,2,8.0,2,58,250.0
T,Onset,-3,-12.0,2,58,250.0
T,Offset,2,8.0,2,58,250.0
T,Onset,4,16.0,2,58,250.0
T,Offset,-2,-8.0,2,58,250.0
T,Onset,-2,-8.0,2,58,250.0
T,Offset,5,20.0,2,58,250.0
T,Onset,-5,-20.0,2,58,250.0
T,Offset,0,0.0,2,58,250.0
T,Onset,-4,-16.0,2,58,250.0
T,Offset,-2,-8.0,2,58,250.0
T,Onset,4,16.0,2,58,250.0
T,Offset,6,24.0,2,58,250.0
P,Onset,2,8.0,2,59,250.0
P,Offset,-2,-8.0,2,59,250.0
P,Onset,10,40.0,2,59,250.0
P,Offset,-3,-12.0,2,59,250.0
P,Onset,1,4.0,2,59,250.0
P,Offset,-12,-48.0,2,59,250.0
P,Onset,-3,-12.0,2,59,250.0
P,Offset,-12,-48.0,2,59,250.0
P,Onset,0,0.0,2,59,250.0
P,Offset,-23,-92.0,2,59,250.0
T,Onset,-2,-8.0,2,59,250.0
T,Offset,2,8.0,2,59,250.0
T,Onset,-3,-12.0,2,59,250.0
T,Offset,1,4.0,2,59,250.0
T,Onset,-3,-12.0,2,59,250.0
T,Offset,-1,-4.0,2,59,250.0
T,Onset,5,20.0,2,59,250.0
T,Offset,3,12.0,2,59,250.0
T,Onset,31,124.0,2,59,250.0
T,Offset,-5,-20.0,2,59,250.0
P,Onset,0,0.0,2,6,250.0
P,Offset,-1,-4.0,2,6,250.0
P,Onset,0,0.0,2,6,250.0
P,Offset,1,4.0,2,6,250.0
P,Onset,-1,-4.0,2,6,250.0
P,Offset,-1,-4.0,2,6,250.0
P,Onset,3,12.0,2,6,250.0
P,Offset,-1,-4.0,2,6,250.0
P,Onset,0,0.0,2,6,250.0
P,Offset,-3,-12.0,2,6,250.0
P,Onset,-2,-8.0,2,6,250.0
P,Offset,-1,-4.0,2,6,250.0
T,Onset,-1,-4.0,2,6,250.0
T,Offset,1,4.0,2,6,250.0
T,Onset,-4,-16.0,2,6,250.0
T,Offset,2,8.0,2,6,250.0
T,Onset,-1,-4.0,2,6,250.0
T,Offset,3,12.0,2,6,250.0
T,Onset,4,16.0,2,6,250.0
T,Offset,1,4.0,2,6,250.0
T,Onset,5,20.0,2,6,250.0
T,Offset,1,4.0,2,6,250.0
T,Onset,8,32.0,2,6,250.0
T,Offset,0,0.0,2,6,250.0
P,Onset,10,40.0,2,60,250.0
P,Offset,-16,-64.0,2,60,250.0
P,Onset,-2,-8.0,2,60,250.0
P,Offset,-9,-36.0,2,60,250.0
P,Onset,-1,-4.0,2,60,250.0
P,Offset,-20,-80.0,2,60,250.0
P,Onset,0,0.0,2,60,250.0
P,Offset,-21,-84.0,2,60,250.0
T,Onset,-2,-8.0,2,60,250.0
T,Offset,2,8.0,2,60,250.0
T,Onset,-2,-8.0,2,60,250.0
T,Offset,4,16.0,2,60,250.0
T,Onset,-1,-4.0,2,60,250.0
T,Offset,3,12.0,2,60,250.0
T,Onset,-3,-12.0,2,60,250.0
T,Offset,0,0.0,2,60,250.0
T,Onset,-2,-8.0,2,60,250.0
T,Offset,-1,-4.0,2,60,250.0
T,Onset,-4,-16.0,2,60,250.0
T,Offset,1,4.0,2,60,250.0
T,Onset,2,8.0,2,60,250.0
T,Offset,3,12.0,2,60,250.0
P,Onset,7,28.0,2,61,250.0
P,Offset,-7,-28.0,2,61,250.0
P,Onset,3,12.0,2,61,250.0
P,Offset,-2,-8.0,2,61,250.0
P,Onset,3,12.0,2,61,250.0
P,Offset,-2,-8.0,2,61,250.0
P,Onset,3,12.0,2,61,250.0
P,Offset,-2,-8.0,2,61,250.0
P,Onset,3,12.0,2,61,250.0
P,Offset,-5,-20.0,2,61,250.0
P,Onset,6,24.0,2,61,250.0
P,Offset,-1,-4.0,2,61,250.0
P,Onset,2,8.0,2,61,250.0
P,Offset,-10,-40.0,2,61,250.0
P,Onset,14,56.0,2,61,250.0
P,Offset,0,0.0,2,61,250.0
T,Onset,2,8.0,2,61,250.0
T,Offset,-3,-12.0,2,61,250.0
T,Onset,3,12.0,2,61,250.0
T,Offset,-8,-32.0,2,61,250.0
T,Onset,3,12.0,2,61,250.0
T,Offset,-14,-56.0,2,61,250.0
T,Onset,7,28.0,2,61,250.0
T,Offset,-19,-76.0,2,61,250.0
T,Onset,3,12.0,2,61,250.0
T,Offset,-16,-64.0,2,61,250.0
T,Onset,2,8.0,2,61,250.0
T,Offset,-22,-88.0,2,61,250.0
T,Onset,4,16.0,2,61,250.0
T,Offset,-26,-104.0,2,61,250.0
T,Onset,1,4.0,2,61,250.0
T,Offset,-30,-120.0,2,61,250.0
P,Onset,-1,-4.0,2,62,250.0
P,Offset,1,4.0,2,62,250.0
P,Onset,1,4.0,2,62,250.0
P,Offset,1,4.0,2,62,250.0
P,Onset,-2,-8.0,2,62,250.0
P,Offset,0,0.0,2,62,250.0
P,Onset,-1,-4.0,2,62,250.0
P,Offset,-1,-4.0,2,62,250.0
P,Onset,-2,-8.0,2,62,250.0
P,Offset,0,0.0,2,62,250.0
P,Onset,-1,-4.0,2,62,250.0
P,Offset,-3,-12.0,2,62,250.0
P,Onset,2,8.0,2,62,250.0
P,Offset,7,28.0,2,62,250.0
P,Onset,1,4.0,2,62,250.0
P,Offset,12,48.0,2,62,250.0
T,Onset,2,8.0,2,62,250.0
T,Offset,-2,-8.0,2,62,250.0
T,Onset,2,8.0,2,62,250.0
T,Offset,-2,-8.0,2,62,250.0
T,Onset,5,20.0,2,62,250.0
T,Offset,-4,-16.0,2,62,250.0
T,Onset,0,0.0,2,62,250.0
T,Offset,-2,-8.0,2,62,250.0
T,Onset,2,8.0,2,62,250.0
T,Offset,0,0.0,2,62,250.0
T,Onset,0,0.0,2,62,250.0
T,Offset,-3,-12.0,2,62,250.0
T,Onset,-2,-8.0,2,62,250.0
T,Offset,-2,-8.0,2,62,250.0
T,Onset,8,32.0,2,62,250.0
T,Offset,-3,-12.0,2,62,250.0
P,Onset,2,8.0,2,63,250.0
P,Offset,-2,-8.0,2,63,250.0
P,Onset,3,12.0,2,63,250.0
P,Offset,-3,-12.0,2,63,250.0
P,Onset,2,8.0,2,63,250.0
P,Offset,-3,-12.0,2,63,250.0
P,Onset,3,12.0,2,63,250.0
P,Offset,-4,-16.0,2,63,250.0
P,Onset,2,8.0,2,63,250.0
P,Offset,-4,-16.0,2,63,250.0
P,Onset,2,8.0,2,63,250.0
P,Offset,0,0.0,2,63,250.0
P,Onset,3,12.0,2,63,250.0
P,Offset,-5,-20.0,2,63,250.0
P,Onset,2,8.0,2,63,250.0
P,Offset,-5,-20.0,2,63,250.0
P,Onset,2,8.0,2,63,250.0
P,Offset,-5,-20.0,2,63,250.0
T,Onset,5,20.0,2,63,250.0
T,Offset,-3,-12.0,2,63,250.0
T,Onset,6,24.0,2,63,250.0
T,Offset,-2,-8.0,2,63,250.0
T,Onset,8,32.0,2,63,250.0
T,Offset,-4,-16.0,2,63,250.0
T,Onset,8,32.0,2,63,250.0
T,Offset,-3,-12.0,2,63,250.0
T,Onset,9,36.0,2,63,250.0
T,Offset,-4,-16.0,2,63,250.0
T,Onset,9,36.0,2,63,250.0
T,Offset,-4,-16.0,2,63,250.0
T,Onset,11,44.0,2,63,250.0
T,Offset,-4,-16.0,2,63,250.0
T,Onset,10,40.0,2,63,250.0
T,Offset,-2,-8.0,2,63,250.0
T,Onset,11,44.0,2,63,250.0
T,Offset,-3,-12.0,2,63,250.0
P,Onset,1,4.0,2,64,250.0
P,Offset,-1,-4.0,2,64,250.0
P,Onset,1,4.0,2,64,250.0
P,Offset,-1,-4.0,2,64,250.0
P,Onset,1,4.0,2,64,250.0
P,Offset,-1,-4.0,2,64,250.0
P,Onset,1,4.0,2,64,250.0
P,Offset,-2,-8.0,2,64,250.0
P,Onset,1,4.0,2,64,250.0
P,Offset,0,0.0,2,64,250.0
P,Onset,0,0.0,2,64,250.0
P,Offset,-2,-8.0,2,64,250.0
P,Onset,0,0.0,2,64,250.0
P,Offset,-2,-8.0,2,64,250.0
P,Onset,1,4.0,2,64,250.0
P,Offset,2,8.0,2,64,250.0
T,Onset,3,12.0,2,64,250.0
T,Offset,-2,-8.0,2,64,250.0
T,Onset,0,0.0,2,64,250.0
T,Offset,-1,-4.0,2,64,250.0
T,Onset,-1,-4.0,2,64,250.0
T,Offset,-1,-4.0,2,64,250.0
T,Onset,1,4.0,2,64,250.0
T,Offset,-3,-12.0,2,64,250.0
T,Onset,3,12.0,2,64,250.0
T,Offset,0,0.0,2,64,250.0
T,Onset,4,16.0,2,64,250.0
T,Offset,-1,-4.0,2,64,250.0
T,Onset,6,24.0,2,64,250.0
T,Offset,-2,-8.0,2,64,250.0
T,Onset,7,28.0,2,64,250.0
T,Offset,1,4.0,2,64,250.0
P,Onset,2,8.0,2,65,250.0
P,Offset,-1,-4.0,2,65,250.0
P,Onset,2,8.0,2,65,250.0
P,Offset,-1,-4.0,2,65,250.0
P,Onset,2,8.0,2,65,250.0
P,Offset,0,0.0,2,65,250.0
P,Onset,5,20.0,2,65,250.0
P,Offset,-1,-4.0,2,65,250.0
P,Onset,9,36.0,2,65,250.0
P,Offset,-3,-12.0,2,65,250.0
P,Onset,16,64.0,2,65,250.0
P,Offset,-24,-96.0,2,65,250.0
P,Onset,8,32.0,2,65,250.0
P,Offset,1,4.0,2,65,250.0
P,Onset,10,40.0,2,65,250.0
P,Offset,0,0.0,2,65,250.0
P,Onset,9,36.0,2,65,250.0
P,Offset,3,12.0,2,65,250.0
P,Onset,4,16.0,2,65,250.0
P,Offset,-18,-72.0,2,65,250.0
P,Onset,21,84.0,2,65,250.0
P,Offset,-3,-12.0,2,65,250.0
T,Onset,0,0.0,2,65,250.0
T,Offset,0,0.0,2,65,250.0
T,Onset,2,8.0,2,65,250.0
T,Offset,-1,-4.0,2,65,250.0
T,Onset,6,24.0,2,65,250.0
T,Offset,-3,-12.0,2,65,250.0
T,Onset,12,48.0,2,65,250.0
T,Offset,-7,-28.0,2,65,250.0
T,Onset,7,28.0,2,65,250.0
T,Offset,0,0.0,2,65,250.0
T,Onset,8,32.0,2,65,250.0
T,Offset,0,0.0,2,65,250.0
T,Onset,2,8.0,2,65,250.0
T,Offset,-11,-44.0,2,65,250.0
T,Onset,9,36.0,2,65,250.0
T,Offset,1,4.0,2,65,250.0
T,Onset,10,40.0,2,65,250.0
T,Offset,0,0.0,2,65,250.0
T,Onset,12,48.0,2,65,250.0
T,Offset,-1,-4.0,2,65,250.0
T,Onset,2,8.0,2,65,250.0
T,Offset,-21,-84.0,2,65,250.0
P,Onset,1,4.0,2,66,250.0
P,Offset,0,0.0,2,66,250.0
P,Onset,-2,-8.0,2,66,250.0
P,Offset,1,4.0,2,66,250.0
P,Onset,2,8.0,2,66,250.0
P,Offset,0,0.0,2,66,250.0
P,Onset,0,0.0,2,66,250.0
P,Offset,2,8.0,2,66,250.0
P,Onset,3,12.0,2,66,250.0
P,Offset,-11,-44.0,2,66,250.0
T,Onset,3,12.0,2,66,250.0
T,Offset,0,0.0,2,66,250.0
T,Onset,4,16.0,2,66,250.0
T,Offset,-1,-4.0,2,66,250.0
T,Onset,4,16.0,2,66,250.0
T,Offset,0,0.0,2,66,250.0
T,Onset,2,8.0,2,66,250.0
T,Offset,2,8.0,2,66,250.0
T,Onset,5,20.0,2,66,250.0
T,Offset,4,16.0,2,66,250.0
P,Onset,1,4.0,2,67,250.0
P,Offset,-1,-4.0,2,67,250.0
P,Onset,1,4.0,2,67,250.0
P,Offset,-1,-4.0,2,67,250.0
P,Onset,0,0.0,2,67,250.0
P,Offset,0,0.0,2,67,250.0
P,Onset,1,4.0,2,67,250.0
P,Offset,0,0.0,2,67,250.0
P,Onset,1,4.0,2,67,250.0
P,Offset,0,0.0,2,67,250.0
P,Onset,-2,-8.0,2,67,250.0
P,Offset,1,4.0,2,67,250.0
T,Onset,7,28.0,2,67,250.0
T,Offset,-3,-12.0,2,67,250.0
T,Onset,8,32.0,2,67,250.0
T,Offset,-3,-12.0,2,67,250.0
T,Onset,8,32.0,2,67,250.0
T,Offset,-1,-4.0,2,67,250.0
T,Onset,8,32.0,2,67,250.0
T,Offset,1,4.0,2,67,250.0
T,Onset,10,40.0,2,67,250.0
T,Offset,-1,-4.0,2,67,250.0
T,Onset,15,60.0,2,67,250.0
T,Offset,1,4.0,2,67,250.0
P,Onset,3,12.0,2,68,250.0
P,Offset,-3,-12.0,2,68,250.0
P,Onset,3,12.0,2,68,250.0
P,Offset,-2,-8.0,2,68,250.0
P,Onset,2,8.0,2,68,250.0
P,Offset,-3,-12.0,2,68,250.0
P,Onset,3,12.0,2,68,250.0
P,Offset,-4,-16.0,2,68,250.0
P,Onset,0,0.0,2,68,250.0
P,Offset,-1,-4.0,2,68,250.0
P,Onset,2,8.0,2,68,250.0
P,Offset,-1,-4.0,2,68,250.0
P,Onset,1,4.0,2,68,250.0
P,Offset,-3,-12.0,2,68,250.0
P,Onset,3,12.0,2,68,250.0
P,Offset,0,0.0,2,68,250.0
T,Onset,2,8.0,2,68,250.0
T,Offset,-2,-8.0,2,68,250.0
T,Onset,1,4.0,2,68,250.0
T,Offset,-1,-4.0,2,68,250.0
T,Onset,5,20.0,2,68,250.0
T,Offset,-6,-24.0,2,68,250.0
T,Onset,3,12.0,2,68,250.0
T,Offset,-2,-8.0,2,68,250.0
T,Onset,3,12.0,2,68,250.0
T,Offset,-5,-20.0,2,68,250.0
T,Onset,5,20.0,2,68,250.0
T,Offset,-3,-12.0,2,68,250.0
T,Onset,0,0.0,2,68,250.0
T,Offset,-3,-12.0,2,68,250.0
T,Onset,3,12.0,2,68,250.0
T,Offset,-7,-28.0,2,68,250.0
P,Onset,1,4.0,2,69,250.0
P,Offset,-1,-4.0,2,69,250.0
P,Onset,3,12.0,2,69,250.0
P,Offset,-3,-12.0,2,69,250.0
P,Onset,3,12.0,2,69,250.0
P,Offset,-3,-12.0,2,69,250.0
P,Onset,0,0.0,2,69,250.0
P,Offset,0,0.0,2,69,250.0
P,Onset,-1,-4.0,2,69,250.0
P,Offset,0,0.0,2,69,250.0
P,Onset,0,0.0,2,69,250.0
P,Offset,-1,-4.0,2,69,250.0
P,Onset,1,4.0,2,69,250.0
P,Offset,-2,-8.0,2,69,250.0
P,Onset,0,0.0,2,69,250.0
P,Offset,-2,-8.0,2,69,250.0
P,Onset,3,12.0,2,69,250.0
P,Offset,-1,-4.0,2,69,250.0
P,Onset,3,12.0,2,69,250.0
P,Offset,-1,-4.0,2,69,250.0
T,Onset,2,8.0,2,69,250.0
T,Offset,-3,-12.0,2,69,250.0
T,Onset,1,4.0,2,69,250.0
T,Offset,1,4.0,2,69,250.0
T,Onset,5,20.0,2,69,250.0
T,Offset,-3,-12.0,2,69,250.0
T,Onset,3,12.0,2,69,250.0
T,Offset,-5,-20.0,2,69,250.0
T,Onset,3,12.0,2,69,250.0
T,Offset,-1,-4.0,2,69,250.0
T,Onset,2,8.0,2,69,250.0
T,Offset,0,0.0,2,69,250.0
T,Onset,3,12.0,2,69,250.0
T,Offset,-1,-4.0,2,69,250.0
T,Onset,-1,-4.0,2,69,250.0
T,Offset,-3,-12.0,2,69,250.0
T,Onset,5,20.0,2,69,250.0
T,Offset,-1,-4.0,2,69,250.0
T,Onset,5,20.0,2,69,250.0
T,Offset,-1,-4.0,2,69,250.0
P,Onset,3,12.0,2,7,250.0
P,Offset,-3,-12.0,2,7,250.0
P,Onset,2,8.0,2,7,250.0
P,Offset,-3,-12.0,2,7,250.0
P,Onset,1,4.0,2,7,250.0
P,Offset,-3,-12.0,2,7,250.0
P,Onset,0,0.0,2,7,250.0
P,Offset,-3,-12.0,2,7,250.0
P,Onset,0,0.0,2,7,250.0
P,Offset,-3,-12.0,2,7,250.0
P,Onset,0,0.0,2,7,250.0
P,Offset,-6,-24.0,2,7,250.0
P,Onset,16,64.0,2,7,250.0
P,Offset,-5,-20.0,2,7,250.0
T,Onset,-2,-8.0,2,7,250.0
T,Offset,2,8.0,2,7,250.0
T,Onset,2,8.0,2,7,250.0
T,Offset,-1,-4.0,2,7,250.0
T,Onset,1,4.0,2,7,250.0
T,Offset,3,12.0,2,7,250.0
T,Onset,3,12.0,2,7,250.0
T,Offset,2,8.0,2,7,250.0
T,Onset,4,16.0,2,7,250.0
T,Offset,2,8.0,2,7,250.0
T,Onset,6,24.0,2,7,250.0
T,Offset,1,4.0,2,7,250.0
T,Onset,13,52.0,2,7,250.0
T,Offset,-1,-4.0,2,7,250.0
P,Onset,0,0.0,2,70,250.0
P,Offset,-1,-4.0,2,70,250.0
P,Onset,2,8.0,2,70,250.0
P,Offset,-1,-4.0,2,70,250.0
P,Onset,1,4.0,2,70,250.0
P,Offset,-2,-8.0,2,70,250.0
P,Onset,1,4.0,2,70,250.0
P,Offset,-2,-8.0,2,70,250.0
P,Onset,0,0.0,2,70,250.0
P,Offset,-2,-8.0,2,70,250.0
P,Onset,0,0.0,2,70,250.0
P,Offset,-2,-8.0,2,70,250.0
P,Onset,-1,-4.0,2,70,250.0
P,Offset,-2,-8.0,2,70,250.0
P,Onset,8,32.0,2,70,250.0
P,Offset,-2,-8.0,2,70,250.0
P,Onset,9,36.0,2,70,250.0
P,Offset,-2,-8.0,2,70,250.0
P,Onset,9,36.0,2,70,250.0
P,Offset,-2,-8.0,2,70,250.0
P,Onset,6,24.0,2,70,250.0
P,Offset,1,4.0,2,70,250.0
P,Onset,10,40.0,2,70,250.0
P,Offset,-2,-8.0,2,70,250.0
T,Onset,-1,-4.0,2,70,250.0
T,Offset,1,4.0,2,70,250.0
T,Onset,1,4.0,2,70,250.0
T,Offset,0,0.0,2,70,250.0
T,Onset,1,4.0,2,70,250.0
T,Offset,0,0.0,2,70,250.0
T,Onset,0,0.0,2,70,250.0
T,Offset,2,8.0,2,70,250.0
T,Onset,1,4.0,2,70,250.0
T,Offset,1,4.0,2,70,250.0
T,Onset,2,8.0,2,70,250.0
T,Offset,0,0.0,2,70,250.0
T,Onset,2,8.0,2,70,250.0
T,Offset,1,4.0,2,70,250.0
T,Onset,2,8.0,2,70,250.0
T,Offset,2,8.0,2,70,250.0
T,Onset,-4,-16.0,2,70,250.0
T,Offset,0,0.0,2,70,250.0
T,Onset,2,8.0,2,70,250.0
T,Offset,2,8.0,2,70,250.0
T,Onset,9,36.0,2,70,250.0
T,Offset,-1,-4.0,2,70,250.0
T,Onset,-1,-4.0,2,70,250.0
T,Offset,-22,-88.0,2,70,250.0
P,Onset,-1,-4.0,2,71,250.0
P,Offset,1,4.0,2,71,250.0
P,Onset,0,0.0,2,71,250.0
P,Offset,0,0.0,2,71,250.0
P,Onset,0,0.0,2,71,250.0
P,Offset,0,0.0,2,71,250.0
P,Onset,0,0.0,2,71,250.0
P,Offset,0,0.0,2,71,250.0
P,Onset,-1,-4.0,2,71,250.0
P,Offset,1,4.0,2,71,250.0
P,Onset,-1,-4.0,2,71,250.0
P,Offset,1,4.0,2,71,250.0
P,Onset,-1,-4.0,2,71,250.0
P,Offset,0,0.0,2,71,250.0
T,Onset,0,0.0,2,71,250.0
T,Offset,-2,-8.0,2,71,250.0
T,Onset,3,12.0,2,71,250.0
T,Offset,0,0.0,2,71,250.0
T,Onset,-13,-52.0,2,71,250.0
T,Offset,3,12.0,2,71,250.0
T,Onset,0,0.0,2,71,250.0
T,Offset,-11,-44.0,2,71,250.0
T,Onset,23,92.0,2,71,250.0
T,Offset,-11,-44.0,2,71,250.0
T,Onset,-13,-52.0,2,71,250.0
T,Offset,-1,-4.0,2,71,250.0
T,Onset,-23,-92.0,2,71,250.0
T,Offset,1,4.0,2,71,250.0
P,Onset,1,4.0,2,72,250.0
P,Offset,1,4.0,2,72,250.0
P,Onset,-1,-4.0,2,72,250.0
P,Offset,-1,-4.0,2,72,250.0
P,Onset,0,0.0,2,72,250.0
P,Offset,-2,-8.0,2,72,250.0
P,Onset,4,16.0,2,72,250.0
P,Offset,2,8.0,2,72,250.0
P,Onset,2,8.0,2,72,250.0
P,Offset,5,20.0,2,72,250.0
P,Onset,11,44.0,2,72,250.0
P,Offset,1,4.0,2,72,250.0
P,Onset,2,8.0,2,72,250.0
P,Offset,-17,-68.0,2,72,250.0
T,Onset,3,12.0,2,72,250.0
T,Offset,-1,-4.0,2,72,250.0
T,Onset,4,16.0,2,72,250.0
T,Offset,0,0.0,2,72,250.0
T,Onset,6,24.0,2,72,250.0
T,Offset,-1,-4.0,2,72,250.0
T,Onset,3,12.0,2,72,250.0
T,Offset,2,8.0,2,72,250.0
T,Onset,6,24.0,2,72,250.0
T,Offset,0,0.0,2,72,250.0
T,Onset,5,20.0,2,72,250.0
T,Offset,1,4.0,2,72,250.0
T,Onset,8,32.0,2,72,250.0
T,Offset,2,8.0,2,72,250.0
P,Onset,2,8.0,2,73,250.0
P,Offset,-2,-8.0,2,73,250.0
P,Onset,1,4.0,2,73,250.0
P,Offset,-1,-4.0,2,73,250.0
P,Onset,1,4.0,2,73,250.0
P,Offset,0,0.0,2,73,250.0
P,Onset,0,0.0,2,73,250.0
P,Offset,-1,-4.0,2,73,250.0
P,Onset,-1,-4.0,2,73,250.0
P,Offset,-1,-4.0,2,73,250.0
P,Onset,1,4.0,2,73,250.0
P,Offset,-3,-12.0,2,73,250.0
P,Onset,-1,-4.0,2,73,250.0
P,Offset,-1,-4.0,2,73,250.0
T,Onset,0,0.0,2,73,250.0
T,Offset,0,0.0,2,73,250.0
T,Onset,0,0.0,2,73,250.0
T,Offset,0,0.0,2,73,250.0
T,Onset,1,4.0,2,73,250.0
T,Offset,0,0.0,2,73,250.0
T,Onset,1,4.0,2,73,250.0
T,Offset,0,0.0,2,73,250.0
T,Onset,-2,-8.0,2,73,250.0
T,Offset,-3,-12.0,2,73,250.0
T,Onset,7,28.0,2,73,250.0
T,Offset,-1,-4.0,2,73,250.0
T,Onset,6,24.0,2,73,250.0
T,Offset,1,4.0,2,73,250.0
P,Onset,-1,-4.0,2,76,250.0
P,Offset,1,4.0,2,76,250.0
P,Onset,0,0.0,2,76,250.0
P,Offset,0,0.0,2,76,250.0
P,Onset,-1,-4.0,2,76,250.0
P,Offset,0,0.0,2,76,250.0
P,Onset,2,8.0,2,76,250.0
P,Offset,-1,-4.0,2,76,250.0
P,Onset,0,0.0,2,76,250.0
P,Offset,-1,-4.0,2,76,250.0
P,Onset,1,4.0,2,76,250.0
P,Offset,2,8.0,2,76,250.0
P,Onset,-1,-4.0,2,76,250.0
P,Offset,-2,-8.0,2,76,250.0
P,Onset,4,16.0,2,76,250.0
P,Offset,0,0.0,2,76,250.0
P,Onset,16,64.0,2,76,250.0
P,Offset,-10,-40.0,2,76,250.0
P,Onset,1,4.0,2,76,250.0
P,Offset,-15,-60.0,2,76,250.0
T,Onset,3,12.0,2,76,250.0
T,Offset,-3,-12.0,2,76,250.0
T,Onset,1,4.0,2,76,250.0
T,Offset,0,0.0,2,76,250.0
T,Onset,1,4.0,2,76,250.0
T,Offset,0,0.0,2,76,250.0
T,Onset,-1,-4.0,2,76,250.0
T,Offset,0,0.0,2,76,250.0
T,Onset,-1,-4.0,2,76,250.0
T,Offset,0,0.0,2,76,250.0
T,Onset,3,12.0,2,76,250.0
T,Offset,-1,-4.0,2,76,250.0
T,Onset,1,4.0,2,76,250.0
T,Offset,-3,-12.0,2,76,250.0
T,Onset,-3,-12.0,2,76,250.0
T,Offset,-2,-8.0,2,76,250.0
T,Onset,0,0.0,2,76,250.0
T,Offset,6,24.0,2,76,250.0
T,Onset,-8,-32.0,2,76,250.0
T,Offset,1,4.0,2,76,250.0
P,Onset,0,0.0,2,77,250.0
P,Offset,0,0.0,2,77,250.0
P,Onset,1,4.0,2,77,250.0
P,Offset,-2,-8.0,2,77,250.0
P,Onset,3,12.0,2,77,250.0
P,Offset,-2,-8.0,2,77,250.0
P,Onset,1,4.0,2,77,250.0
P,Offset,-2,-8.0,2,77,250.0
P,Onset,2,8.0,2,77,250.0
P,Offset,-4,-16.0,2,77,250.0
P,Onset,1,4.0,2,77,250.0
P,Offset,1,4.0,2,77,250.0
P,Onset,1,4.0,2,77,250.0
P,Offset,1,4.0,2,77,250.0
P,Onset,3,12.0,2,77,250.0
P,Offset,0,0.0,2,77,250.0
P,Onset,6,24.0,2,77,250.0
P,Offset,-21,-84.0,2,77,250.0
T,Onset,0,0.0,2,77,250.0
T,Offset,0,0.0,2,77,250.0
T,Onset,-1,-4.0,2,77,250.0
T,Offset,2,8.0,2,77,250.0
T,Onset,2,8.0,2,77,250.0
T,Offset,-3,-12.0,2,77,250.0
T,Onset,0,0.0,2,77,250.0
T,Offset,-1,-4.0,2,77,250.0
T,Onset,-3,-12.0,2,77,250.0
T,Offset,0,0.0,2,77,250.0
T,Onset,4,16.0,2,77,250.0
T,Offset,0,0.0,2,77,250.0
T,Onset,-3,-12.0,2,77,250.0
T,Offset,-2,-8.0,2,77,250.0
T,Onset,8,32.0,2,77,250.0
T,Offset,-2,-8.0,2,77,250.0
T,Onset,10,40.0,2,77,250.0
T,Offset,-1,-4.0,2,77,250.0
P,Onset,5,20.0,2,78,250.0
P,Offset,0,0.0,2,78,250.0
P,Onset,6,24.0,2,78,250.0
P,Offset,1,4.0,2,78,250.0
P,Onset,11,44.0,2,78,250.0
P,Offset,-22,-88.0,2,78,250.0
P,Onset,15,60.0,2,78,250.0
P,Offset,0,0.0,2,78,250.0
P,Onset,19,76.0,2,78,250.0
P,Offset,0,0.0,2,78,250.0
P,Onset,18,72.0,2,78,250.0
P,Offset,2,8.0,2,78,250.0
P,Onset,26,104.0,2,78,250.0
P,Offset,0,0.0,2,78,250.0
T,Onset,2,8.0,2,78,250.0
T,Offset,-1,-4.0,2,78,250.0
T,Onset,10,40.0,2,78,250.0
T,Offset,0,0.0,2,78,250.0
T,Onset,8,32.0,2,78,250.0
T,Offset,2,8.0,2,78,250.0
T,Onset,13,52.0,2,78,250.0
T,Offset,-2,-8.0,2,78,250.0
T,Onset,8,32.0,2,78,250.0
T,Offset,-27,-108.0,2,78,250.0
T,Onset,3,12.0,2,78,250.0
T,Offset,-23,-92.0,2,78,250.0
T,Onset,0,0.0,2,78,250.0
T,Offset,-25,-100.0,2,78,250.0
P,Onset,2,8.0,2,79,250.0
P,Offset,-2,-8.0,2,79,250.0
P,Onset,1,4.0,2,79,250.0
P,Offset,-2,-8.0,2,79,250.0
P,Onset,0,0.0,2,79,250.0
P,Offset,2,8.0,2,79,250.0
P,Onset,-1,-4.0,2,79,250.0
P,Offset,5,20.0,2,79,250.0
P,Onset,1,4.0,2,79,250.0
P,Offset,-5,-20.0,2,79,250.0
P,Onset,16,64.0,2,79,250.0
P,Offset,-21,-84.0,2,79,250.0
P,Onset,-2,-8.0,2,79,250.0
P,Offset,-13,-52.0,2,79,250.0
T,Onset,-3,-12.0,2,79,250.0
T,Offset,3,12.0,2,79,250.0
T,Onset,0,0.0,2,79,250.0
T,Offset,1,4.0,2,79,250.0
T,Onset,-3,-12.0,2,79,250.0
T,Offset,2,8.0,2,79,250.0
T,Onset,-6,-24.0,2,79,250.0
T,Offset,3,12.0,2,79,250.0
T,Onset,-4,-16.0,2,79,250.0
T,Offset,0,0.0,2,79,250.0
T,Onset,-6,-24.0,2,79,250.0
T,Offset,-10,-40.0,2,79,250.0
T,Onset,-2,-8.0,2,79,250.0
T,Offset,-24,-96.0,2,79,250.0
T,Onset,-1,-4.0,2,8,250.0
T,Offset,1,4.0,2,8,250.0
T,Onset,2,8.0,2,8,250.0
T,Offset,-1,-4.0,2,8,250.0
T,Onset,1,4.0,2,8,250.0
T,Offset,-2,-8.0,2,8,250.0
T,Onset,0,0.0,2,8,250.0
T,Offset,1,4.0,2,8,250.0
T,Onset,0,0.0,2,8,250.0
T,Offset,-2,-8.0,2,8,250.0
T,Onset,6,24.0,2,8,250.0
T,Offset,-2,-8.0,2,8,250.0
T,Onset,4,16.0,2,8,250.0
T,Offset,1,4.0,2,8,250.0
T,Onset,10,40.0,2,8,250.0
T,Offset,0,0.0,2,8,250.0
T,Onset,19,76.0,2,8,250.0
T,Offset,3,12.0,2,8,250.0
P,Onset,2,8.0,2,80,250.0
P,Offset,-2,-8.0,2,80,250.0
P,Onset,1,4.0,2,80,250.0
P,Offset,0,0.0,2,80,250.0
P,Onset,1,4.0,2,80,250.0
P,Offset,-2,-8.0,2,80,250.0
P,Onset,2,8.0,2,80,250.0
P,Offset,-1,-4.0,2,80,250.0
P,Onset,1,4.0,2,80,250.0
P,Offset,-2,-8.0,2,80,250.0
P,Onset,1,4.0,2,80,250.0
P,Offset,-3,-12.0,2,80,250.0
P,Onset,1,4.0,2,80,250.0
P,Offset,-3,-12.0,2,80,250.0
P,Onset,2,8.0,2,80,250.0
P,Offset,1,4.0,2,80,250.0
P,Onset,0,0.0,2,80,250.0
P,Offset,-3,-12.0,2,80,250.0
P,Onset,7,28.0,2,80,250.0
P,Offset,-3,-12.0,2,80,250.0
T,Onset,2,8.0,2,80,250.0
T,Offset,-3,-12.0,2,80,250.0
T,Onset,2,8.0,2,80,250.0
T,Offset,-3,-12.0,2,80,250.0
T,Onset,2,8.0,2,80,250.0
T,Offset,0,0.0,2,80,250.0
T,Onset,0,0.0,2,80,250.0
T,Offset,-3,-12.0,2,80,250.0
T,Onset,-1,-4.0,2,80,250.0
T,Offset,-2,-8.0,2,80,250.0
T,Onset,9,36.0,2,80,250.0
T,Offset,-3,-12.0,2,80,250.0
T,Onset,0,0.0,2,80,250.0
T,Offset,-7,-28.0,2,80,250.0
T,Onset,12,48.0,2,80,250.0
T,Offset,-3,-12.0,2,80,250.0
T,Onset,8,32.0,2,80,250.0
T,Offset,3,12.0,2,80,250.0
T,Onset,16,64.0,2,80,250.0
T,Offset,-4,-16.0,2,80,250.0
P,Onset,4,16.0,2,81,250.0
P,Offset,-4,-16.0,2,81,250.0
P,Onset,3,12.0,2,81,250.0
P,Offset,-3,-12.0,2,81,250.0
P,Onset,2,8.0,2,81,250.0
P,Offset,-2,-8.0,2,81,250.0
P,Onset,3,12.0,2,81,250.0
P,Offset,-3,-12.0,2,81,250.0
P,Onset,2,8.0,2,81,250.0
P,Offset,-2,-8.0,2,81,250.0
P,Onset,3,12.0,2,81,250.0
P,Offset,-2,-8.0,2,81,250.0
P,Onset,3,12.0,2,81,250.0
P,Offset,-2,-8.0,2,81,250.0
P,Onset,3,12.0,2,81,250.0
P,Offset,-1,-4.0,2,81,250.0
P,Onset,3,12.0,2,81,250.0
P,Offset,0,0.0,2,81,250.0
P,Onset,3,12.0,2,81,250.0
P,Offset,0,0.0,2,81,250.0
T,Onset,-1,-4.0,2,81,250.0
T,Offset,-3,-12.0,2,81,250.0
T,Onset,-8,-32.0,2,81,250.0
T,Offset,-2,-8.0,2,81,250.0
T,Onset,-11,-44.0,2,81,250.0
T,Offset,-3,-12.0,2,81,250.0
T,Onset,-5,-20.0,2,81,250.0
T,Offset,-11,-44.0,2,81,250.0
T,Onset,-13,-52.0,2,81,250.0
T,Offset,-6,-24.0,2,81,250.0
T,Onset,30,120.0,2,81,250.0
T,Offset,-10,-40.0,2,81,250.0
T,Onset,25,100.0,2,81,250.0
T,Offset,-4,-16.0,2,81,250.0
T,Onset,27,108.0,2,81,250.0
T,Offset,-4,-16.0,2,81,250.0
T,Onset,-15,-60.0,2,81,250.0
T,Offset,-8,-32.0,2,81,250.0
T,Onset,30,120.0,2,81,250.0
T,Offset,-6,-24.0,2,81,250.0
P,Onset,1,4.0,2,82,250.0
P,Offset,-1,-4.0,2,82,250.0
P,Onset,1,4.0,2,82,250.0
P,Offset,-3,-12.0,2,82,250.0
P,Onset,2,8.0,2,82,250.0
P,Offset,-4,-16.0,2,82,250.0
P,Onset,3,12.0,2,82,250.0
P,Offset,-5,-20.0,2,82,250.0
P,Onset,0,0.0,2,82,250.0
P,Offset,-2,-8.0,2,82,250.0
P,Onset,3,12.0,2,82,250.0
P,Offset,0,0.0,2,82,250.0
T,Onset,7,28.0,2,82,250.0
T,Offset,-8,-32.0,2,82,250.0
T,Onset,7,28.0,2,82,250.0
T,Offset,-1,-4.0,2,82,250.0
T,Onset,9,36.0,2,82,250.0
T,Offset,-1,-4.0,2,82,250.0
T,Onset,10,40.0,2,82,250.0
T,Offset,-1,-4.0,2,82,250.0
T,Onset,17,68.0,2,82,250.0
T,Offset,-2,-8.0,2,82,250.0
T,Onset,3,12.0,2,82,250.0
T,Offset,-29,-116.0,2,82,250.0
T,Onset,3,12.0,2,83,250.0
T,Offset,-3,-12.0,2,83,250.0
T,Onset,1,4.0,2,83,250.0
T,Offset,2,8.0,2,83,250.0
T,Onset,-3,-12.0,2,83,250.0
T,Offset,-1,-4.0,2,83,250.0
T,Onset,7,28.0,2,83,250.0
T,Offset,-33,-132.0,2,83,250.0
P,Onset,4,16.0,2,84,250.0
P,Offset,-3,-12.0,2,84,250.0
P,Onset,2,8.0,2,84,250.0
P,Offset,-3,-12.0,2,84,250.0
P,Onset,2,8.0,2,84,250.0
P,Offset,-3,-12.0,2,84,250.0
P,Onset,7,28.0,2,84,250.0
P,Offset,-9,-36.0,2,84,250.0
P,Onset,4,16.0,2,84,250.0
P,Offset,-2,-8.0,2,84,250.0
P,Onset,0,0.0,2,84,250.0
P,Offset,-9,-36.0,2,84,250.0
P,Onset,14,56.0,2,84,250.0
P,Offset,-2,-8.0,2,84,250.0
T,Onset,5,20.0,2,84,250.0
T,Offset,3,12.0,2,84,250.0
T,Onset,6,24.0,2,84,250.0
T,Offset,3,12.0,2,84,250.0
T,Onset,15,60.0,2,84,250.0
T,Offset,-1,-4.0,2,84,250.0
T,Onset,6,24.0,2,84,250.0
T,Offset,9,36.0,2,84,250.0
T,Onset,14,56.0,2,84,250.0
T,Offset,5,20.0,2,84,250.0
T,Onset,11,44.0,2,84,250.0
T,Offset,29,116.0,2,84,250.0
T,Onset,15,60.0,2,84,250.0
T,Offset,29,116.0,2,84,250.0
P,Onset,1,4.0,2,86,250.0
P,Offset,-1,-4.0,2,86,250.0
P,Onset,1,4.0,2,86,250.0
P,Offset,0,0.0,2,86,250.0
P,Onset,0,0.0,2,86,250.0
P,Offset,1,4.0,2,86,250.0
P,Onset,1,4.0,2,86,250.0
P,Offset,0,0.0,2,86,250.0
P,Onset,1,4.0,2,86,250.0
P,Offset,0,0.0,2,86,250.0
P,Onset,1,4.0,2,86,250.0
P,Offset,1,4.0,2,86,250.0
P,Onset,2,8.0,2,86,250.0
P,Offset,0,0.0,2,86,250.0
P,Onset,1,4.0,2,86,250.0
P,Offset,1,4.0,2,86,250.0
P,Onset,1,4.0,2,86,250.0
P,Offset,1,4.0,2,86,250.0
P,Onset,1,4.0,2,86,250.0
P,Offset,1,4.0,2,86,250.0
P,Onset,0,0.0,2,86,250.0
P,Offset,3,12.0,2,86,250.0
T,Onset,-3,-12.0,2,86,250.0
T,Offset,2,8.0,2,86,250.0
T,Onset,0,0.0,2,86,250.0
T,Offset,1,4.0,2,86,250.0
T,Onset,3,12.0,2,86,250.0
T,Offset,0,0.0,2,86,250.0
T,Onset,-4,-16.0,2,86,250.0
T,Offset,1,4.0,2,86,250.0
T,Onset,-4,-16.0,2,86,250.0
T,Offset,1,4.0,2,86,250.0
T,Onset,-6,-24.0,2,86,250.0
T,Offset,3,12.0,2,86,250.0
T,Onset,-5,-20.0,2,86,250.0
T,Offset,1,4.0,2,86,250.0
T,Onset,-4,-16.0,2,86,250.0
T,Offset,-1,-4.0,2,86,250.0
T,Onset,-5,-20.0,2,86,250.0
T,Offset,0,0.0,2,86,250.0
T,Onset,-11,-44.0,2,86,250.0
T,Offset,1,4.0,2,86,250.0
T,Onset,25,100.0,2,86,250.0
T,Offset,-1,-4.0,2,86,250.0
P,Onset,1,4.0,2,87,250.0
P,Offset,-2,-8.0,2,87,250.0
P,Onset,1,4.0,2,87,250.0
P,Offset,-2,-8.0,2,87,250.0
P,Onset,0,0.0,2,87,250.0
P,Offset,-4,-16.0,2,87,250.0
P,Onset,6,24.0,2,87,250.0
P,Offset,-13,-52.0,2,87,250.0
P,Onset,3,12.0,2,87,250.0
P,Offset,-11,-44.0,2,87,250.0
P,Onset,2,8.0,2,87,250.0
P,Offset,-11,-44.0,2,87,250.0
P,Onset,1,4.0,2,87,250.0
P,Offset,-13,-52.0,2,87,250.0
P,Onset,2,8.0,2,87,250.0
P,Offset,-14,-56.0,2,87,250.0
P,Onset,2,8.0,2,87,250.0
P,Offset,-15,-60.0,2,87,250.0
P,Onset,2,8.0,2,87,250.0
P,Offset,-18,-72.0,2,87,250.0
P,Onset,3,12.0,2,87,250.0
P,Offset,-22,-88.0,2,87,250.0
T,Onset,6,24.0,2,87,250.0
T,Offset,-4,-16.0,2,87,250.0
T,Onset,5,20.0,2,87,250.0
T,Offset,-3,-12.0,2,87,250.0
T,Onset,7,28.0,2,87,250.0
T,Offset,-4,-16.0,2,87,250.0
T,Onset,3,12.0,2,87,250.0
T,Offset,0,0.0,2,87,250.0
T,Onset,0,0.0,2,87,250.0
T,Offset,-3,-12.0,2,87,250.0
T,Onset,15,60.0,2,87,250.0
T,Offset,-19,-76.0,2,87,250.0
T,Onset,4,16.0,2,87,250.0
T,Offset,0,0.0,2,87,250.0
T,Onset,8,32.0,2,87,250.0
T,Offset,-2,-8.0,2,87,250.0
T,Onset,13,52.0,2,87,250.0
T,Offset,-2,-8.0,2,87,250.0
T,Onset,15,60.0,2,87,250.0
T,Offset,-4,-16.0,2,87,250.0
T,Onset,19,76.0,2,87,250.0
T,Offset,-4,-16.0,2,87,250.0
T,Onset,0,0.0,2,88,250.0
T,Offset,0,0.0,2,88,250.0
T,Onset,0,0.0,2,88,250.0
T,Offset,1,4.0,2,88,250.0
T,Onset,3,12.0,2,88,250.0
T,Offset,0,0.0,2,88,250.0
T,Onset,18,72.0,2,88,250.0
T,Offset,-5,-20.0,2,88,250.0
T,Onset,0,0.0,2,88,250.0
T,Offset,-15,-60.0,2,88,250.0
T,Onset,2,8.0,2,88,250.0
T,Offset,-18,-72.0,2,88,250.0
T,Onset,2,8.0,2,88,250.0
T,Offset,-27,-108.0,2,88,250.0
T,Onset,14,56.0,2,88,250.0
T,Offset,-43,-172.0,2,88,250.0
T,Onset,-1,-4.0,2,88,250.0
T,Offset,-31,-124.0,2,88,250.0
P,Onset,2,8.0,2,89,250.0
P,Offset,-2,-8.0,2,89,250.0
P,Onset,1,4.0,2,89,250.0
P,Offset,0,0.0,2,89,250.0
P,Onset,2,8.0,2,89,250.0
P,Offset,-1,-4.0,2,89,250.0
P,Onset,0,0.0,2,89,250.0
P,Offset,-1,-4.0,2,89,250.0
P,Onset,0,0.0,2,89,250.0
P,Offset,-2,-8.0,2,89,250.0
P,Onset,1,4.0,2,89,250.0
P,Offset,1,4.0,2,89,250.0
P,Onset,1,4.0,2,89,250.0
P,Offset,-16,-64.0,2,89,250.0
P,Onset,2,8.0,2,89,250.0
P,Offset,-18,-72.0,2,89,250.0
P,Onset,1,4.0,2,89,250.0
P,Offset,-19,-76.0,2,89,250.0
T,Onset,-1,-4.0,2,89,250.0
T,Offset,0,0.0,2,89,250.0
T,Onset,-2,-8.0,2,89,250.0
T,Offset,-1,-4.0,2,89,250.0
T,Onset,1,4.0,2,89,250.0
T,Offset,3,12.0,2,89,250.0
T,Onset,7,28.0,2,89,250.0
T,Offset,0,0.0,2,89,250.0
T,Onset,8,32.0,2,89,250.0
T,Offset,0,0.0,2,89,250.0
T,Onset,9,36.0,2,89,250.0
T,Offset,0,0.0,2,89,250.0
T,Onset,9,36.0,2,89,250.0
T,Offset,2,8.0,2,89,250.0
T,Onset,10,40.0,2,89,250.0
T,Offset,1,4.0,2,89,250.0
T,Onset,16,64.0,2,89,250.0
T,Offset,1,4.0,2,89,250.0
P,Onset,2,8.0,2,9,250.0
P,Offset,-2,-8.0,2,9,250.0
P,Onset,2,8.0,2,9,250.0
P,Offset,-2,-8.0,2,9,250.0
P,Onset,2,8.0,2,9,250.0
P,Offset,-2,-8.0,2,9,250.0
P,Onset,2,8.0,2,9,250.0
P,Offset,-2,-8.0,2,9,250.0
P,Onset,3,12.0,2,9,250.0
P,Offset,-2,-8.0,2,9,250.0
P,Onset,3,12.0,2,9,250.0
P,Offset,-2,-8.0,2,9,250.0
P,Onset,1,4.0,2,9,250.0
P,Offset,-3,-12.0,2,9,250.0
P,Onset,1,4.0,2,9,250.0
P,Offset,-4,-16.0,2,9,250.0
T,Onset,2,8.0,2,9,250.0
T,Offset,-2,-8.0,2,9,250.0
T,Onset,6,24.0,2,9,250.0
T,Offset,-4,-16.0,2,9,250.0
T,Onset,5,20.0,2,9,250.0
T,Offset,-3,-12.0,2,9,250.0
T,Onset,4,16.0,2,9,250.0
T,Offset,-2,-8.0,2,9,250.0
T,Onset,6,24.0,2,9,250.0
T,Offset,-3,-12.0,2,9,250.0
T,Onset,5,20.0,2,9,250.0
T,Offset,0,0.0,2,9,250.0
T,Onset,9,36.0,2,9,250.0
T,Offset,-2,-8.0,2,9,250.0
T,Onset,11,44.0,2,9,250.0
T,Offset,-3,-12.0,2,9,250.0
T,Onset,5,20.0,2,90,250.0
T,Offset,-4,-16.0,2,90,250.0
T,Onset,0,0.0,2,90,250.0
T,Offset,-1,-4.0,2,90,250.0
T,Onset,4,16.0,2,90,250.0
T,Offset,-1,-4.0,2,90,250.0
T,Onset,9,36.0,2,90,250.0
T,Offset,-4,-16.0,2,90,250.0
T,Onset,12,48.0,2,90,250.0
T,Offset,-5,-20.0,2,90,250.0
T,Onset,8,32.0,2,90,250.0
T,Offset,0,0.0,2,90,250.0
T,Onset,10,40.0,2,90,250.0
T,Offset,0,0.0,2,90,250.0
P,Onset,0,0.0,2,91,250.0
P,Offset,0,0.0,2,91,250.0
P,Onset,1,4.0,2,91,250.0
P,Offset,-2,-8.0,2,91,250.0
P,Onset,1,4.0,2,91,250.0
P,Offset,0,0.0,2,91,250.0
P,Onset,1,4.0,2,91,250.0
P,Offset,0,0.0,2,91,250.0
P,Onset,1,4.0,2,91,250.0
P,Offset,-2,-8.0,2,91,250.0
P,Onset,2,8.0,2,91,250.0
P,Offset,0,0.0,2,91,250.0
P,Onset,3,12.0,2,91,250.0
P,Offset,-1,-4.0,2,91,250.0
P,Onset,-1,-4.0,2,91,250.0
P,Offset,-1,-4.0,2,91,250.0
P,Onset,-1,-4.0,2,91,250.0
P,Offset,-1,-4.0,2,91,250.0
P,Onset,2,8.0,2,91,250.0
P,Offset,0,0.0,2,91,250.0
T,Onset,0,0.0,2,91,250.0
T,Offset,0,0.0,2,91,250.0
T,Onset,-1,-4.0,2,91,250.0
T,Offset,1,4.0,2,91,250.0
T,Onset,-1,-4.0,2,91,250.0
T,Offset,-1,-4.0,2,91,250.0
T,Onset,2,8.0,2,91,250.0
T,Offset,0,0.0,2,91,250.0
T,Onset,3,12.0,2,91,250.0
T,Offset,1,4.0,2,91,250.0
T,Onset,-4,-16.0,2,91,250.0
T,Offset,0,0.0,2,91,250.0
T,Onset,5,20.0,2,91,250.0
T,Offset,0,0.0,2,91,250.0
T,Onset,-3,-12.0,2,91,250.0
T,Offset,-2,-8.0,2,91,250.0
T,Onset,7,28.0,2,91,250.0
T,Offset,-2,-8.0,2,91,250.0
T,Onset,9,36.0,2,91,250.0
T,Offset,4,16.0,2,91,250.0
P,Onset,1,4.0,2,92,250.0
P,Offset,-1,-4.0,2,92,250.0
P,Onset,0,0.0,2,92,250.0
P,Offset,0,0.0,2,92,250.0
P,Onset,1,4.0,2,92,250.0
P,Offset,-1,-4.0,2,92,250.0
P,Onset,-1,-4.0,2,92,250.0
P,Offset,1,4.0,2,92,250.0
P,Onset,1,4.0,2,92,250.0
P,Offset,-2,-8.0,2,92,250.0
P,Onset,1,4.0,2,92,250.0
P,Offset,0,0.0,2,92,250.0
P,Onset,0,0.0,2,92,250.0
P,Offset,-1,-4.0,2,92,250.0
P,Onset,1,4.0,2,92,250.0
P,Offset,0,0.0,2,92,250.0
P,Onset,0,0.0,2,92,250.0
P,Offset,-2,-8.0,2,92,250.0
P,Onset,-2,-8.0,2,92,250.0
P,Offset,-1,-4.0,2,92,250.0
P,Onset,1,4.0,2,92,250.0
P,Offset,-5,-20.0,2,92,250.0
P,Onset,1,4.0,2,92,250.0
P,Offset,3,12.0,2,92,250.0
P,Onset,0,0.0,2,92,250.0
P,Offset,-6,-24.0,2,92,250.0
T,Onset,-2,-8.0,2,92,250.0
T,Offset,1,4.0,2,92,250.0
T,Onset,-2,-8.0,2,92,250.0
T,Offset,-1,-4.0,2,92,250.0
T,Onset,3,12.0,2,92,250.0
T,Offset,0,0.0,2,92,250.0
T,Onset,7,28.0,2,92,250.0
T,Offset,-4,-16.0,2,92,250.0
T,Onset,9,36.0,2,92,250.0
T,Offset,-12,-48.0,2,92,250.0
T,Onset,6,24.0,2,92,250.0
T,Offset,0,0.0,2,92,250.0
T,Onset,8,32.0,2,92,250.0
T,Offset,-14,-56.0,2,92,250.0
T,Onset,8,32.0,2,92,250.0
T,Offset,-1,-4.0,2,92,250.0
T,Onset,8,32.0,2,92,250.0
T,Offset,1,4.0,2,92,250.0
T,Onset,8,32.0,2,92,250.0
T,Offset,2,8.0,2,92,250.0
T,Onset,11,44.0,2,92,250.0
T,Offset,0,0.0,2,92,250.0
T,Onset,15,60.0,2,92,250.0
T,Offset,2,8.0,2,92,250.0
T,Onset,13,52.0,2,92,250.0
T,Offset,5,20.0,2,92,250.0
T,Onset,-4,-16.0,2,93,250.0
T,Offset,5,20.0,2,93,250.0
T,Onset,-2,-8.0,2,93,250.0
T,Offset,1,4.0,2,93,250.0
T,Onset,9,36.0,2,93,250.0
T,Offset,-11,-44.0,2,93,250.0
T,Onset,1,4.0,2,93,250.0
T,Offset,2,8.0,2,93,250.0
T,Onset,-1,-4.0,2,93,250.0
T,Offset,-4,-16.0,2,93,250.0
T,Onset,-3,-12.0,2,93,250.0
T,Offset,-5,-20.0,2,93,250.0
T,Onset,4,16.0,2,93,250.0
T,Offset,6,24.0,2,93,250.0
P,Onset,4,16.0,2,94,250.0
P,Offset,-5,-20.0,2,94,250.0
P,Onset,4,16.0,2,94,250.0
P,Offset,-3,-12.0,2,94,250.0
P,Onset,4,16.0,2,94,250.0
P,Offset,-3,-12.0,2,94,250.0
P,Onset,5,20.0,2,94,250.0
P,Offset,-3,-12.0,2,94,250.0
P,Onset,4,16.0,2,94,250.0
P,Offset,-2,-8.0,2,94,250.0
P,Onset,5,20.0,2,94,250.0
P,Offset,-3,-12.0,2,94,250.0
P,Onset,5,20.0,2,94,250.0
P,Offset,-1,-4.0,2,94,250.0
P,Onset,7,28.0,2,94,250.0
P,Offset,-2,-8.0,2,94,250.0
P,Onset,8,32.0,2,94,250.0
P,Offset,-2,-8.0,2,94,250.0
T,Onset,0,0.0,2,94,250.0
T,Offset,0,0.0,2,94,250.0
T,Onset,1,4.0,2,94,250.0
T,Offset,-1,-4.0,2,94,250.0
T,Onset,0,0.0,2,94,250.0
T,Offset,0,0.0,2,94,250.0
T,Onset,-1,-4.0,2,94,250.0
T,Offset,2,8.0,2,94,250.0
T,Onset,3,12.0,2,94,250.0
T,Offset,-2,-8.0,2,94,250.0
T,Onset,1,4.0,2,94,250.0
T,Offset,1,4.0,2,94,250.0
T,Onset,2,8.0,2,94,250.0
T,Offset,0,0.0,2,94,250.0
T,Onset,3,12.0,2,94,250.0
T,Offset,-1,-4.0,2,94,250.0
T,Onset,7,28.0,2,94,250.0
T,Offset,0,0.0,2,94,250.0
T,Onset,1,4.0,2,95,250.0
T,Offset,-2,-8.0,2,95,250.0
T,Onset,-1,-4.0,2,95,250.0
T,Offset,0,0.0,2,95,250.0
T,Onset,3,12.0,2,95,250.0
T,Offset,-4,-16.0,2,95,250.0
T,Onset,1,4.0,2,95,250.0
T,Offset,2,8.0,2,95,250.0
T,Onset,4,16.0,2,95,250.0
T,Offset,2,8.0,2,95,250.0
T,Onset,1,4.0,2,95,250.0
T,Offset,-10,-40.0,2,95,250.0
T,Onset,10,40.0,2,95,250.0
T,Offset,1,4.0,2,95,250.0
T,Onset,-1,-4.0,2,96,250.0
T,Offset,2,8.0,2,96,250.0
T,Onset,-1,-4.0,2,96,250.0
T,Offset,2,8.0,2,96,250.0
T,Onset,1,4.0,2,96,250.0
T,Offset,0,0.0,2,96,250.0
T,Onset,1,4.0,2,96,250.0
T,Offset,-2,-8.0,2,96,250.0
T,Onset,18,72.0,2,96,250.0
T,Offset,-4,-16.0,2,96,250.0
T,Onset,-15,-60.0,2,96,250.0
T,Offset,-3,-12.0,2,96,250.0
T,Onset,-3,-12.0,2,96,250.0
T,Offset,-21,-84.0,2,96,250.0
T,Onset,-11,-44.0,2,96,250.0
T,Offset,-13,-52.0,2,96,250.0
T,Onset,-21,-84.0,2,96,250.0
T,Offset,-7,-28.0,2,96,250.0
T,Onset,-12,-48.0,2,96,250.0
T,Offset,-23,-92.0,2,96,250.0
T,Onset,20,80.0,2,96,250.0
T,Offset,17,68.0,2,96,250.0
P,Onset,2,8.0,2,97,250.0
P,Offset,-3,-12.0,2,97,250.0
P,Onset,1,4.0,2,97,250.0
P,Offset,0,0.0,2,97,250.0
P,Onset,2,8.0,2,97,250.0
P,Offset,-1,-4.0,2,97,250.0
P,Onset,3,12.0,2,97,250.0
P,Offset,-1,-4.0,2,97,250.0
P,Onset,2,8.0,2,97,250.0
P,Offset,0,0.0,2,97,250.0
P,Onset,0,0.0,2,97,250.0
P,Offset,2,8.0,2,97,250.0
P,Onset,2,8.0,2,97,250.0
P,Offset,1,4.0,2,97,250.0
T,Onset,-1,-4.0,2,97,250.0
T,Offset,0,0.0,2,97,250.0
T,Onset,1,4.0,2,97,250.0
T,Offset,3,12.0,2,97,250.0
T,Onset,2,8.0,2,97,250.0
T,Offset,8,32.0,2,97,250.0
T,Onset,1,4.0,2,97,250.0
T,Offset,10,40.0,2,97,250.0
T,Onset,0,0.0,2,97,250.0
T,Offset,19,76.0,2,97,250.0
T,Onset,-2,-8.0,2,97,250.0
T,Offset,25,100.0,2,97,250.0
T,Onset,-1,-4.0,2,97,250.0
T,Offset,30,120.0,2,97,250.0
P,Onset,2,8.0,2,98,250.0
P,Offset,-2,-8.0,2,98,250.0
P,Onset,3,12.0,2,98,250.0
P,Offset,-2,-8.0,2,98,250.0
P,Onset,0,0.0,2,98,250.0
P,Offset,1,4.0,2,98,250.0
P,Onset,1,4.0,2,98,250.0
P,Offset,0,0.0,2,98,250.0
P,Onset,-1,-4.0,2,98,250.0
P,Offset,0,0.0,2,98,250.0
P,Onset,2,8.0,2,98,250.0
P,Offset,2,8.0,2,98,250.0
P,Onset,2,8.0,2,98,250.0
P,Offset,3,12.0,2,98,250.0
T,Onset,3,12.0,2,98,250.0
T,Offset,-3,-12.0,2,98,250.0
T,Onset,2,8.0,2,98,250.0
T,Offset,1,4.0,2,98,250.0
T,Onset,6,24.0,2,98,250.0
T,Offset,-12,-48.0,2,98,250.0
T,Onset,3,12.0,2,98,250.0
T,Offset,-10,-40.0,2,98,250.0
T,Onset,7,28.0,2,98,250.0
T,Offset,-17,-68.0,2,98,250.0
T,Onset,2,8.0,2,98,250.0
T,Offset,-18,-72.0,2,98,250.0
T,Onset,-1,-4.0,2,98,250.0
T,Offset,-18,-72.0,2,98,250.0
P,Onset,0,0.0,2,99,250.0
P,Offset,0,0.0,2,99,250.0
P,Onset,0,0.0,2,99,250.0
P,Offset,0,0.0,2,99,250.0
P,Onset,1,4.0,2,99,250.0
P,Offset,-1,-4.0,2,99,250.0
P,Onset,1,4.0,2,99,250.0
P,Offset,0,0.0,2,99,250.0
P,Onset,2,8.0,2,99,250.0
P,Offset,-1,-4.0,2,99,250.0
P,Onset,1,4.0,2,99,250.0
P,Offset,0,0.0,2,99,250.0
P,Onset,0,0.0,2,99,250.0
P,Offset,-2,-8.0,2,99,250.0
P,Onset,-1,-4.0,2,99,250.0
P,Offset,-1,-4.0,2,99,250.0
P,Onset,-1,-4.0,2,99,250.0
P,Offset,-2,-8.0,2,99,250.0
P,Onset,-1,-4.0,2,99,250.0
P,Offset,-2,-8.0,2,99,250.0
P,Onset,-1,-4.0,2,99,250.0
P,Offset,-3,-12.0,2,99,250.0
T,Onset,3,12.0,2,99,250.0
T,Offset,-1,-4.0,2,99,250.0
T,Onset,5,20.0,2,99,250.0
T,Offset,0,0.0,2,99,250.0
T,Onset,8,32.0,2,99,250.0
T,Offset,-2,-8.0,2,99,250.0
T,Onset,8,32.0,2,99,250.0
T,Offset,-1,-4.0,2,99,250.0
T,Onset,6,24.0,2,99,250.0
T,Offset,1,4.0,2,99,250.0
T,Onset,9,36.0,2,99,250.0
T,Offset,-2,-8.0,2,99,250.0
T,Onset,9,36.0,2,99,250.0
T,Offset,-2,-8.0,2,99,250.0
T,Onset,9,36.0,2,99,250.0
T,Offset,-1,-4.0,2,99,250.0
T,Onset,8,32.0,2,99,250.0
T,Offset,0,0.0,2,99,250.0
T,Onset,10,40.0,2,99,250.0
T,Offset,-2,-8.0,2,99,250.0
T,Onset,14,56.0,2,99,250.0
T,Offset,1,4.0,2,99,250.0
P,Onset,4,16.0,3,1,250.0
P,Offset,-3,-12.0,3,1,250.0
P,Onset,2,8.0,3,1,250.0
P,Offset,-4,-16.0,3,1,250.0
P,Onset,0,0.0,3,1,250.0
P,Offset,-2,-8.0,3,1,250.0
P,Onset,1,4.0,3,1,250.0
P,Offset,-3,-12.0,3,1,250.0
P,Onset,0,0.0,3,1,250.0
P,Offset,-4,-16.0,3,1,250.0
T,Onset,1,4.0,3,1,250.0
T,Offset,0,0.0,3,1,250.0
T,Onset,-1,-4.0,3,1,250.0
T,Offset,-3,-12.0,3,1,250.0
T,Onset,-2,-8.0,3,1,250.0
T,Offset,-3,-12.0,3,1,250.0
T,Onset,-3,-12.0,3,1,250.0
T,Offset,-3,-12.0,3,1,250.0
T,Onset,-7,-28.0,3,1,250.0
T,Offset,-2,-8.0,3,1,250.0
P,Onset,3,12.0,3,10,250.0
P,Offset,-2,-8.0,3,10,250.0
P,Onset,3,12.0,3,10,250.0
P,Offset,-2,-8.0,3,10,250.0
P,Onset,3,12.0,3,10,250.0
P,Offset,-1,-4.0,3,10,250.0
P,Onset,1,4.0,3,10,250.0
P,Offset,-5,-20.0,3,10,250.0
P,Onset,3,12.0,3,10,250.0
P,Offset,-7,-28.0,3,10,250.0
P,Onset,13,52.0,3,10,250.0
P,Offset,-8,-32.0,3,10,250.0
P,Onset,2,8.0,3,10,250.0
P,Offset,-13,-52.0,3,10,250.0
T,Onset,2,8.0,3,10,250.0
T,Offset,-2,-8.0,3,10,250.0
T,Onset,3,12.0,3,10,250.0
T,Offset,-2,-8.0,3,10,250.0
T,Onset,1,4.0,3,10,250.0
T,Offset,-2,-8.0,3,10,250.0
T,Onset,0,0.0,3,10,250.0
T,Offset,-2,-8.0,3,10,250.0
T,Onset,4,16.0,3,10,250.0
T,Offset,-2,-8.0,3,10,250.0
T,Onset,4,16.0,3,10,250.0
T,Offset,0,0.0,3,10,250.0
T,Onset,11,44.0,3,10,250.0
T,Offset,-2,-8.0,3,10,250.0
P,Onset,1,4.0,3,100,250.0
P,Offset,-1,-4.0,3,100,250.0
P,Onset,0,0.0,3,100,250.0
P,Offset,-1,-4.0,3,100,250.0
P,Onset,1,4.0,3,100,250.0
P,Offset,0,0.0,3,100,250.0
P,Onset,0,0.0,3,100,250.0
P,Offset,1,4.0,3,100,250.0
P,Onset,1,4.0,3,100,250.0
P,Offset,-2,-8.0,3,100,250.0
P,Onset,1,4.0,3,100,250.0
P,Offset,1,4.0,3,100,250.0
P,Onset,2,8.0,3,100,250.0
P,Offset,1,4.0,3,100,250.0
P,Onset,3,12.0,3,100,250.0
P,Offset,0,0.0,3,100,250.0
T,Onset,1,4.0,3,100,250.0
T,Offset,-1,-4.0,3,100,250.0
T,Onset,5,20.0,3,100,250.0
T,Offset,-6,-24.0,3,100,250.0
T,Onset,5,20.0,3,100,250.0
T,Offset,-3,-12.0,3,100,250.0
T,Onset,6,24.0,3,100,250.0
T,Offset,-4,-16.0,3,100,250.0
T,Onset,5,20.0,3,100,250.0
T,Offset,-2,-8.0,3,100,250.0
T,Onset,6,24.0,3,100,250.0
T,Offset,0,0.0,3,100,250.0
T,Onset,9,36.0,3,100,250.0
T,Offset,-2,-8.0,3,100,250.0
T,Onset,12,48.0,3,100,250.0
T,Offset,-1,-4.0,3,100,250.0
T,Onset,24,96.0,3,101,250.0
T,Offset,-24,-96.0,3,101,250.0
T,Onset,4,16.0,3,101,250.0
T,Offset,-3,-12.0,3,101,250.0
T,Onset,1,4.0,3,101,250.0
T,Offset,0,0.0,3,101,250.0
T,Onset,0,0.0,3,101,250.0
T,Offset,-16,-64.0,3,101,250.0
T,Onset,11,44.0,3,101,250.0
T,Offset,-31,-124.0,3,101,250.0
T,Onset,14,56.0,3,101,250.0
T,Offset,-35,-140.0,3,101,250.0
T,Onset,22,88.0,3,101,250.0
T,Offset,9,36.0,3,101,250.0
T,Onset,18,72.0,3,101,250.0
T,Offset,14,56.0,3,101,250.0
T,Onset,8,32.0,3,101,250.0
T,Offset,27,108.0,3,101,250.0
P,Onset,2,8.0,3,102,250.0
P,Offset,-2,-8.0,3,102,250.0
P,Onset,2,8.0,3,102,250.0
P,Offset,-2,-8.0,3,102,250.0
P,Onset,1,4.0,3,102,250.0
P,Offset,-1,-4.0,3,102,250.0
P,Onset,2,8.0,3,102,250.0
P,Offset,-3,-12.0,3,102,250.0
P,Onset,2,8.0,3,102,250.0
P,Offset,-1,-4.0,3,102,250.0
P,Onset,1,4.0,3,102,250.0
P,Offset,-2,-8.0,3,102,250.0
P,Onset,2,8.0,3,102,250.0
P,Offset,-4,-16.0,3,102,250.0
P,Onset,2,8.0,3,102,250.0
P,Offset,-4,-16.0,3,102,250.0
T,Onset,3,12.0,3,102,250.0
T,Offset,-3,-12.0,3,102,250.0
T,Onset,-1,-4.0,3,102,250.0
T,Offset,1,4.0,3,102,250.0
T,Onset,1,4.0,3,102,250.0
T,Offset,-3,-12.0,3,102,250.0
T,Onset,6,24.0,3,102,250.0
T,Offset,-3,-12.0,3,102,250.0
T,Onset,7,28.0,3,102,250.0
T,Offset,-3,-12.0,3,102,250.0
T,Onset,3,12.0,3,102,250.0
T,Offset,1,4.0,3,102,250.0
T,Onset,-1,-4.0,3,102,250.0
T,Offset,-4,-16.0,3,102,250.0
T,Onset,4,16.0,3,102,250.0
T,Offset,1,4.0,3,102,250.0
T,Onset,-3,-12.0,3,103,250.0
T,Offset,5,20.0,3,103,250.0
T,Onset,-3,-12.0,3,103,250.0
T,Offset,1,4.0,3,103,250.0
T,Onset,1,4.0,3,103,250.0
T,Offset,1,4.0,3,103,250.0
T,Onset,-2,-8.0,3,103,250.0
T,Offset,-2,-8.0,3,103,250.0
T,Onset,0,0.0,3,103,250.0
T,Offset,-4,-16.0,3,103,250.0
T,Onset,-1,-4.0,3,103,250.0
T,Offset,-4,-16.0,3,103,250.0
T,Onset,7,28.0,3,103,250.0
T,Offset,0,0.0,3,103,250.0
T,Onset,9,36.0,3,103,250.0
T,Offset,-20,-80.0,3,103,250.0
T,Onset,-13,-52.0,3,103,250.0
T,Offset,1,4.0,3,103,250.0
T,Onset,20,80.0,3,103,250.0
T,Offset,-7,-28.0,3,103,250.0
T,Onset,16,64.0,3,103,250.0
T,Offset,-2,-8.0,3,103,250.0
T,Onset,6,24.0,3,103,250.0
T,Offset,-31,-124.0,3,103,250.0
T,Onset,2,8.0,3,103,250.0
T,Offset,-33,-132.0,3,103,250.0
P,Onset,1,4.0,3,106,250.0
P,Offset,-1,-4.0,3,106,250.0
P,Onset,0,0.0,3,106,250.0
P,Offset,-1,-4.0,3,106,250.0
P,Onset,1,4.0,3,106,250.0
P,Offset,0,0.0,3,106,250.0
P,Onset,0,0.0,3,106,250.0
P,Offset,-1,-4.0,3,106,250.0
P,Onset,1,4.0,3,106,250.0
P,Offset,0,0.0,3,106,250.0
P,Onset,1,4.0,3,106,250.0
P,Offset,0,0.0,3,106,250.0
P,Onset,1,4.0,3,106,250.0
P,Offset,1,4.0,3,106,250.0
P,Onset,1,4.0,3,106,250.0
P,Offset,1,4.0,3,106,250.0
P,Onset,1,4.0,3,106,250.0
P,Offset,1,4.0,3,106,250.0
P,Onset,1,4.0,3,106,250.0
P,Offset,-7,-28.0,3,106,250.0
P,Onset,0,0.0,3,106,250.0
P,Offset,-9,-36.0,3,106,250.0
T,Onset,3,12.0,3,106,250.0
T,Offset,-1,-4.0,3,106,250.0
T,Onset,3,12.0,3,106,250.0
T,Offset,-1,-4.0,3,106,250.0
T,Onset,2,8.0,3,106,250.0
T,Offset,0,0.0,3,106,250.0
T,Onset,2,8.0,3,106,250.0
T,Offset,2,8.0,3,106,250.0
T,Onset,7,28.0,3,106,250.0
T,Offset,-2,-8.0,3,106,250.0
T,Onset,-3,-12.0,3,106,250.0
T,Offset,-3,-12.0,3,106,250.0
T,Onset,4,16.0,3,106,250.0
T,Offset,2,8.0,3,106,250.0
T,Onset,7,28.0,3,106,250.0
T,Offset,0,0.0,3,106,250.0
T,Onset,7,28.0,3,106,250.0
T,Offset,1,4.0,3,106,250.0
T,Onset,8,32.0,3,106,250.0
T,Offset,1,4.0,3,106,250.0
T,Onset,10,40.0,3,106,250.0
T,Offset,2,8.0,3,106,250.0
P,Onset,1,4.0,3,107,250.0
P,Offset,-1,-4.0,3,107,250.0
P,Onset,1,4.0,3,107,250.0
P,Offset,-1,-4.0,3,107,250.0
P,Onset,1,4.0,3,107,250.0
P,Offset,-1,-4.0,3,107,250.0
P,Onset,2,8.0,3,107,250.0
P,Offset,-4,-16.0,3,107,250.0
P,Onset,5,20.0,3,107,250.0
P,Offset,-8,-32.0,3,107,250.0
P,Onset,-2,-8.0,3,107,250.0
P,Offset,-13,-52.0,3,107,250.0
P,Onset,0,0.0,3,107,250.0
P,Offset,-17,-68.0,3,107,250.0
T,Onset,-4,-16.0,3,107,250.0
T,Offset,1,4.0,3,107,250.0
T,Onset,2,8.0,3,107,250.0
T,Offset,3,12.0,3,107,250.0
T,Onset,0,0.0,3,107,250.0
T,Offset,-8,-32.0,3,107,250.0
T,Onset,0,0.0,3,107,250.0
T,Offset,-10,-40.0,3,107,250.0
T,Onset,-5,-20.0,3,107,250.0
T,Offset,-7,-28.0,3,107,250.0
T,Onset,-2,-8.0,3,107,250.0
T,Offset,-16,-64.0,3,107,250.0
T,Onset,-2,-8.0,3,107,250.0
T,Offset,-19,-76.0,3,107,250.0
T,Onset,15,60.0,3,109,250.0
T,Offset,-5,-20.0,3,109,250.0
T,Onset,3,12.0,3,109,250.0
T,Offset,-16,-64.0,3,109,250.0
T,Onset,20,80.0,3,109,250.0
T,Offset,0,0.0,3,109,250.0
T,Onset,3,12.0,3,109,250.0
T,Offset,-25,-100.0,3,109,250.0
P,Onset,1,4.0,3,11,250.0
P,Offset,-1,-4.0,3,11,250.0
P,Onset,1,4.0,3,11,250.0
P,Offset,-1,-4.0,3,11,250.0
P,Onset,1,4.0,3,11,250.0
P,Offset,0,0.0,3,11,250.0
P,Onset,0,0.0,3,11,250.0
P,Offset,-1,-4.0,3,11,250.0
P,Onset,-1,-4.0,3,11,250.0
P,Offset,-1,-4.0,3,11,250.0
P,Onset,0,0.0,3,11,250.0
P,Offset,-2,-8.0,3,11,250.0
P,Onset,-1,-4.0,3,11,250.0
P,Offset,-2,-8.0,3,11,250.0
T,Onset,1,4.0,3,11,250.0
T,Offset,2,8.0,3,11,250.0
T,Onset,5,20.0,3,11,250.0
T,Offset,-1,-4.0,3,11,250.0
T,Onset,6,24.0,3,11,250.0
T,Offset,0,0.0,3,11,250.0
T,Onset,8,32.0,3,11,250.0
T,Offset,0,0.0,3,11,250.0
T,Onset,9,36.0,3,11,250.0
T,Offset,0,0.0,3,11,250.0
T,Onset,10,40.0,3,11,250.0
T,Offset,0,0.0,3,11,250.0
T,Onset,11,44.0,3,11,250.0
T,Offset,-1,-4.0,3,11,250.0
T,Onset,1,4.0,3,110,250.0
T,Offset,-2,-8.0,3,110,250.0
T,Onset,23,92.0,3,110,250.0
T,Offset,-18,-72.0,3,110,250.0
T,Onset,0,0.0,3,110,250.0
T,Offset,-15,-60.0,3,110,250.0
T,Onset,16,64.0,3,110,250.0
T,Offset,-1,-4.0,3,110,250.0
T,Onset,21,84.0,3,110,250.0
T,Offset,-3,-12.0,3,110,250.0
T,Onset,-1,-4.0,3,111,250.0
T,Offset,0,0.0,3,111,250.0
T,Onset,0,0.0,3,111,250.0
T,Offset,1,4.0,3,111,250.0
T,Onset,-1,-4.0,3,111,250.0
T,Offset,3,12.0,3,111,250.0
T,Onset,-7,-28.0,3,111,250.0
T,Offset,2,8.0,3,111,250.0
T,Onset,-2,-8.0,3,111,250.0
T,Offset,7,28.0,3,111,250.0
T,Onset,-5,-20.0,3,111,250.0
T,Offset,14,56.0,3,111,250.0
T,Onset,5,20.0,3,111,250.0
T,Offset,5,20.0,3,111,250.0
T,Onset,1,4.0,3,112,250.0
T,Offset,-1,-4.0,3,112,250.0
T,Onset,1,4.0,3,112,250.0
T,Offset,0,0.0,3,112,250.0
T,Onset,4,16.0,3,112,250.0
T,Offset,0,0.0,3,112,250.0
T,Onset,7,28.0,3,112,250.0
T,Offset,-15,-60.0,3,112,250.0
T,Onset,17,68.0,3,112,250.0
T,Offset,-9,-36.0,3,112,250.0
T,Onset,-2,-8.0,3,112,250.0
T,Offset,11,44.0,3,112,250.0
T,Onset,-4,-16.0,3,112,250.0
T,Offset,18,72.0,3,112,250.0
T,Onset,1,4.0,3,112,250.0
T,Offset,16,64.0,3,112,250.0
T,Onset,0,0.0,3,112,250.0
T,Offset,-18,-72.0,3,112,250.0
T,Onset,2,8.0,3,112,250.0
T,Offset,21,84.0,3,112,250.0
T,Onset,2,8.0,3,112,250.0
T,Offset,-25,-100.0,3,112,250.0
T,Onset,29,116.0,3,112,250.0
T,Offset,-1,-4.0,3,112,250.0
T,Onset,6,24.0,3,112,250.0
T,Offset,22,88.0,3,112,250.0
P,Onset,1,4.0,3,113,250.0
P,Offset,-1,-4.0,3,113,250.0
P,Onset,1,4.0,3,113,250.0
P,Offset,-1,-4.0,3,113,250.0
P,Onset,2,8.0,3,113,250.0
P,Offset,-1,-4.0,3,113,250.0
P,Onset,1,4.0,3,113,250.0
P,Offset,0,0.0,3,113,250.0
P,Onset,1,4.0,3,113,250.0
P,Offset,-3,-12.0,3,113,250.0
P,Onset,1,4.0,3,113,250.0
P,Offset,-4,-16.0,3,113,250.0
P,Onset,2,8.0,3,113,250.0
P,Offset,1,4.0,3,113,250.0
T,Onset,9,36.0,3,113,250.0
T,Offset,-1,-4.0,3,113,250.0
T,Onset,10,40.0,3,113,250.0
T,Offset,-2,-8.0,3,113,250.0
T,Onset,14,56.0,3,113,250.0
T,Offset,-2,-8.0,3,113,250.0
T,Onset,15,60.0,3,113,250.0
T,Offset,-2,-8.0,3,113,250.0
T,Onset,15,60.0,3,113,250.0
T,Offset,-1,-4.0,3,113,250.0
T,Onset,16,64.0,3,113,250.0
T,Offset,-1,-4.0,3,113,250.0
T,Onset,16,64.0,3,113,250.0
T,Offset,0,0.0,3,113,250.0
P,Onset,2,8.0,3,115,250.0
P,Offset,-2,-8.0,3,115,250.0
P,Onset,1,4.0,3,115,250.0
P,Offset,-1,-4.0,3,115,250.0
P,Onset,3,12.0,3,115,250.0
P,Offset,-2,-8.0,3,115,250.0
P,Onset,1,4.0,3,115,250.0
P,Offset,0,0.0,3,115,250.0
P,Onset,1,4.0,3,115,250.0
P,Offset,-3,-12.0,3,115,250.0
P,Onset,1,4.0,3,115,250.0
P,Offset,-3,-12.0,3,115,250.0
P,Onset,0,0.0,3,115,250.0
P,Offset,-3,-12.0,3,115,250.0
T,Onset,0,0.0,3,115,250.0
T,Offset,-1,-4.0,3,115,250.0
T,Onset,-1,-4.0,3,115,250.0
T,Offset,-2,-8.0,3,115,250.0
T,Onset,2,8.0,3,115,250.0
T,Offset,-5,-20.0,3,115,250.0
T,Onset,10,40.0,3,115,250.0
T,Offset,-3,-12.0,3,115,250.0
T,Onset,9,36.0,3,115,250.0
T,Offset,-2,-8.0,3,115,250.0
T,Onset,12,48.0,3,115,250.0
T,Offset,-1,-4.0,3,115,250.0
T,Onset,8,32.0,3,115,250.0
T,Offset,-30,-120.0,3,115,250.0
P,Onset,2,8.0,3,116,250.0
P,Offset,-2,-8.0,3,116,250.0
P,Onset,5,20.0,3,116,250.0
P,Offset,-5,-20.0,3,116,250.0
P,Onset,3,12.0,3,116,250.0
P,Offset,-2,-8.0,3,116,250.0
P,Onset,2,8.0,3,116,250.0
P,Offset,-1,-4.0,3,116,250.0
P,Onset,5,20.0,3,116,250.0
P,Offset,-3,-12.0,3,116,250.0
P,Onset,2,8.0,3,116,250.0
P,Offset,0,0.0,3,116,250.0
P,Onset,3,12.0,3,116,250.0
P,Offset,-1,-4.0,3,116,250.0
P,Onset,2,8.0,3,116,250.0
P,Offset,-5,-20.0,3,116,250.0
P,Onset,0,0.0,3,116,250.0
P,Offset,-4,-16.0,3,116,250.0
P,Onset,-2,-8.0,3,116,250.0
P,Offset,-2,-8.0,3,116,250.0
P,Onset,6,24.0,3,116,250.0
P,Offset,-2,-8.0,3,116,250.0
P,Onset,0,0.0,3,116,250.0
P,Offset,-4,-16.0,3,116,250.0
P,Onset,18,72.0,3,116,250.0
P,Offset,-4,-16.0,3,116,250.0
T,Onset,3,12.0,3,116,250.0
T,Offset,-2,-8.0,3,116,250.0
T,Onset,2,8.0,3,116,250.0
T,Offset,-1,-4.0,3,116,250.0
T,Onset,3,12.0,3,116,250.0
T,Offset,-2,-8.0,3,116,250.0
T,Onset,0,0.0,3,116,250.0
T,Offset,-1,-4.0,3,116,250.0
T,Onset,2,8.0,3,116,250.0
T,Offset,-1,-4.0,3,116,250.0
T,Onset,3,12.0,3,116,250.0
T,Offset,-1,-4.0,3,116,250.0
T,Onset,1,4.0,3,116,250.0
T,Offset,-3,-12.0,3,116,250.0
T,Onset,2,8.0,3,116,250.0
T,Offset,0,0.0,3,116,250.0
T,Onset,0,0.0,3,116,250.0
T,Offset,2,8.0,3,116,250.0
T,Onset,4,16.0,3,116,250.0
T,Offset,0,0.0,3,116,250.0
T,Onset,6,24.0,3,116,250.0
T,Offset,0,0.0,3,116,250.0
T,Onset,3,12.0,3,116,250.0
T,Offset,-15,-60.0,3,116,250.0
T,Onset,32,128.0,3,116,250.0
T,Offset,-1,-4.0,3,116,250.0
P,Onset,1,4.0,3,117,250.0
P,Offset,-1,-4.0,3,117,250.0
P,Onset,1,4.0,3,117,250.0
P,Offset,-1,-4.0,3,117,250.0
P,Onset,1,4.0,3,117,250.0
P,Offset,0,0.0,3,117,250.0
P,Onset,2,8.0,3,117,250.0
P,Offset,-1,-4.0,3,117,250.0
P,Onset,1,4.0,3,117,250.0
P,Offset,0,0.0,3,117,250.0
P,Onset,1,4.0,3,117,250.0
P,Offset,-2,-8.0,3,117,250.0
P,Onset,1,4.0,3,117,250.0
P,Offset,0,0.0,3,117,250.0
P,Onset,1,4.0,3,117,250.0
P,Offset,-3,-12.0,3,117,250.0
P,Onset,1,4.0,3,117,250.0
P,Offset,-3,-12.0,3,117,250.0
P,Onset,1,4.0,3,117,250.0
P,Offset,-3,-12.0,3,117,250.0
P,Onset,1,4.0,3,117,250.0
P,Offset,-3,-12.0,3,117,250.0
P,Onset,2,8.0,3,117,250.0
P,Offset,0,0.0,3,117,250.0
P,Onset,0,0.0,3,117,250.0
P,Offset,-3,-12.0,3,117,250.0
T,Onset,2,8.0,3,117,250.0
T,Offset,-2,-8.0,3,117,250.0
T,Onset,3,12.0,3,117,250.0
T,Offset,-2,-8.0,3,117,250.0
T,Onset,3,12.0,3,117,250.0
T,Offset,-2,-8.0,3,117,250.0
T,Onset,-2,-8.0,3,117,250.0
T,Offset,4,16.0,3,117,250.0
T,Onset,6,24.0,3,117,250.0
T,Offset,-3,-12.0,3,117,250.0
T,Onset,-1,-4.0,3,117,250.0
T,Offset,-2,-8.0,3,117,250.0
T,Onset,6,24.0,3,117,250.0
T,Offset,-2,-8.0,3,117,250.0
T,Onset,-1,-4.0,3,117,250.0
T,Offset,-3,-12.0,3,117,250.0
T,Onset,6,24.0,3,117,250.0
T,Offset,-2,-8.0,3,117,250.0
T,Onset,9,36.0,3,117,250.0
T,Offset,-4,-16.0,3,117,250.0
T,Onset,-3,-12.0,3,117,250.0
T,Offset,-2,-8.0,3,117,250.0
T,Onset,8,32.0,3,117,250.0
T,Offset,-2,-8.0,3,117,250.0
T,Onset,-4,-16.0,3,117,250.0
T,Offset,-3,-12.0,3,117,250.0
P,Onset,1,4.0,3,118,250.0
P,Offset,-1,-4.0,3,118,250.0
P,Onset,1,4.0,3,118,250.0
P,Offset,-2,-8.0,3,118,250.0
P,Onset,2,8.0,3,118,250.0
P,Offset,-1,-4.0,3,118,250.0
P,Onset,1,4.0,3,118,250.0
P,Offset,-2,-8.0,3,118,250.0
P,Onset,0,0.0,3,118,250.0
P,Offset,-2,-8.0,3,118,250.0
P,Onset,0,0.0,3,118,250.0
P,Offset,-3,-12.0,3,118,250.0
P,Onset,0,0.0,3,118,250.0
P,Offset,-4,-16.0,3,118,250.0
P,Onset,0,0.0,3,118,250.0
P,Offset,-4,-16.0,3,118,250.0
T,Onset,-1,-4.0,3,118,250.0
T,Offset,2,8.0,3,118,250.0
T,Onset,-4,-16.0,3,118,250.0
T,Offset,3,12.0,3,118,250.0
T,Onset,0,0.0,3,118,250.0
T,Offset,-2,-8.0,3,118,250.0
T,Onset,6,24.0,3,118,250.0
T,Offset,-3,-12.0,3,118,250.0
T,Onset,-5,-20.0,3,118,250.0
T,Offset,1,4.0,3,118,250.0
T,Onset,4,16.0,3,118,250.0
T,Offset,0,0.0,3,118,250.0
T,Onset,7,28.0,3,118,250.0
T,Offset,-1,-4.0,3,118,250.0
T,Onset,9,36.0,3,118,250.0
T,Offset,1,4.0,3,118,250.0
P,Onset,2,8.0,3,12,250.0
P,Offset,-1,-4.0,3,12,250.0
P,Onset,2,8.0,3,12,250.0
P,Offset,-1,-4.0,3,12,250.0
P,Onset,2,8.0,3,12,250.0
P,Offset,-1,-4.0,3,12,250.0
P,Onset,2,8.0,3,12,250.0
P,Offset,-1,-4.0,3,12,250.0
P,Onset,-1,-4.0,3,12,250.0
P,Offset,-1,-4.0,3,12,250.0
P,Onset,0,0.0,3,12,250.0
P,Offset,-3,-12.0,3,12,250.0
T,Onset,-1,-4.0,3,12,250.0
T,Offset,1,4.0,3,12,250.0
T,Onset,-1,-4.0,3,12,250.0
T,Offset,0,0.0,3,12,250.0
T,Onset,-1,-4.0,3,12,250.0
T,Offset,3,12.0,3,12,250.0
T,Onset,-2,-8.0,3,12,250.0
T,Offset,7,28.0,3,12,250.0
T,Onset,-2,-8.0,3,12,250.0
T,Offset,8,32.0,3,12,250.0
T,Onset,2,8.0,3,12,250.0
T,Offset,4,16.0,3,12,250.0
P,Onset,8,32.0,3,120,250.0
P,Offset,-18,-72.0,3,120,250.0
P,Onset,6,24.0,3,120,250.0
P,Offset,-18,-72.0,3,120,250.0
P,Onset,5,20.0,3,120,250.0
P,Offset,-17,-68.0,3,120,250.0
P,Onset,6,24.0,3,120,250.0
P,Offset,-18,-72.0,3,120,250.0
P,Onset,8,32.0,3,120,250.0
P,Offset,-20,-80.0,3,120,250.0
P,Onset,16,64.0,3,120,250.0
P,Offset,-1,-4.0,3,120,250.0
P,Onset,38,152.0,3,120,250.0
P,Offset,-18,-72.0,3,120,250.0
T,Onset,0,0.0,3,120,250.0
T,Offset,0,0.0,3,120,250.0
T,Onset,5,20.0,3,120,250.0
T,Offset,-7,-28.0,3,120,250.0
T,Onset,8,32.0,3,120,250.0
T,Offset,-5,-20.0,3,120,250.0
T,Onset,6,24.0,3,120,250.0
T,Offset,-3,-12.0,3,120,250.0
T,Onset,1,4.0,3,120,250.0
T,Offset,2,8.0,3,120,250.0
T,Onset,3,12.0,3,120,250.0
T,Offset,-7,-28.0,3,120,250.0
T,Onset,3,12.0,3,120,250.0
T,Offset,2,8.0,3,120,250.0
P,Onset,10,40.0,3,121,250.0
P,Offset,-10,-40.0,3,121,250.0
P,Onset,4,16.0,3,121,250.0
P,Offset,-1,-4.0,3,121,250.0
P,Onset,7,28.0,3,121,250.0
P,Offset,-10,-40.0,3,121,250.0
P,Onset,3,12.0,3,121,250.0
P,Offset,0,0.0,3,121,250.0
P,Onset,4,16.0,3,121,250.0
P,Offset,-1,-4.0,3,121,250.0
P,Onset,7,28.0,3,121,250.0
P,Offset,-2,-8.0,3,121,250.0
P,Onset,9,36.0,3,121,250.0
P,Offset,-4,-16.0,3,121,250.0
P,Onset,6,24.0,3,121,250.0
P,Offset,-1,-4.0,3,121,250.0
P,Onset,5,20.0,3,121,250.0
P,Offset,1,4.0,3,121,250.0
P,Onset,6,24.0,3,121,250.0
P,Offset,0,0.0,3,121,250.0
P,Onset,3,12.0,3,121,250.0
P,Offset,4,16.0,3,121,250.0
P,Onset,3,12.0,3,121,250.0
P,Offset,-10,-40.0,3,121,250.0
P,Onset,8,32.0,3,121,250.0
P,Offset,-16,-64.0,3,121,250.0
P,Onset,43,172.0,3,121,250.0
P,Offset,-10,-40.0,3,121,250.0
T,Onset,7,28.0,3,121,250.0
T,Offset,2,8.0,3,121,250.0
T,Onset,17,68.0,3,121,250.0
T,Offset,-2,-8.0,3,121,250.0
T,Onset,18,72.0,3,121,250.0
T,Offset,-2,-8.0,3,121,250.0
T,Onset,18,72.0,3,121,250.0
T,Offset,0,0.0,3,121,250.0
T,Onset,24,96.0,3,121,250.0
T,Offset,-4,-16.0,3,121,250.0
T,Onset,22,88.0,3,121,250.0
T,Offset,-2,-8.0,3,121,250.0
T,Onset,17,68.0,3,121,250.0
T,Offset,3,12.0,3,121,250.0
T,Onset,22,88.0,3,121,250.0
T,Offset,0,0.0,3,121,250.0
T,Onset,21,84.0,3,121,250.0
T,Offset,1,4.0,3,121,250.0
T,Onset,25,100.0,3,121,250.0
T,Offset,3,12.0,3,121,250.0
T,Onset,28,112.0,3,121,250.0
T,Offset,1,4.0,3,121,250.0
P,Onset,2,8.0,3,122,250.0
P,Offset,-2,-8.0,3,122,250.0
P,Onset,-1,-4.0,3,122,250.0
P,Offset,-1,-4.0,3,122,250.0
P,Onset,0,0.0,3,122,250.0
P,Offset,-2,-8.0,3,122,250.0
P,Onset,0,0.0,3,122,250.0
P,Offset,-3,-12.0,3,122,250.0
P,Onset,0,0.0,3,122,250.0
P,Offset,-3,-12.0,3,122,250.0
P,Onset,-1,-4.0,3,122,250.0
P,Offset,-2,-8.0,3,122,250.0
P,Onset,0,0.0,3,122,250.0
P,Offset,-4,-16.0,3,122,250.0
T,Onset,4,16.0,3,122,250.0
T,Offset,-5,-20.0,3,122,250.0
T,Onset,0,0.0,3,122,250.0
T,Offset,-1,-4.0,3,122,250.0
T,Onset,2,8.0,3,122,250.0
T,Offset,-1,-4.0,3,122,250.0
T,Onset,0,0.0,3,122,250.0
T,Offset,-1,-4.0,3,122,250.0
T,Onset,3,12.0,3,122,250.0
T,Offset,-1,-4.0,3,122,250.0
T,Onset,2,8.0,3,122,250.0
T,Offset,6,24.0,3,122,250.0
T,Onset,0,0.0,3,122,250.0
T,Offset,-8,-32.0,3,122,250.0
P,Onset,2,8.0,3,123,250.0
P,Offset,-21,-84.0,3,123,250.0
T,Onset,5,20.0,3,123,250.0
T,Offset,-2,-8.0,3,123,250.0
T,Onset,5,20.0,3,123,250.0
T,Offset,-1,-4.0,3,123,250.0
T,Onset,6,24.0,3,123,250.0
T,Offset,-2,-8.0,3,123,250.0
T,Onset,5,20.0,3,123,250.0
T,Offset,-1,-4.0,3,123,250.0
T,Onset,7,28.0,3,123,250.0
T,Offset,-2,-8.0,3,123,250.0
T,Onset,8,32.0,3,123,250.0
T,Offset,-3,-12.0,3,123,250.0
T,Onset,8,32.0,3,123,250.0
T,Offset,-3,-12.0,3,123,250.0
T,Onset,7,28.0,3,123,250.0
T,Offset,-1,-4.0,3,123,250.0
P,Onset,1,4.0,3,124,250.0
P,Offset,-1,-4.0,3,124,250.0
P,Onset,1,4.0,3,124,250.0
P,Offset,-2,-8.0,3,124,250.0
P,Onset,-1,-4.0,3,124,250.0
P,Offset,0,0.0,3,124,250.0
P,Onset,1,4.0,3,124,250.0
P,Offset,0,0.0,3,124,250.0
P,Onset,1,4.0,3,124,250.0
P,Offset,0,0.0,3,124,250.0
P,Onset,1,4.0,3,124,250.0
P,Offset,-3,-12.0,3,124,250.0
T,Onset,-4,-16.0,3,124,250.0
T,Offset,1,4.0,3,124,250.0
T,Onset,2,8.0,3,124,250.0
T,Offset,1,4.0,3,124,250.0
T,Onset,-8,-32.0,3,124,250.0
T,Offset,4,16.0,3,124,250.0
T,Onset,-9,-36.0,3,124,250.0
T,Offset,2,8.0,3,124,250.0
T,Onset,-2,-8.0,3,124,250.0
T,Offset,9,36.0,3,124,250.0
T,Onset,-6,-24.0,3,124,250.0
T,Offset,27,108.0,3,124,250.0
P,Onset,1,4.0,3,125,250.0
P,Offset,0,0.0,3,125,250.0
P,Onset,0,0.0,3,125,250.0
P,Offset,-7,-28.0,3,125,250.0
P,Onset,0,0.0,3,125,250.0
P,Offset,-15,-60.0,3,125,250.0
P,Onset,0,0.0,3,125,250.0
P,Offset,-16,-64.0,3,125,250.0
T,Onset,-3,-12.0,3,125,250.0
T,Offset,6,24.0,3,125,250.0
T,Onset,-7,-28.0,3,125,250.0
T,Offset,2,8.0,3,125,250.0
T,Onset,1,4.0,3,125,250.0
T,Offset,-12,-48.0,3,125,250.0
T,Onset,-1,-4.0,3,125,250.0
T,Offset,-11,-44.0,3,125,250.0
T,Onset,35,140.0,3,125,250.0
T,Offset,-21,-84.0,3,125,250.0
T,Onset,-13,-52.0,3,125,250.0
T,Offset,-29,-116.0,3,125,250.0
P,Onset,18,72.0,3,126,250.0
P,Offset,-15,-60.0,3,126,250.0
P,Onset,13,52.0,3,126,250.0
P,Offset,-18,-72.0,3,126,250.0
P,Onset,-2,-8.0,3,126,250.0
P,Offset,-4,-16.0,3,126,250.0
P,Onset,10,40.0,3,126,250.0
P,Offset,-3,-12.0,3,126,250.0
P,Onset,1,4.0,3,126,250.0
P,Offset,-14,-56.0,3,126,250.0
P,Onset,1,4.0,3,126,250.0
P,Offset,-16,-64.0,3,126,250.0
P,Onset,1,4.0,3,126,250.0
P,Offset,-17,-68.0,3,126,250.0
P,Onset,-1,-4.0,3,126,250.0
P,Offset,-19,-76.0,3,126,250.0
P,Onset,1,4.0,3,128,250.0
P,Offset,-1,-4.0,3,128,250.0
P,Onset,0,0.0,3,128,250.0
P,Offset,0,0.0,3,128,250.0
P,Onset,1,4.0,3,128,250.0
P,Offset,0,0.0,3,128,250.0
P,Onset,1,4.0,3,128,250.0
P,Offset,1,4.0,3,128,250.0
P,Onset,3,12.0,3,128,250.0
P,Offset,-1,-4.0,3,128,250.0
P,Onset,1,4.0,3,128,250.0
P,Offset,-7,-28.0,3,128,250.0
T,Onset,-2,-8.0,3,128,250.0
T,Offset,1,4.0,3,128,250.0
T,Onset,2,8.0,3,128,250.0
T,Offset,-1,-4.0,3,128,250.0
T,Onset,-2,-8.0,3,128,250.0
T,Offset,0,0.0,3,128,250.0
T,Onset,7,28.0,3,128,250.0
T,Offset,0,0.0,3,128,250.0
T,Onset,8,32.0,3,128,250.0
T,Offset,0,0.0,3,128,250.0
T,Onset,18,72.0,3,128,250.0
T,Offset,1,4.0,3,128,250.0
T,Onset,-2,-8.0,3,129,250.0
T,Offset,2,8.0,3,129,250.0
T,Onset,-1,-4.0,3,129,250.0
T,Offset,2,8.0,3,129,250.0
T,Onset,2,8.0,3,129,250.0
T,Offset,-1,-4.0,3,129,250.0
T,Onset,-4,-16.0,3,129,250.0
T,Offset,3,12.0,3,129,250.0
T,Onset,-3,-12.0,3,129,250.0
T,Offset,0,0.0,3,129,250.0
T,Onset,1,4.0,3,129,250.0
T,Offset,-7,-28.0,3,129,250.0
T,Onset,-2,-8.0,3,129,250.0
T,Offset,-9,-36.0,3,129,250.0
P,Onset,25,100.0,3,13,250.0
P,Offset,-14,-56.0,3,13,250.0
P,Onset,25,100.0,3,13,250.0
P,Offset,-5,-20.0,3,13,250.0
T,Onset,23,92.0,3,13,250.0
T,Offset,-17,-68.0,3,13,250.0
T,Onset,-1,-4.0,3,13,250.0
T,Offset,-11,-44.0,3,13,250.0
T,Onset,3,12.0,3,13,250.0
T,Offset,-16,-64.0,3,13,250.0
T,Onset,14,56.0,3,13,250.0
T,Offset,1,4.0,3,13,250.0
T,Onset,-1,-4.0,3,13,250.0
T,Offset,-14,-56.0,3,13,250.0
T,Onset,0,0.0,3,13,250.0
T,Offset,-20,-80.0,3,13,250.0
P,Onset,16,64.0,3,130,250.0
P,Offset,-7,-28.0,3,130,250.0
P,Onset,3,12.0,3,130,250.0
P,Offset,-13,-52.0,3,130,250.0
P,Onset,1,4.0,3,130,250.0
P,Offset,-16,-64.0,3,130,250.0
P,Onset,-7,-28.0,3,130,250.0
P,Offset,-17,-68.0,3,130,250.0
P,Onset,-13,-52.0,3,130,250.0
P,Offset,-13,-52.0,3,130,250.0
P,Onset,-25,-100.0,3,130,250.0
P,Offset,-16,-64.0,3,130,250.0
T,Onset,-4,-16.0,3,130,250.0
T,Offset,3,12.0,3,130,250.0
T,Onset,13,52.0,3,130,250.0
T,Offset,-15,-60.0,3,130,250.0
T,Onset,-6,-24.0,3,130,250.0
T,Offset,-12,-48.0,3,130,250.0
T,Onset,9,36.0,3,130,250.0
T,Offset,-27,-108.0,3,130,250.0
T,Onset,6,24.0,3,130,250.0
T,Offset,-31,-124.0,3,130,250.0
T,Onset,32,128.0,3,130,250.0
T,Offset,2,8.0,3,130,250.0
P,Onset,0,0.0,3,131,250.0
P,Offset,0,0.0,3,131,250.0
P,Onset,3,12.0,3,131,250.0
P,Offset,-4,-16.0,3,131,250.0
P,Onset,2,8.0,3,131,250.0
P,Offset,-3,-12.0,3,131,250.0
P,Onset,0,0.0,3,131,250.0
P,Offset,-2,-8.0,3,131,250.0
P,Onset,-2,-8.0,3,131,250.0
P,Offset,-4,-16.0,3,131,250.0
P,Onset,-2,-8.0,3,131,250.0
P,Offset,-5,-20.0,3,131,250.0
P,Onset,12,48.0,3,131,250.0
P,Offset,-2,-8.0,3,131,250.0
T,Onset,-1,-4.0,3,131,250.0
T,Offset,1,4.0,3,131,250.0
T,Onset,0,0.0,3,131,250.0
T,Offset,0,0.0,3,131,250.0
T,Onset,0,0.0,3,131,250.0
T,Offset,-2,-8.0,3,131,250.0
T,Onset,-2,-8.0,3,131,250.0
T,Offset,0,0.0,3,131,250.0
T,Onset,-3,-12.0,3,131,250.0
T,Offset,-4,-16.0,3,131,250.0
T,Onset,-2,-8.0,3,131,250.0
T,Offset,-8,-32.0,3,131,250.0
T,Onset,0,0.0,3,131,250.0
T,Offset,-10,-40.0,3,131,250.0
P,Onset,3,12.0,3,132,250.0
P,Offset,-2,-8.0,3,132,250.0
P,Onset,4,16.0,3,132,250.0
P,Offset,-5,-20.0,3,132,250.0
P,Onset,4,16.0,3,132,250.0
P,Offset,-2,-8.0,3,132,250.0
P,Onset,1,4.0,3,132,250.0
P,Offset,-3,-12.0,3,132,250.0
P,Onset,2,8.0,3,132,250.0
P,Offset,-4,-16.0,3,132,250.0
P,Onset,-2,-8.0,3,132,250.0
P,Offset,0,0.0,3,132,250.0
P,Onset,2,8.0,3,132,250.0
P,Offset,-4,-16.0,3,132,250.0
T,Onset,3,12.0,3,132,250.0
T,Offset,-2,-8.0,3,132,250.0
T,Onset,2,8.0,3,132,250.0
T,Offset,-1,-4.0,3,132,250.0
T,Onset,1,4.0,3,132,250.0
T,Offset,-2,-8.0,3,132,250.0
T,Onset,6,24.0,3,132,250.0
T,Offset,-1,-4.0,3,132,250.0
T,Onset,9,36.0,3,132,250.0
T,Offset,-2,-8.0,3,132,250.0
T,Onset,8,32.0,3,132,250.0
T,Offset,1,4.0,3,132,250.0
T,Onset,10,40.0,3,132,250.0
T,Offset,0,0.0,3,132,250.0
P,Onset,16,64.0,3,133,250.0
P,Offset,-15,-60.0,3,133,250.0
P,Onset,11,44.0,3,133,250.0
P,Offset,-13,-52.0,3,133,250.0
P,Onset,7,28.0,3,133,250.0
P,Offset,-11,-44.0,3,133,250.0
P,Onset,1,4.0,3,133,250.0
P,Offset,-11,-44.0,3,133,250.0
P,Onset,0,0.0,3,133,250.0
P,Offset,-14,-56.0,3,133,250.0
P,Onset,0,0.0,3,133,250.0
P,Offset,-18,-72.0,3,133,250.0
T,Onset,21,84.0,3,133,250.0
T,Offset,-26,-104.0,3,133,250.0
T,Onset,12,48.0,3,133,250.0
T,Offset,-28,-112.0,3,133,250.0
T,Onset,33,132.0,3,133,250.0
T,Offset,-17,-68.0,3,133,250.0
T,Onset,-7,-28.0,3,133,250.0
T,Offset,-11,-44.0,3,133,250.0
T,Onset,-6,-24.0,3,133,250.0
T,Offset,-16,-64.0,3,133,250.0
T,Onset,0,0.0,3,133,250.0
T,Offset,-29,-116.0,3,133,250.0
P,Onset,0,0.0,3,135,250.0
P,Offset,0,0.0,3,135,250.0
P,Onset,11,44.0,3,135,250.0
P,Offset,-11,-44.0,3,135,250.0
P,Onset,-1,-4.0,3,135,250.0
P,Offset,0,0.0,3,135,250.0
P,Onset,-2,-8.0,3,135,250.0
P,Offset,0,0.0,3,135,250.0
P,Onset,-1,-4.0,3,135,250.0
P,Offset,-2,-8.0,3,135,250.0
P,Onset,9,36.0,3,135,250.0
P,Offset,-16,-64.0,3,135,250.0
P,Onset,4,16.0,3,135,250.0
P,Offset,-12,-48.0,3,135,250.0
P,Onset,-1,-4.0,3,135,250.0
P,Offset,-11,-44.0,3,135,250.0
T,Onset,6,24.0,3,135,250.0
T,Offset,-5,-20.0,3,135,250.0
T,Onset,6,24.0,3,135,250.0
T,Offset,-3,-12.0,3,135,250.0
T,Onset,10,40.0,3,135,250.0
T,Offset,-2,-8.0,3,135,250.0
T,Onset,10,40.0,3,135,250.0
T,Offset,-2,-8.0,3,135,250.0
T,Onset,10,40.0,3,135,250.0
T,Offset,-2,-8.0,3,135,250.0
T,Onset,10,40.0,3,135,250.0
T,Offset,-1,-4.0,3,135,250.0
T,Onset,12,48.0,3,135,250.0
T,Offset,-1,-4.0,3,135,250.0
T,Onset,13,52.0,3,135,250.0
T,Offset,-2,-8.0,3,135,250.0
P,Onset,0,0.0,3,137,250.0
P,Offset,0,0.0,3,137,250.0
P,Onset,-2,-8.0,3,137,250.0
P,Offset,4,16.0,3,137,250.0
P,Onset,-1,-4.0,3,137,250.0
P,Offset,3,12.0,3,137,250.0
P,Onset,-1,-4.0,3,137,250.0
P,Offset,-1,-4.0,3,137,250.0
P,Onset,0,0.0,3,137,250.0
P,Offset,-3,-12.0,3,137,250.0
P,Onset,1,4.0,3,137,250.0
P,Offset,2,8.0,3,137,250.0
P,Onset,-1,-4.0,3,137,250.0
P,Offset,-3,-12.0,3,137,250.0
P,Onset,0,0.0,3,137,250.0
P,Offset,-4,-16.0,3,137,250.0
T,Onset,4,16.0,3,137,250.0
T,Offset,-4,-16.0,3,137,250.0
T,Onset,0,0.0,3,137,250.0
T,Offset,-2,-8.0,3,137,250.0
T,Onset,4,16.0,3,137,250.0
T,Offset,-7,-28.0,3,137,250.0
T,Onset,-2,-8.0,3,137,250.0
T,Offset,-1,-4.0,3,137,250.0
T,Onset,-1,-4.0,3,137,250.0
T,Offset,-4,-16.0,3,137,250.0
T,Onset,7,28.0,3,137,250.0
T,Offset,-2,-8.0,3,137,250.0
T,Onset,5,20.0,3,137,250.0
T,Offset,3,12.0,3,137,250.0
T,Onset,8,32.0,3,137,250.0
T,Offset,0,0.0,3,137,250.0
P,Onset,12,48.0,3,138,250.0
P,Offset,-13,-52.0,3,138,250.0
P,Onset,0,0.0,3,138,250.0
P,Offset,-4,-16.0,3,138,250.0
P,Onset,-2,-8.0,3,138,250.0
P,Offset,-2,-8.0,3,138,250.0
P,Onset,-3,-12.0,3,138,250.0
P,Offset,-2,-8.0,3,138,250.0
P,Onset,-2,-8.0,3,138,250.0
P,Offset,-3,-12.0,3,138,250.0
P,Onset,1,4.0,3,138,250.0
P,Offset,-7,-28.0,3,138,250.0
P,Onset,-2,-8.0,3,138,250.0
P,Offset,-8,-32.0,3,138,250.0
T,Onset,-1,-4.0,3,138,250.0
T,Offset,-2,-8.0,3,138,250.0
T,Onset,-19,-76.0,3,138,250.0
T,Offset,23,92.0,3,138,250.0
T,Onset,-15,-60.0,3,138,250.0
T,Offset,24,96.0,3,138,250.0
T,Onset,-20,-80.0,3,138,250.0
T,Offset,30,120.0,3,138,250.0
T,Onset,-4,-16.0,3,138,250.0
T,Offset,-12,-48.0,3,138,250.0
T,Onset,-4,-16.0,3,138,250.0
T,Offset,-14,-56.0,3,138,250.0
T,Onset,-4,-16.0,3,138,250.0
T,Offset,-21,-84.0,3,138,250.0
P,Onset,-2,-8.0,3,139,250.0
P,Offset,2,8.0,3,139,250.0
P,Onset,1,4.0,3,139,250.0
P,Offset,0,0.0,3,139,250.0
P,Onset,1,4.0,3,139,250.0
P,Offset,0,0.0,3,139,250.0
P,Onset,4,16.0,3,139,250.0
P,Offset,-2,-8.0,3,139,250.0
P,Onset,8,32.0,3,139,250.0
P,Offset,-10,-40.0,3,139,250.0
P,Onset,-2,-8.0,3,139,250.0
P,Offset,7,28.0,3,139,250.0
P,Onset,4,16.0,3,139,250.0
P,Offset,-15,-60.0,3,139,250.0
P,Onset,7,28.0,3,139,250.0
P,Offset,5,20.0,3,139,250.0
P,Onset,11,44.0,3,139,250.0
P,Offset,2,8.0,3,139,250.0
T,Onset,0,0.0,3,139,250.0
T,Offset,0,0.0,3,139,250.0
T,Onset,1,4.0,3,139,250.0
T,Offset,1,4.0,3,139,250.0
T,Onset,2,8.0,3,139,250.0
T,Offset,0,0.0,3,139,250.0
T,Onset,3,12.0,3,139,250.0
T,Offset,4,16.0,3,139,250.0
T,Onset,-1,-4.0,3,139,250.0
T,Offset,-6,-24.0,3,139,250.0
T,Onset,-1,-4.0,3,139,250.0
T,Offset,-8,-32.0,3,139,250.0
T,Onset,8,32.0,3,139,250.0
T,Offset,4,16.0,3,139,250.0
T,Onset,29,116.0,3,139,250.0
T,Offset,-11,-44.0,3,139,250.0
T,Onset,-14,-56.0,3,139,250.0
T,Offset,-14,-56.0,3,139,250.0
P,Onset,1,4.0,3,14,250.0
P,Offset,-1,-4.0,3,14,250.0
P,Onset,2,8.0,3,14,250.0
P,Offset,-1,-4.0,3,14,250.0
P,Onset,2,8.0,3,14,250.0
P,Offset,-1,-4.0,3,14,250.0
P,Onset,1,4.0,3,14,250.0
P,Offset,0,0.0,3,14,250.0
P,Onset,1,4.0,3,14,250.0
P,Offset,0,0.0,3,14,250.0
P,Onset,0,0.0,3,14,250.0
P,Offset,-1,-4.0,3,14,250.0
P,Onset,0,0.0,3,14,250.0
P,Offset,-1,-4.0,3,14,250.0
P,Onset,1,4.0,3,14,250.0
P,Offset,-2,-8.0,3,14,250.0
P,Onset,0,0.0,3,14,250.0
P,Offset,-2,-8.0,3,14,250.0
P,Onset,-1,-4.0,3,14,250.0
P,Offset,-1,-4.0,3,14,250.0
P,Onset,3,12.0,3,14,250.0
P,Offset,-14,-56.0,3,14,250.0
T,Onset,3,12.0,3,14,250.0
T,Offset,-5,-20.0,3,14,250.0
T,Onset,9,36.0,3,14,250.0
T,Offset,-7,-28.0,3,14,250.0
T,Onset,0,0.0,3,14,250.0
T,Offset,-2,-8.0,3,14,250.0
T,Onset,-2,-8.0,3,14,250.0
T,Offset,-2,-8.0,3,14,250.0
T,Onset,0,0.0,3,14,250.0
T,Offset,-4,-16.0,3,14,250.0
T,Onset,-1,-4.0,3,14,250.0
T,Offset,-4,-16.0,3,14,250.0
T,Onset,-2,-8.0,3,14,250.0
T,Offset,-3,-12.0,3,14,250.0
T,Onset,1,4.0,3,14,250.0
T,Offset,-8,-32.0,3,14,250.0
T,Onset,-2,-8.0,3,14,250.0
T,Offset,-6,-24.0,3,14,250.0
T,Onset,-3,-12.0,3,14,250.0
T,Offset,-9,-36.0,3,14,250.0
T,Onset,24,96.0,3,14,250.0
T,Offset,-10,-40.0,3,14,250.0
T,Onset,2,8.0,3,140,250.0
T,Offset,-2,-8.0,3,140,250.0
T,Onset,4,16.0,3,140,250.0
T,Offset,-2,-8.0,3,140,250.0
T,Onset,5,20.0,3,140,250.0
T,Offset,-2,-8.0,3,140,250.0
T,Onset,5,20.0,3,140,250.0
T,Offset,-2,-8.0,3,140,250.0
T,Onset,5,20.0,3,140,250.0
T,Offset,-1,-4.0,3,140,250.0
T,Onset,5,20.0,3,140,250.0
T,Offset,-1,-4.0,3,140,250.0
T,Onset,6,24.0,3,140,250.0
T,Offset,-1,-4.0,3,140,250.0
T,Onset,8,32.0,3,140,250.0
T,Offset,0,0.0,3,140,250.0
T,Onset,8,32.0,3,140,250.0
T,Offset,1,4.0,3,140,250.0
T,Onset,12,48.0,3,140,250.0
T,Offset,-1,-4.0,3,140,250.0
P,Onset,-2,-8.0,3,141,250.0
P,Offset,1,4.0,3,141,250.0
P,Onset,2,8.0,3,141,250.0
P,Offset,-3,-12.0,3,141,250.0
P,Onset,1,4.0,3,141,250.0
P,Offset,-2,-8.0,3,141,250.0
P,Onset,2,8.0,3,141,250.0
P,Offset,-3,-12.0,3,141,250.0
P,Onset,3,12.0,3,141,250.0
P,Offset,-1,-4.0,3,141,250.0
P,Onset,2,8.0,3,141,250.0
P,Offset,1,4.0,3,141,250.0
P,Onset,0,0.0,3,141,250.0
P,Offset,-4,-16.0,3,141,250.0
T,Onset,1,4.0,3,141,250.0
T,Offset,0,0.0,3,141,250.0
T,Onset,1,4.0,3,141,250.0
T,Offset,0,0.0,3,141,250.0
T,Onset,5,20.0,3,141,250.0
T,Offset,0,0.0,3,141,250.0
T,Onset,7,28.0,3,141,250.0
T,Offset,0,0.0,3,141,250.0
T,Onset,9,36.0,3,141,250.0
T,Offset,-1,-4.0,3,141,250.0
T,Onset,6,24.0,3,141,250.0
T,Offset,5,20.0,3,141,250.0
T,Onset,8,32.0,3,141,250.0
T,Offset,3,12.0,3,141,250.0
P,Onset,1,4.0,3,142,250.0
P,Offset,-2,-8.0,3,142,250.0
P,Onset,2,8.0,3,142,250.0
P,Offset,-3,-12.0,3,142,250.0
P,Onset,2,8.0,3,142,250.0
P,Offset,-4,-16.0,3,142,250.0
P,Onset,1,4.0,3,142,250.0
P,Offset,-3,-12.0,3,142,250.0
P,Onset,-1,-4.0,3,142,250.0
P,Offset,-1,-4.0,3,142,250.0
P,Onset,1,4.0,3,142,250.0
P,Offset,-4,-16.0,3,142,250.0
P,Onset,-1,-4.0,3,142,250.0
P,Offset,-2,-8.0,3,142,250.0
P,Onset,0,0.0,3,142,250.0
P,Offset,-4,-16.0,3,142,250.0
P,Onset,-2,-8.0,3,142,250.0
P,Offset,-3,-12.0,3,142,250.0
T,Onset,2,8.0,3,142,250.0
T,Offset,-1,-4.0,3,142,250.0
T,Onset,2,8.0,3,142,250.0
T,Offset,-1,-4.0,3,142,250.0
T,Onset,-1,-4.0,3,142,250.0
T,Offset,-2,-8.0,3,142,250.0
T,Onset,4,16.0,3,142,250.0
T,Offset,-1,-4.0,3,142,250.0
T,Onset,0,0.0,3,142,250.0
T,Offset,3,12.0,3,142,250.0
T,Onset,0,0.0,3,142,250.0
T,Offset,-4,-16.0,3,142,250.0
T,Onset,5,20.0,3,142,250.0
T,Offset,0,0.0,3,142,250.0
T,Onset,4,16.0,3,142,250.0
T,Offset,2,8.0,3,142,250.0
T,Onset,8,32.0,3,142,250.0
T,Offset,0,0.0,3,142,250.0
P,Onset,0,0.0,3,143,250.0
P,Offset,0,0.0,3,143,250.0
P,Onset,1,4.0,3,143,250.0
P,Offset,-1,-4.0,3,143,250.0
P,Onset,0,0.0,3,143,250.0
P,Offset,-1,-4.0,3,143,250.0
P,Onset,-1,-4.0,3,143,250.0
P,Offset,0,0.0,3,143,250.0
P,Onset,0,0.0,3,143,250.0
P,Offset,1,4.0,3,143,250.0
P,Onset,0,0.0,3,143,250.0
P,Offset,-2,-8.0,3,143,250.0
P,Onset,0,0.0,3,143,250.0
P,Offset,-2,-8.0,3,143,250.0
P,Onset,0,0.0,3,143,250.0
P,Offset,-3,-12.0,3,143,250.0
P,Onset,-1,-4.0,3,143,250.0
P,Offset,-3,-12.0,3,143,250.0
P,Onset,-1,-4.0,3,143,250.0
P,Offset,-3,-12.0,3,143,250.0
P,Onset,-1,-4.0,3,143,250.0
P,Offset,-3,-12.0,3,143,250.0
T,Onset,4,16.0,3,143,250.0
T,Offset,-4,-16.0,3,143,250.0
T,Onset,4,16.0,3,143,250.0
T,Offset,-3,-12.0,3,143,250.0
T,Onset,2,8.0,3,143,250.0
T,Offset,-3,-12.0,3,143,250.0
T,Onset,1,4.0,3,143,250.0
T,Offset,-3,-12.0,3,143,250.0
T,Onset,6,24.0,3,143,250.0
T,Offset,-3,-12.0,3,143,250.0
T,Onset,6,24.0,3,143,250.0
T,Offset,-3,-12.0,3,143,250.0
T,Onset,7,28.0,3,143,250.0
T,Offset,-3,-12.0,3,143,250.0
T,Onset,6,24.0,3,143,250.0
T,Offset,-2,-8.0,3,143,250.0
T,Onset,5,20.0,3,143,250.0
T,Offset,0,0.0,3,143,250.0
T,Onset,7,28.0,3,143,250.0
T,Offset,-2,-8.0,3,143,250.0
T,Onset,8,32.0,3,143,250.0
T,Offset,-1,-4.0,3,143,250.0
P,Onset,1,4.0,3,144,250.0
P,Offset,-2,-8.0,3,144,250.0
P,Onset,1,4.0,3,144,250.0
P,Offset,-2,-8.0,3,144,250.0
P,Onset,0,0.0,3,144,250.0
P,Offset,1,4.0,3,144,250.0
P,Onset,1,4.0,3,144,250.0
P,Offset,-3,-12.0,3,144,250.0
P,Onset,0,0.0,3,144,250.0
P,Offset,-3,-12.0,3,144,250.0
P,Onset,-2,-8.0,3,144,250.0
P,Offset,-2,-8.0,3,144,250.0
P,Onset,-3,-12.0,3,144,250.0
P,Offset,-2,-8.0,3,144,250.0
P,Onset,-2,-8.0,3,144,250.0
P,Offset,-3,-12.0,3,144,250.0
T,Onset,1,4.0,3,144,250.0
T,Offset,0,0.0,3,144,250.0
T,Onset,2,8.0,3,144,250.0
T,Offset,-4,-16.0,3,144,250.0
T,Onset,-5,-20.0,3,144,250.0
T,Offset,1,4.0,3,144,250.0
T,Onset,-1,-4.0,3,144,250.0
T,Offset,-3,-12.0,3,144,250.0
T,Onset,1,4.0,3,144,250.0
T,Offset,-5,-20.0,3,144,250.0
T,Onset,10,40.0,3,144,250.0
T,Offset,-2,-8.0,3,144,250.0
T,Onset,11,44.0,3,144,250.0
T,Offset,1,4.0,3,144,250.0
T,Onset,16,64.0,3,144,250.0
T,Offset,-3,-12.0,3,144,250.0
P,Onset,8,32.0,3,145,250.0
P,Offset,-15,-60.0,3,145,250.0
P,Onset,15,60.0,3,145,250.0
P,Offset,-5,-20.0,3,145,250.0
P,Onset,3,12.0,3,145,250.0
P,Offset,-14,-56.0,3,145,250.0
P,Onset,4,16.0,3,145,250.0
P,Offset,-15,-60.0,3,145,250.0
P,Onset,21,84.0,3,145,250.0
P,Offset,-3,-12.0,3,145,250.0
T,Onset,4,16.0,3,145,250.0
T,Offset,-1,-4.0,3,145,250.0
T,Onset,7,28.0,3,145,250.0
T,Offset,-2,-8.0,3,145,250.0
T,Onset,9,36.0,3,145,250.0
T,Offset,-3,-12.0,3,145,250.0
T,Onset,10,40.0,3,145,250.0
T,Offset,-3,-12.0,3,145,250.0
T,Onset,11,44.0,3,145,250.0
T,Offset,-3,-12.0,3,145,250.0
T,Onset,10,40.0,3,145,250.0
T,Offset,-2,-8.0,3,145,250.0
T,Onset,11,44.0,3,145,250.0
T,Offset,-2,-8.0,3,145,250.0
T,Onset,14,56.0,3,145,250.0
T,Offset,-2,-8.0,3,145,250.0
P,Onset,1,4.0,3,146,250.0
P,Offset,-1,-4.0,3,146,250.0
P,Onset,0,0.0,3,146,250.0
P,Offset,1,4.0,3,146,250.0
P,Onset,2,8.0,3,146,250.0
P,Offset,-5,-20.0,3,146,250.0
P,Onset,1,4.0,3,146,250.0
P,Offset,-4,-16.0,3,146,250.0
P,Onset,-1,-4.0,3,146,250.0
P,Offset,-3,-12.0,3,146,250.0
P,Onset,-2,-8.0,3,146,250.0
P,Offset,-4,-16.0,3,146,250.0
P,Onset,13,52.0,3,146,250.0
P,Offset,-6,-24.0,3,146,250.0
T,Onset,6,24.0,3,146,250.0
T,Offset,-6,-24.0,3,146,250.0
T,Onset,2,8.0,3,146,250.0
T,Offset,-3,-12.0,3,146,250.0
T,Onset,1,4.0,3,146,250.0
T,Offset,2,8.0,3,146,250.0
T,Onset,4,16.0,3,146,250.0
T,Offset,-1,-4.0,3,146,250.0
T,Onset,5,20.0,3,146,250.0
T,Offset,-1,-4.0,3,146,250.0
T,Onset,8,32.0,3,146,250.0
T,Offset,-3,-12.0,3,146,250.0
T,Onset,6,24.0,3,146,250.0
T,Offset,-1,-4.0,3,146,250.0
P,Onset,2,8.0,3,147,250.0
P,Offset,0,0.0,3,147,250.0
P,Onset,5,20.0,3,147,250.0
P,Offset,-3,-12.0,3,147,250.0
P,Onset,4,16.0,3,147,250.0
P,Offset,-1,-4.0,3,147,250.0
P,Onset,6,24.0,3,147,250.0
P,Offset,-3,-12.0,3,147,250.0
P,Onset,1,4.0,3,147,250.0
P,Offset,-4,-16.0,3,147,250.0
P,Onset,4,16.0,3,147,250.0
P,Offset,0,0.0,3,147,250.0
P,Onset,8,32.0,3,147,250.0
P,Offset,-2,-8.0,3,147,250.0
T,Onset,2,8.0,3,147,250.0
T,Offset,-2,-8.0,3,147,250.0
T,Onset,4,16.0,3,147,250.0
T,Offset,-3,-12.0,3,147,250.0
T,Onset,-2,-8.0,3,147,250.0
T,Offset,0,0.0,3,147,250.0
T,Onset,6,24.0,3,147,250.0
T,Offset,-3,-12.0,3,147,250.0
T,Onset,1,4.0,3,147,250.0
T,Offset,2,8.0,3,147,250.0
T,Onset,3,12.0,3,147,250.0
T,Offset,-6,-24.0,3,147,250.0
T,Onset,3,12.0,3,147,250.0
T,Offset,-7,-28.0,3,147,250.0
P,Onset,1,4.0,3,148,250.0
P,Offset,-1,-4.0,3,148,250.0
P,Onset,-1,-4.0,3,148,250.0
P,Offset,1,4.0,3,148,250.0
P,Onset,2,8.0,3,148,250.0
P,Offset,-1,-4.0,3,148,250.0
P,Onset,2,8.0,3,148,250.0
P,Offset,-1,-4.0,3,148,250.0
P,Onset,0,0.0,3,148,250.0
P,Offset,-1,-4.0,3,148,250.0
P,Onset,4,16.0,3,148,250.0
P,Offset,-2,-8.0,3,148,250.0
P,Onset,2,8.0,3,148,250.0
P,Offset,0,0.0,3,148,250.0
P,Onset,3,12.0,3,148,250.0
P,Offset,0,0.0,3,148,250.0
P,Onset,0,0.0,3,148,250.0
P,Offset,-3,-12.0,3,148,250.0
T,Onset,0,0.0,3,148,250.0
T,Offset,0,0.0,3,148,250.0
T,Onset,2,8.0,3,148,250.0
T,Offset,-2,-8.0,3,148,250.0
T,Onset,1,4.0,3,148,250.0
T,Offset,-1,-4.0,3,148,250.0
T,Onset,2,8.0,3,148,250.0
T,Offset,-2,-8.0,3,148,250.0
T,Onset,0,0.0,3,148,250.0
T,Offset,-1,-4.0,3,148,250.0
T,Onset,5,20.0,3,148,250.0
T,Offset,-2,-8.0,3,148,250.0
T,Onset,6,24.0,3,148,250.0
T,Offset,-3,-12.0,3,148,250.0
T,Onset,4,16.0,3,148,250.0
T,Offset,0,0.0,3,148,250.0
T,Onset,7,28.0,3,148,250.0
T,Offset,1,4.0,3,148,250.0
P,Onset,6,24.0,3,149,250.0
P,Offset,-13,-52.0,3,149,250.0
P,Onset,5,20.0,3,149,250.0
P,Offset,-14,-56.0,3,149,250.0
P,Onset,5,20.0,3,149,250.0
P,Offset,-14,-56.0,3,149,250.0
P,Onset,4,16.0,3,149,250.0
P,Offset,-13,-52.0,3,149,250.0
P,Onset,7,28.0,3,149,250.0
P,Offset,-17,-68.0,3,149,250.0
P,Onset,5,20.0,3,149,250.0
P,Offset,-15,-60.0,3,149,250.0
P,Onset,4,16.0,3,149,250.0
P,Offset,-15,-60.0,3,149,250.0
P,Onset,0,0.0,3,149,250.0
P,Offset,-12,-48.0,3,149,250.0
T,Onset,5,20.0,3,149,250.0
T,Offset,-2,-8.0,3,149,250.0
T,Onset,7,28.0,3,149,250.0
T,Offset,-1,-4.0,3,149,250.0
T,Onset,8,32.0,3,149,250.0
T,Offset,-1,-4.0,3,149,250.0
T,Onset,6,24.0,3,149,250.0
T,Offset,1,4.0,3,149,250.0
T,Onset,10,40.0,3,149,250.0
T,Offset,-2,-8.0,3,149,250.0
T,Onset,9,36.0,3,149,250.0
T,Offset,-1,-4.0,3,149,250.0
T,Onset,8,32.0,3,149,250.0
T,Offset,0,0.0,3,149,250.0
T,Onset,9,36.0,3,149,250.0
T,Offset,1,4.0,3,149,250.0
P,Onset,3,12.0,3,15,250.0
P,Offset,-3,-12.0,3,15,250.0
P,Onset,3,12.0,3,15,250.0
P,Offset,-3,-12.0,3,15,250.0
P,Onset,2,8.0,3,15,250.0
P,Offset,0,0.0,3,15,250.0
P,Onset,4,16.0,3,15,250.0
P,Offset,-2,-8.0,3,15,250.0
P,Onset,2,8.0,3,15,250.0
P,Offset,-4,-16.0,3,15,250.0
P,Onset,4,16.0,3,15,250.0
P,Offset,-1,-4.0,3,15,250.0
P,Onset,-3,-12.0,3,15,250.0
P,Offset,-2,-8.0,3,15,250.0
T,Onset,-2,-8.0,3,15,250.0
T,Offset,3,12.0,3,15,250.0
T,Onset,0,0.0,3,15,250.0
T,Offset,-2,-8.0,3,15,250.0
T,Onset,-2,-8.0,3,15,250.0
T,Offset,-1,-4.0,3,15,250.0
T,Onset,1,4.0,3,15,250.0
T,Offset,-7,-28.0,3,15,250.0
T,Onset,-6,-24.0,3,15,250.0
T,Offset,-5,-20.0,3,15,250.0
T,Onset,9,36.0,3,15,250.0
T,Offset,2,8.0,3,15,250.0
T,Onset,-18,-72.0,3,15,250.0
T,Offset,-16,-64.0,3,15,250.0
P,Onset,0,0.0,3,151,250.0
P,Offset,0,0.0,3,151,250.0
P,Onset,1,4.0,3,151,250.0
P,Offset,-1,-4.0,3,151,250.0
P,Onset,0,0.0,3,151,250.0
P,Offset,0,0.0,3,151,250.0
P,Onset,-1,-4.0,3,151,250.0
P,Offset,1,4.0,3,151,250.0
P,Onset,0,0.0,3,151,250.0
P,Offset,1,4.0,3,151,250.0
P,Onset,-2,-8.0,3,151,250.0
P,Offset,0,0.0,3,151,250.0
P,Onset,-1,-4.0,3,151,250.0
P,Offset,-1,-4.0,3,151,250.0
P,Onset,-3,-12.0,3,151,250.0
P,Offset,1,4.0,3,151,250.0
P,Onset,-1,-4.0,3,151,250.0
P,Offset,-2,-8.0,3,151,250.0
T,Onset,0,0.0,3,151,250.0
T,Offset,-1,-4.0,3,151,250.0
T,Onset,-1,-4.0,3,151,250.0
T,Offset,2,8.0,3,151,250.0
T,Onset,-1,-4.0,3,151,250.0
T,Offset,2,8.0,3,151,250.0
T,Onset,1,4.0,3,151,250.0
T,Offset,1,4.0,3,151,250.0
T,Onset,3,12.0,3,151,250.0
T,Offset,0,0.0,3,151,250.0
T,Onset,2,8.0,3,151,250.0
T,Offset,3,12.0,3,151,250.0
T,Onset,3,12.0,3,151,250.0
T,Offset,3,12.0,3,151,250.0
T,Onset,7,28.0,3,151,250.0
T,Offset,-1,-4.0,3,151,250.0
T,Onset,8,32.0,3,151,250.0
T,Offset,0,0.0,3,151,250.0
P,Onset,0,0.0,3,152,250.0
P,Offset,0,0.0,3,152,250.0
P,Onset,0,0.0,3,152,250.0
P,Offset,0,0.0,3,152,250.0
P,Onset,-1,-4.0,3,152,250.0
P,Offset,0,0.0,3,152,250.0
P,Onset,-1,-4.0,3,152,250.0
P,Offset,0,0.0,3,152,250.0
P,Onset,0,0.0,3,152,250.0
P,Offset,1,4.0,3,152,250.0
P,Onset,-1,-4.0,3,152,250.0
P,Offset,0,0.0,3,152,250.0
P,Onset,2,8.0,3,152,250.0
P,Offset,0,0.0,3,152,250.0
P,Onset,2,8.0,3,152,250.0
P,Offset,1,4.0,3,152,250.0
T,Onset,1,4.0,3,152,250.0
T,Offset,2,8.0,3,152,250.0
T,Onset,5,20.0,3,152,250.0
T,Offset,-1,-4.0,3,152,250.0
T,Onset,4,16.0,3,152,250.0
T,Offset,1,4.0,3,152,250.0
T,Onset,-4,-16.0,3,152,250.0
T,Offset,-2,-8.0,3,152,250.0
T,Onset,7,28.0,3,152,250.0
T,Offset,0,0.0,3,152,250.0
T,Onset,8,32.0,3,152,250.0
T,Offset,0,0.0,3,152,250.0
T,Onset,6,24.0,3,152,250.0
T,Offset,2,8.0,3,152,250.0
T,Onset,7,28.0,3,152,250.0
T,Offset,2,8.0,3,152,250.0
P,Onset,0,0.0,3,153,250.0
P,Offset,0,0.0,3,153,250.0
P,Onset,1,4.0,3,153,250.0
P,Offset,-1,-4.0,3,153,250.0
P,Onset,0,0.0,3,153,250.0
P,Offset,-1,-4.0,3,153,250.0
P,Onset,2,8.0,3,153,250.0
P,Offset,-1,-4.0,3,153,250.0
P,Onset,0,0.0,3,153,250.0
P,Offset,-1,-4.0,3,153,250.0
P,Onset,0,0.0,3,153,250.0
P,Offset,-1,-4.0,3,153,250.0
P,Onset,-2,-8.0,3,153,250.0
P,Offset,-1,-4.0,3,153,250.0
T,Onset,6,24.0,3,153,250.0
T,Offset,-3,-12.0,3,153,250.0
T,Onset,6,24.0,3,153,250.0
T,Offset,0,0.0,3,153,250.0
T,Onset,12,48.0,3,153,250.0
T,Offset,-3,-12.0,3,153,250.0
T,Onset,14,56.0,3,153,250.0
T,Offset,-2,-8.0,3,153,250.0
T,Onset,-7,-28.0,3,153,250.0
T,Offset,-6,-24.0,3,153,250.0
T,Onset,16,64.0,3,153,250.0
T,Offset,-2,-8.0,3,153,250.0
T,Onset,17,68.0,3,153,250.0
T,Offset,-1,-4.0,3,153,250.0
P,Onset,1,4.0,3,154,250.0
P,Offset,-1,-4.0,3,154,250.0
P,Onset,0,0.0,3,154,250.0
P,Offset,0,0.0,3,154,250.0
P,Onset,-1,-4.0,3,154,250.0
P,Offset,-1,-4.0,3,154,250.0
P,Onset,0,0.0,3,154,250.0
P,Offset,-2,-8.0,3,154,250.0
P,Onset,4,16.0,3,154,250.0
P,Offset,-1,-4.0,3,154,250.0
P,Onset,8,32.0,3,154,250.0
P,Offset,-4,-16.0,3,154,250.0
P,Onset,5,20.0,3,154,250.0
P,Offset,-1,-4.0,3,154,250.0
P,Onset,-2,-8.0,3,154,250.0
P,Offset,-4,-16.0,3,154,250.0
T,Onset,2,8.0,3,154,250.0
T,Offset,-2,-8.0,3,154,250.0
T,Onset,0,0.0,3,154,250.0
T,Offset,1,4.0,3,154,250.0
T,Onset,3,12.0,3,154,250.0
T,Offset,-2,-8.0,3,154,250.0
T,Onset,8,32.0,3,154,250.0
T,Offset,-6,-24.0,3,154,250.0
T,Onset,3,12.0,3,154,250.0
T,Offset,0,0.0,3,154,250.0
T,Onset,6,24.0,3,154,250.0
T,Offset,-1,-4.0,3,154,250.0
T,Onset,5,20.0,3,154,250.0
T,Offset,2,8.0,3,154,250.0
T,Onset,9,36.0,3,154,250.0
T,Offset,0,0.0,3,154,250.0
P,Onset,1,4.0,3,155,250.0
P,Offset,-2,-8.0,3,155,250.0
P,Onset,-2,-8.0,3,155,250.0
P,Offset,0,0.0,3,155,250.0
P,Onset,3,12.0,3,155,250.0
P,Offset,0,0.0,3,155,250.0
P,Onset,-3,-12.0,3,155,250.0
P,Offset,0,0.0,3,155,250.0
P,Onset,-1,-4.0,3,155,250.0
P,Offset,6,24.0,3,155,250.0
P,Onset,2,8.0,3,155,250.0
P,Offset,3,12.0,3,155,250.0
P,Onset,0,0.0,3,155,250.0
P,Offset,-10,-40.0,3,155,250.0
T,Onset,-2,-8.0,3,155,250.0
T,Offset,1,4.0,3,155,250.0
T,Onset,1,4.0,3,155,250.0
T,Offset,1,4.0,3,155,250.0
T,Onset,2,8.0,3,155,250.0
T,Offset,1,4.0,3,155,250.0
T,Onset,1,4.0,3,155,250.0
T,Offset,2,8.0,3,155,250.0
T,Onset,1,4.0,3,155,250.0
T,Offset,3,12.0,3,155,250.0
T,Onset,5,20.0,3,155,250.0
T,Offset,2,8.0,3,155,250.0
T,Onset,9,36.0,3,155,250.0
T,Offset,6,24.0,3,155,250.0
P,Onset,0,0.0,3,157,250.0
P,Offset,-1,-4.0,3,157,250.0
P,Onset,-1,-4.0,3,157,250.0
P,Offset,0,0.0,3,157,250.0
P,Onset,-1,-4.0,3,157,250.0
P,Offset,-1,-4.0,3,157,250.0
P,Onset,-1,-4.0,3,157,250.0
P,Offset,-3,-12.0,3,157,250.0
P,Onset,16,64.0,3,157,250.0
P,Offset,-9,-36.0,3,157,250.0
P,Onset,12,48.0,3,157,250.0
P,Offset,-2,-8.0,3,157,250.0
T,Onset,2,8.0,3,157,250.0
T,Offset,-2,-8.0,3,157,250.0
T,Onset,2,8.0,3,157,250.0
T,Offset,-3,-12.0,3,157,250.0
T,Onset,2,8.0,3,157,250.0
T,Offset,0,0.0,3,157,250.0
T,Onset,2,8.0,3,157,250.0
T,Offset,0,0.0,3,157,250.0
T,Onset,4,16.0,3,157,250.0
T,Offset,-1,-4.0,3,157,250.0
T,Onset,5,20.0,3,157,250.0
T,Offset,0,0.0,3,157,250.0
P,Onset,1,4.0,3,158,250.0
P,Offset,-1,-4.0,3,158,250.0
P,Onset,-2,-8.0,3,158,250.0
P,Offset,0,0.0,3,158,250.0
P,Onset,1,4.0,3,158,250.0
P,Offset,-3,-12.0,3,158,250.0
P,Onset,0,0.0,3,158,250.0
P,Offset,-2,-8.0,3,158,250.0
P,Onset,0,0.0,3,158,250.0
P,Offset,-8,-32.0,3,158,250.0
P,Onset,10,40.0,3,158,250.0
P,Offset,-1,-4.0,3,158,250.0
P,Onset,17,68.0,3,158,250.0
P,Offset,-2,-8.0,3,158,250.0
T,Onset,11,44.0,3,158,250.0
T,Offset,-16,-64.0,3,158,250.0
T,Onset,9,36.0,3,158,250.0
T,Offset,-2,-8.0,3,158,250.0
T,Onset,20,80.0,3,158,250.0
T,Offset,-13,-52.0,3,158,250.0
T,Onset,11,44.0,3,158,250.0
T,Offset,-3,-12.0,3,158,250.0
T,Onset,13,52.0,3,158,250.0
T,Offset,-21,-84.0,3,158,250.0
T,Onset,5,20.0,3,158,250.0
T,Offset,-15,-60.0,3,158,250.0
T,Onset,20,80.0,3,158,250.0
T,Offset,-5,-20.0,3,158,250.0
P,Onset,-1,-4.0,3,159,250.0
P,Offset,1,4.0,3,159,250.0
P,Onset,0,0.0,3,159,250.0
P,Offset,-1,-4.0,3,159,250.0
P,Onset,1,4.0,3,159,250.0
P,Offset,0,0.0,3,159,250.0
P,Onset,-2,-8.0,3,159,250.0
P,Offset,1,4.0,3,159,250.0
P,Onset,0,0.0,3,159,250.0
P,Offset,-1,-4.0,3,159,250.0
P,Onset,1,4.0,3,159,250.0
P,Offset,1,4.0,3,159,250.0
P,Onset,-2,-8.0,3,159,250.0
P,Offset,0,0.0,3,159,250.0
P,Onset,-3,-12.0,3,159,250.0
P,Offset,1,4.0,3,159,250.0
T,Onset,6,24.0,3,159,250.0
T,Offset,-2,-8.0,3,159,250.0
T,Onset,7,28.0,3,159,250.0
T,Offset,-2,-8.0,3,159,250.0
T,Onset,8,32.0,3,159,250.0
T,Offset,-2,-8.0,3,159,250.0
T,Onset,9,36.0,3,159,250.0
T,Offset,-2,-8.0,3,159,250.0
T,Onset,10,40.0,3,159,250.0
T,Offset,-2,-8.0,3,159,250.0
T,Onset,12,48.0,3,159,250.0
T,Offset,-3,-12.0,3,159,250.0
T,Onset,13,52.0,3,159,250.0
T,Offset,-2,-8.0,3,159,250.0
T,Onset,13,52.0,3,159,250.0
T,Offset,-2,-8.0,3,159,250.0
P,Onset,3,12.0,3,16,250.0
P,Offset,-2,-8.0,3,16,250.0
P,Onset,2,8.0,3,16,250.0
P,Offset,-3,-12.0,3,16,250.0
P,Onset,3,12.0,3,16,250.0
P,Offset,-5,-20.0,3,16,250.0
P,Onset,7,28.0,3,16,250.0
P,Offset,-3,-12.0,3,16,250.0
P,Onset,6,24.0,3,16,250.0
P,Offset,-2,-8.0,3,16,250.0
P,Onset,6,24.0,3,16,250.0
P,Offset,-1,-4.0,3,16,250.0
P,Onset,8,32.0,3,16,250.0
P,Offset,-2,-8.0,3,16,250.0
P,Onset,9,36.0,3,16,250.0
P,Offset,-3,-12.0,3,16,250.0
P,Onset,9,36.0,3,16,250.0
P,Offset,-1,-4.0,3,16,250.0
T,Onset,2,8.0,3,16,250.0
T,Offset,-3,-12.0,3,16,250.0
T,Onset,2,8.0,3,16,250.0
T,Offset,-3,-12.0,3,16,250.0
T,Onset,2,8.0,3,16,250.0
T,Offset,-3,-12.0,3,16,250.0
T,Onset,4,16.0,3,16,250.0
T,Offset,-2,-8.0,3,16,250.0
T,Onset,1,4.0,3,16,250.0
T,Offset,-3,-12.0,3,16,250.0
T,Onset,5,20.0,3,16,250.0
T,Offset,-2,-8.0,3,16,250.0
T,Onset,5,20.0,3,16,250.0
T,Offset,-2,-8.0,3,16,250.0
T,Onset,5,20.0,3,16,250.0
T,Offset,-2,-8.0,3,16,250.0
T,Onset,4,16.0,3,16,250.0
T,Offset,0,0.0,3,16,250.0
P,Onset,3,12.0,3,161,250.0
P,Offset,-2,-8.0,3,161,250.0
P,Onset,1,4.0,3,161,250.0
P,Offset,-2,-8.0,3,161,250.0
P,Onset,1,4.0,3,161,250.0
P,Offset,-2,-8.0,3,161,250.0
P,Onset,-1,-4.0,3,161,250.0
P,Offset,-1,-4.0,3,161,250.0
P,Onset,2,8.0,3,161,250.0
P,Offset,0,0.0,3,161,250.0
P,Onset,-2,-8.0,3,161,250.0
P,Offset,-2,-8.0,3,161,250.0
P,Onset,9,36.0,3,161,250.0
P,Offset,-2,-8.0,3,161,250.0
T,Onset,8,32.0,3,161,250.0
T,Offset,-4,-16.0,3,161,250.0
T,Onset,4,16.0,3,161,250.0
T,Offset,0,0.0,3,161,250.0
T,Onset,9,36.0,3,161,250.0
T,Offset,-4,-16.0,3,161,250.0
T,Onset,6,24.0,3,161,250.0
T,Offset,0,0.0,3,161,250.0
T,Onset,7,28.0,3,161,250.0
T,Offset,-1,-4.0,3,161,250.0
T,Onset,8,32.0,3,161,250.0
T,Offset,-1,-4.0,3,161,250.0
T,Onset,8,32.0,3,161,250.0
T,Offset,1,4.0,3,161,250.0
P,Onset,-1,-4.0,3,162,250.0
P,Offset,1,4.0,3,162,250.0
P,Onset,0,0.0,3,162,250.0
P,Offset,0,0.0,3,162,250.0
P,Onset,0,0.0,3,162,250.0
P,Offset,0,0.0,3,162,250.0
P,Onset,-1,-4.0,3,162,250.0
P,Offset,1,4.0,3,162,250.0
P,Onset,0,0.0,3,162,250.0
P,Offset,-1,-4.0,3,162,250.0
P,Onset,0,0.0,3,162,250.0
P,Offset,1,4.0,3,162,250.0
P,Onset,0,0.0,3,162,250.0
P,Offset,-1,-4.0,3,162,250.0
P,Onset,-2,-8.0,3,162,250.0
P,Offset,0,0.0,3,162,250.0
P,Onset,-1,-4.0,3,162,250.0
P,Offset,-1,-4.0,3,162,250.0
T,Onset,3,12.0,3,162,250.0
T,Offset,-2,-8.0,3,162,250.0
T,Onset,6,24.0,3,162,250.0
T,Offset,-4,-16.0,3,162,250.0
T,Onset,2,8.0,3,162,250.0
T,Offset,1,4.0,3,162,250.0
T,Onset,5,20.0,3,162,250.0
T,Offset,-2,-8.0,3,162,250.0
T,Onset,5,20.0,3,162,250.0
T,Offset,-1,-4.0,3,162,250.0
T,Onset,6,24.0,3,162,250.0
T,Offset,-2,-8.0,3,162,250.0
T,Onset,5,20.0,3,162,250.0
T,Offset,0,0.0,3,162,250.0
T,Onset,6,24.0,3,162,250.0
T,Offset,-1,-4.0,3,162,250.0
T,Onset,8,32.0,3,162,250.0
T,Offset,-1,-4.0,3,162,250.0
P,Onset,1,4.0,3,163,250.0
P,Offset,-1,-4.0,3,163,250.0
P,Onset,0,0.0,3,163,250.0
P,Offset,0,0.0,3,163,250.0
P,Onset,-2,-8.0,3,163,250.0
P,Offset,1,4.0,3,163,250.0
P,Onset,-1,-4.0,3,163,250.0
P,Offset,0,0.0,3,163,250.0
P,Onset,1,4.0,3,163,250.0
P,Offset,0,0.0,3,163,250.0
P,Onset,-2,-8.0,3,163,250.0
P,Offset,1,4.0,3,163,250.0
P,Onset,-1,-4.0,3,163,250.0
P,Offset,-1,-4.0,3,163,250.0
P,Onset,0,0.0,3,163,250.0
P,Offset,-3,-12.0,3,163,250.0
P,Onset,-1,-4.0,3,163,250.0
P,Offset,-3,-12.0,3,163,250.0
T,Onset,20,80.0,3,163,250.0
T,Offset,-17,-68.0,3,163,250.0
T,Onset,21,84.0,3,163,250.0
T,Offset,-17,-68.0,3,163,250.0
T,Onset,26,104.0,3,163,250.0
T,Offset,-12,-48.0,3,163,250.0
T,Onset,0,0.0,3,163,250.0
T,Offset,-16,-64.0,3,163,250.0
T,Onset,1,4.0,3,163,250.0
T,Offset,-22,-88.0,3,163,250.0
T,Onset,-4,-16.0,3,163,250.0
T,Offset,-20,-80.0,3,163,250.0
T,Onset,28,112.0,3,163,250.0
T,Offset,-4,-16.0,3,163,250.0
T,Onset,26,104.0,3,163,250.0
T,Offset,-1,-4.0,3,163,250.0
T,Onset,-1,-4.0,3,163,250.0
T,Offset,-24,-96.0,3,163,250.0
P,Onset,0,0.0,3,164,250.0
P,Offset,-1,-4.0,3,164,250.0
P,Onset,-1,-4.0,3,164,250.0
P,Offset,2,8.0,3,164,250.0
P,Onset,3,12.0,3,164,250.0
P,Offset,-4,-16.0,3,164,250.0
P,Onset,1,4.0,3,164,250.0
P,Offset,-2,-8.0,3,164,250.0
P,Onset,-2,-8.0,3,164,250.0
P,Offset,0,0.0,3,164,250.0
P,Onset,0,0.0,3,164,250.0
P,Offset,-4,-16.0,3,164,250.0
P,Onset,6,24.0,3,164,250.0
P,Offset,-2,-8.0,3,164,250.0
P,Onset,-1,-4.0,3,164,250.0
P,Offset,-4,-16.0,3,164,250.0
T,Onset,-1,-4.0,3,164,250.0
T,Offset,2,8.0,3,164,250.0
T,Onset,-3,-12.0,3,164,250.0
T,Offset,2,8.0,3,164,250.0
T,Onset,0,0.0,3,164,250.0
T,Offset,1,4.0,3,164,250.0
T,Onset,1,4.0,3,164,250.0
T,Offset,1,4.0,3,164,250.0
T,Onset,-2,-8.0,3,164,250.0
T,Offset,0,0.0,3,164,250.0
T,Onset,-2,-8.0,3,164,250.0
T,Offset,5,20.0,3,164,250.0
T,Onset,-1,-4.0,3,164,250.0
T,Offset,4,16.0,3,164,250.0
T,Onset,-6,-24.0,3,164,250.0
T,Offset,0,0.0,3,164,250.0
P,Onset,8,32.0,3,165,250.0
P,Offset,-8,-32.0,3,165,250.0
P,Onset,0,0.0,3,165,250.0
P,Offset,-1,-4.0,3,165,250.0
P,Onset,1,4.0,3,165,250.0
P,Offset,0,0.0,3,165,250.0
P,Onset,0,0.0,3,165,250.0
P,Offset,-2,-8.0,3,165,250.0
P,Onset,6,24.0,3,165,250.0
P,Offset,0,0.0,3,165,250.0
P,Onset,6,24.0,3,165,250.0
P,Offset,0,0.0,3,165,250.0
P,Onset,8,32.0,3,165,250.0
P,Offset,-2,-8.0,3,165,250.0
P,Onset,6,24.0,3,165,250.0
P,Offset,1,4.0,3,165,250.0
T,Onset,0,0.0,3,165,250.0
T,Offset,0,0.0,3,165,250.0
T,Onset,-1,-4.0,3,165,250.0
T,Offset,0,0.0,3,165,250.0
T,Onset,1,4.0,3,165,250.0
T,Offset,-2,-8.0,3,165,250.0
T,Onset,-1,-4.0,3,165,250.0
T,Offset,-1,-4.0,3,165,250.0
T,Onset,-2,-8.0,3,165,250.0
T,Offset,-1,-4.0,3,165,250.0
T,Onset,-1,-4.0,3,165,250.0
T,Offset,-4,-16.0,3,165,250.0
T,Onset,-2,-8.0,3,165,250.0
T,Offset,-3,-12.0,3,165,250.0
T,Onset,-1,-4.0,3,165,250.0
T,Offset,-9,-36.0,3,165,250.0
P,Onset,0,0.0,3,166,250.0
P,Offset,-2,-8.0,3,166,250.0
P,Onset,-1,-4.0,3,166,250.0
P,Offset,-1,-4.0,3,166,250.0
P,Onset,-1,-4.0,3,166,250.0
P,Offset,-1,-4.0,3,166,250.0
P,Onset,-2,-8.0,3,166,250.0
P,Offset,-2,-8.0,3,166,250.0
P,Onset,-2,-8.0,3,166,250.0
P,Offset,-3,-12.0,3,166,250.0
P,Onset,-2,-8.0,3,166,250.0
P,Offset,-3,-12.0,3,166,250.0
P,Onset,-2,-8.0,3,166,250.0
P,Offset,-4,-16.0,3,166,250.0
T,Onset,-1,-4.0,3,166,250.0
T,Offset,1,4.0,3,166,250.0
T,Onset,3,12.0,3,166,250.0
T,Offset,0,0.0,3,166,250.0
T,Onset,5,20.0,3,166,250.0
T,Offset,-1,-4.0,3,166,250.0
T,Onset,5,20.0,3,166,250.0
T,Offset,-1,-4.0,3,166,250.0
T,Onset,5,20.0,3,166,250.0
T,Offset,-1,-4.0,3,166,250.0
T,Onset,3,12.0,3,166,250.0
T,Offset,2,8.0,3,166,250.0
T,Onset,5,20.0,3,166,250.0
T,Offset,0,0.0,3,166,250.0
P,Onset,1,4.0,3,167,250.0
P,Offset,-1,-4.0,3,167,250.0
P,Onset,1,4.0,3,167,250.0
P,Offset,-1,-4.0,3,167,250.0
P,Onset,1,4.0,3,167,250.0
P,Offset,0,0.0,3,167,250.0
P,Onset,1,4.0,3,167,250.0
P,Offset,-2,-8.0,3,167,250.0
P,Onset,0,0.0,3,167,250.0
P,Offset,-2,-8.0,3,167,250.0
P,Onset,0,0.0,3,167,250.0
P,Offset,-2,-8.0,3,167,250.0
P,Onset,1,4.0,3,167,250.0
P,Offset,1,4.0,3,167,250.0
P,Onset,2,8.0,3,167,250.0
P,Offset,1,4.0,3,167,250.0
T,Onset,10,40.0,3,167,250.0
T,Offset,-11,-44.0,3,167,250.0
T,Onset,4,16.0,3,167,250.0
T,Offset,-1,-4.0,3,167,250.0
T,Onset,8,32.0,3,167,250.0
T,Offset,-3,-12.0,3,167,250.0
T,Onset,8,32.0,3,167,250.0
T,Offset,-2,-8.0,3,167,250.0
T,Onset,10,40.0,3,167,250.0
T,Offset,-3,-12.0,3,167,250.0
T,Onset,9,36.0,3,167,250.0
T,Offset,-2,-8.0,3,167,250.0
T,Onset,11,44.0,3,167,250.0
T,Offset,-2,-8.0,3,167,250.0
T,Onset,12,48.0,3,167,250.0
T,Offset,-3,-12.0,3,167,250.0
P,Onset,3,12.0,3,168,250.0
P,Offset,-3,-12.0,3,168,250.0
P,Onset,-1,-4.0,3,168,250.0
P,Offset,0,0.0,3,168,250.0
P,Onset,3,12.0,3,168,250.0
P,Offset,-2,-8.0,3,168,250.0
P,Onset,0,0.0,3,168,250.0
P,Offset,3,12.0,3,168,250.0
P,Onset,2,8.0,3,168,250.0
P,Offset,-6,-24.0,3,168,250.0
P,Onset,-3,-12.0,3,168,250.0
P,Offset,-2,-8.0,3,168,250.0
P,Onset,5,20.0,3,168,250.0
P,Offset,0,0.0,3,168,250.0
T,Onset,-1,-4.0,3,168,250.0
T,Offset,1,4.0,3,168,250.0
T,Onset,7,28.0,3,168,250.0
T,Offset,-6,-24.0,3,168,250.0
T,Onset,-4,-16.0,3,168,250.0
T,Offset,5,20.0,3,168,250.0
T,Onset,3,12.0,3,168,250.0
T,Offset,0,0.0,3,168,250.0
T,Onset,11,44.0,3,168,250.0
T,Offset,-5,-20.0,3,168,250.0
T,Onset,12,48.0,3,168,250.0
T,Offset,-2,-8.0,3,168,250.0
T,Onset,9,36.0,3,168,250.0
T,Offset,1,4.0,3,168,250.0
P,Onset,-1,-4.0,3,169,250.0
P,Offset,1,4.0,3,169,250.0
P,Onset,1,4.0,3,169,250.0
P,Offset,-1,-4.0,3,169,250.0
P,Onset,1,4.0,3,169,250.0
P,Offset,-3,-12.0,3,169,250.0
P,Onset,1,4.0,3,169,250.0
P,Offset,1,4.0,3,169,250.0
P,Onset,-2,-8.0,3,169,250.0
P,Offset,-1,-4.0,3,169,250.0
P,Onset,-3,-12.0,3,169,250.0
P,Offset,0,0.0,3,169,250.0
T,Onset,4,16.0,3,169,250.0
T,Offset,-4,-16.0,3,169,250.0
T,Onset,3,12.0,3,169,250.0
T,Offset,-3,-12.0,3,169,250.0
T,Onset,1,4.0,3,169,250.0
T,Offset,0,0.0,3,169,250.0
T,Onset,5,20.0,3,169,250.0
T,Offset,-2,-8.0,3,169,250.0
T,Onset,1,4.0,3,169,250.0
T,Offset,3,12.0,3,169,250.0
T,Onset,5,20.0,3,169,250.0
T,Offset,-1,-4.0,3,169,250.0
P,Onset,20,80.0,3,17,250.0
P,Offset,-17,-68.0,3,17,250.0
P,Onset,3,12.0,3,17,250.0
P,Offset,-12,-48.0,3,17,250.0
P,Onset,9,36.0,3,17,250.0
P,Offset,-19,-76.0,3,17,250.0
P,Onset,7,28.0,3,17,250.0
P,Offset,-20,-80.0,3,17,250.0
P,Onset,11,44.0,3,17,250.0
P,Offset,-24,-96.0,3,17,250.0
P,Onset,5,20.0,3,17,250.0
P,Offset,-19,-76.0,3,17,250.0
P,Onset,16,64.0,3,17,250.0
P,Offset,1,4.0,3,17,250.0
P,Onset,18,72.0,3,17,250.0
P,Offset,2,8.0,3,17,250.0
P,Onset,27,108.0,3,17,250.0
P,Offset,10,40.0,3,17,250.0
T,Onset,-3,-12.0,3,17,250.0
T,Offset,0,0.0,3,17,250.0
T,Onset,-3,-12.0,3,17,250.0
T,Offset,0,0.0,3,17,250.0
T,Onset,0,0.0,3,17,250.0
T,Offset,-4,-16.0,3,17,250.0
T,Onset,11,44.0,3,17,250.0
T,Offset,-1,-4.0,3,17,250.0
T,Onset,9,36.0,3,17,250.0
T,Offset,-22,-88.0,3,17,250.0
T,Onset,11,44.0,3,17,250.0
T,Offset,-26,-104.0,3,17,250.0
T,Onset,7,28.0,3,17,250.0
T,Offset,-24,-96.0,3,17,250.0
T,Onset,23,92.0,3,17,250.0
T,Offset,-2,-8.0,3,17,250.0
T,Onset,24,96.0,3,17,250.0
T,Offset,-1,-4.0,3,17,250.0
P,Onset,1,4.0,3,170,250.0
P,Offset,-3,-12.0,3,170,250.0
P,Onset,0,0.0,3,170,250.0
P,Offset,-2,-8.0,3,170,250.0
P,Onset,0,0.0,3,170,250.0
P,Offset,-3,-12.0,3,170,250.0
P,Onset,0,0.0,3,170,250.0
P,Offset,-4,-16.0,3,170,250.0
P,Onset,-2,-8.0,3,170,250.0
P,Offset,-3,-12.0,3,170,250.0
P,Onset,-1,-4.0,3,170,250.0
P,Offset,-5,-20.0,3,170,250.0
T,Onset,0,0.0,3,170,250.0
T,Offset,-1,-4.0,3,170,250.0
T,Onset,3,12.0,3,170,250.0
T,Offset,-2,-8.0,3,170,250.0
T,Onset,2,8.0,3,170,250.0
T,Offset,-1,-4.0,3,170,250.0
T,Onset,3,12.0,3,170,250.0
T,Offset,0,0.0,3,170,250.0
T,Onset,0,0.0,3,170,250.0
T,Offset,3,12.0,3,170,250.0
T,Onset,7,28.0,3,170,250.0
T,Offset,0,0.0,3,170,250.0
P,Onset,10,40.0,3,171,250.0
P,Offset,-18,-72.0,3,171,250.0
T,Onset,5,20.0,3,171,250.0
T,Offset,-2,-8.0,3,171,250.0
T,Onset,8,32.0,3,171,250.0
T,Offset,-5,-20.0,3,171,250.0
T,Onset,7,28.0,3,171,250.0
T,Offset,-3,-12.0,3,171,250.0
T,Onset,8,32.0,3,171,250.0
T,Offset,-2,-8.0,3,171,250.0
T,Onset,11,44.0,3,171,250.0
T,Offset,-4,-16.0,3,171,250.0
T,Onset,9,36.0,3,171,250.0
T,Offset,-2,-8.0,3,171,250.0
T,Onset,8,32.0,3,171,250.0
T,Offset,-1,-4.0,3,171,250.0
T,Onset,9,36.0,3,171,250.0
T,Offset,-1,-4.0,3,171,250.0
T,Onset,9,36.0,3,171,250.0
T,Offset,0,0.0,3,171,250.0
P,Onset,1,4.0,3,172,250.0
P,Offset,-1,-4.0,3,172,250.0
P,Onset,2,8.0,3,172,250.0
P,Offset,-3,-12.0,3,172,250.0
P,Onset,3,12.0,3,172,250.0
P,Offset,-2,-8.0,3,172,250.0
P,Onset,3,12.0,3,172,250.0
P,Offset,-1,-4.0,3,172,250.0
P,Onset,-1,-4.0,3,172,250.0
P,Offset,-1,-4.0,3,172,250.0
P,Onset,1,4.0,3,172,250.0
P,Offset,2,8.0,3,172,250.0
T,Onset,0,0.0,3,172,250.0
T,Offset,0,0.0,3,172,250.0
T,Onset,0,0.0,3,172,250.0
T,Offset,2,8.0,3,172,250.0
T,Onset,1,4.0,3,172,250.0
T,Offset,1,4.0,3,172,250.0
T,Onset,3,12.0,3,172,250.0
T,Offset,0,0.0,3,172,250.0
T,Onset,2,8.0,3,172,250.0
T,Offset,1,4.0,3,172,250.0
T,Onset,5,20.0,3,172,250.0
T,Offset,1,4.0,3,172,250.0
T,Onset,0,0.0,3,173,250.0
T,Offset,-2,-8.0,3,173,250.0
T,Onset,13,52.0,3,173,250.0
T,Offset,-11,-44.0,3,173,250.0
T,Onset,7,28.0,3,173,250.0
T,Offset,-11,-44.0,3,173,250.0
T,Onset,1,4.0,3,173,250.0
T,Offset,3,12.0,3,173,250.0
T,Onset,-2,-8.0,3,173,250.0
T,Offset,-3,-12.0,3,173,250.0
T,Onset,0,0.0,3,173,250.0
T,Offset,-9,-36.0,3,173,250.0
T,Onset,8,32.0,3,173,250.0
T,Offset,1,4.0,3,173,250.0
T,Onset,6,24.0,3,173,250.0
T,Offset,4,16.0,3,173,250.0
T,Onset,24,96.0,3,173,250.0
T,Offset,-13,-52.0,3,173,250.0
T,Onset,-2,-8.0,3,173,250.0
T,Offset,-10,-40.0,3,173,250.0
P,Onset,0,0.0,3,174,250.0
P,Offset,0,0.0,3,174,250.0
P,Onset,1,4.0,3,174,250.0
P,Offset,-2,-8.0,3,174,250.0
P,Onset,1,4.0,3,174,250.0
P,Offset,0,0.0,3,174,250.0
P,Onset,0,0.0,3,174,250.0
P,Offset,-2,-8.0,3,174,250.0
P,Onset,-1,-4.0,3,174,250.0
P,Offset,-2,-8.0,3,174,250.0
P,Onset,-1,-4.0,3,174,250.0
P,Offset,-2,-8.0,3,174,250.0
P,Onset,3,12.0,3,174,250.0
P,Offset,1,4.0,3,174,250.0
T,Onset,11,44.0,3,174,250.0
T,Offset,-8,-32.0,3,174,250.0
T,Onset,6,24.0,3,174,250.0
T,Offset,-2,-8.0,3,174,250.0
T,Onset,14,56.0,3,174,250.0
T,Offset,-9,-36.0,3,174,250.0
T,Onset,6,24.0,3,174,250.0
T,Offset,0,0.0,3,174,250.0
T,Onset,12,48.0,3,174,250.0
T,Offset,-5,-20.0,3,174,250.0
T,Onset,17,68.0,3,174,250.0
T,Offset,-8,-32.0,3,174,250.0
T,Onset,12,48.0,3,174,250.0
T,Offset,-3,-12.0,3,174,250.0
P,Onset,1,4.0,3,175,250.0
P,Offset,-2,-8.0,3,175,250.0
P,Onset,1,4.0,3,175,250.0
P,Offset,-2,-8.0,3,175,250.0
P,Onset,1,4.0,3,175,250.0
P,Offset,-2,-8.0,3,175,250.0
P,Onset,1,4.0,3,175,250.0
P,Offset,-3,-12.0,3,175,250.0
P,Onset,0,0.0,3,175,250.0
P,Offset,-2,-8.0,3,175,250.0
P,Onset,-2,-8.0,3,175,250.0
P,Offset,-2,-8.0,3,175,250.0
P,Onset,1,4.0,3,175,250.0
P,Offset,-5,-20.0,3,175,250.0
P,Onset,1,4.0,3,175,250.0
P,Offset,-5,-20.0,3,175,250.0
P,Onset,0,0.0,3,175,250.0
P,Offset,-6,-24.0,3,175,250.0
T,Onset,5,20.0,3,175,250.0
T,Offset,-2,-8.0,3,175,250.0
T,Onset,4,16.0,3,175,250.0
T,Offset,-1,-4.0,3,175,250.0
T,Onset,7,28.0,3,175,250.0
T,Offset,-3,-12.0,3,175,250.0
T,Onset,8,32.0,3,175,250.0
T,Offset,-3,-12.0,3,175,250.0
T,Onset,7,28.0,3,175,250.0
T,Offset,-1,-4.0,3,175,250.0
T,Onset,11,44.0,3,175,250.0
T,Offset,-3,-12.0,3,175,250.0
T,Onset,13,52.0,3,175,250.0
T,Offset,-4,-16.0,3,175,250.0
T,Onset,11,44.0,3,175,250.0
T,Offset,-2,-8.0,3,175,250.0
T,Onset,11,44.0,3,175,250.0
T,Offset,-1,-4.0,3,175,250.0
P,Onset,1,4.0,3,176,250.0
P,Offset,-1,-4.0,3,176,250.0
P,Onset,1,4.0,3,176,250.0
P,Offset,-1,-4.0,3,176,250.0
P,Onset,-1,-4.0,3,176,250.0
P,Offset,0,0.0,3,176,250.0
P,Onset,-1,-4.0,3,176,250.0
P,Offset,-2,-8.0,3,176,250.0
P,Onset,1,4.0,3,176,250.0
P,Offset,-5,-20.0,3,176,250.0
P,Onset,1,4.0,3,176,250.0
P,Offset,-7,-28.0,3,176,250.0
P,Onset,1,4.0,3,176,250.0
P,Offset,-9,-36.0,3,176,250.0
T,Onset,-3,-12.0,3,176,250.0
T,Offset,3,12.0,3,176,250.0
T,Onset,1,4.0,3,176,250.0
T,Offset,-1,-4.0,3,176,250.0
T,Onset,2,8.0,3,176,250.0
T,Offset,-1,-4.0,3,176,250.0
T,Onset,-2,-8.0,3,176,250.0
T,Offset,3,12.0,3,176,250.0
T,Onset,-3,-12.0,3,176,250.0
T,Offset,5,20.0,3,176,250.0
T,Onset,-2,-8.0,3,176,250.0
T,Offset,5,20.0,3,176,250.0
T,Onset,0,0.0,3,176,250.0
T,Offset,4,16.0,3,176,250.0
P,Onset,2,8.0,3,177,250.0
P,Offset,-2,-8.0,3,177,250.0
P,Onset,5,20.0,3,177,250.0
P,Offset,-5,-20.0,3,177,250.0
P,Onset,0,0.0,3,177,250.0
P,Offset,-1,-4.0,3,177,250.0
P,Onset,3,12.0,3,177,250.0
P,Offset,-4,-16.0,3,177,250.0
P,Onset,1,4.0,3,177,250.0
P,Offset,-2,-8.0,3,177,250.0
P,Onset,1,4.0,3,177,250.0
P,Offset,-3,-12.0,3,177,250.0
P,Onset,1,4.0,3,177,250.0
P,Offset,1,4.0,3,177,250.0
P,Onset,-1,-4.0,3,177,250.0
P,Offset,-3,-12.0,3,177,250.0
P,Onset,1,4.0,3,177,250.0
P,Offset,-6,-24.0,3,177,250.0
P,Onset,0,0.0,3,177,250.0
P,Offset,-5,-20.0,3,177,250.0
P,Onset,2,8.0,3,177,250.0
P,Offset,-10,-40.0,3,177,250.0
T,Onset,4,16.0,3,177,250.0
T,Offset,-3,-12.0,3,177,250.0
T,Onset,12,48.0,3,177,250.0
T,Offset,-11,-44.0,3,177,250.0
T,Onset,4,16.0,3,177,250.0
T,Offset,-2,-8.0,3,177,250.0
T,Onset,5,20.0,3,177,250.0
T,Offset,-3,-12.0,3,177,250.0
T,Onset,5,20.0,3,177,250.0
T,Offset,-3,-12.0,3,177,250.0
T,Onset,5,20.0,3,177,250.0
T,Offset,-2,-8.0,3,177,250.0
T,Onset,7,28.0,3,177,250.0
T,Offset,-2,-8.0,3,177,250.0
T,Onset,9,36.0,3,177,250.0
T,Offset,-3,-12.0,3,177,250.0
T,Onset,10,40.0,3,177,250.0
T,Offset,-3,-12.0,3,177,250.0
T,Onset,9,36.0,3,177,250.0
T,Offset,-2,-8.0,3,177,250.0
T,Onset,12,48.0,3,177,250.0
T,Offset,-2,-8.0,3,177,250.0
P,Onset,1,4.0,3,178,250.0
P,Offset,0,0.0,3,178,250.0
P,Onset,2,8.0,3,178,250.0
P,Offset,-3,-12.0,3,178,250.0
P,Onset,1,4.0,3,178,250.0
P,Offset,0,0.0,3,178,250.0
P,Onset,4,16.0,3,178,250.0
P,Offset,-3,-12.0,3,178,250.0
P,Onset,2,8.0,3,178,250.0
P,Offset,-3,-12.0,3,178,250.0
P,Onset,4,16.0,3,178,250.0
P,Offset,-2,-8.0,3,178,250.0
P,Onset,-1,-4.0,3,178,250.0
P,Offset,-1,-4.0,3,178,250.0
P,Onset,2,8.0,3,178,250.0
P,Offset,-4,-16.0,3,178,250.0
P,Onset,1,4.0,3,178,250.0
P,Offset,-4,-16.0,3,178,250.0
P,Onset,6,24.0,3,178,250.0
P,Offset,-2,-8.0,3,178,250.0
P,Onset,-2,-8.0,3,178,250.0
P,Offset,-3,-12.0,3,178,250.0
T,Onset,2,8.0,3,178,250.0
T,Offset,-2,-8.0,3,178,250.0
T,Onset,2,8.0,3,178,250.0
T,Offset,-1,-4.0,3,178,250.0
T,Onset,3,12.0,3,178,250.0
T,Offset,-4,-16.0,3,178,250.0
T,Onset,3,12.0,3,178,250.0
T,Offset,0,0.0,3,178,250.0
T,Onset,4,16.0,3,178,250.0
T,Offset,0,0.0,3,178,250.0
T,Onset,4,16.0,3,178,250.0
T,Offset,0,0.0,3,178,250.0
T,Onset,7,28.0,3,178,250.0
T,Offset,-3,-12.0,3,178,250.0
T,Onset,4,16.0,3,178,250.0
T,Offset,0,0.0,3,178,250.0
T,Onset,6,24.0,3,178,250.0
T,Offset,-1,-4.0,3,178,250.0
T,Onset,6,24.0,3,178,250.0
T,Offset,-1,-4.0,3,178,250.0
T,Onset,4,16.0,3,178,250.0
T,Offset,4,16.0,3,178,250.0
P,Onset,1,4.0,3,179,250.0
P,Offset,-1,-4.0,3,179,250.0
P,Onset,1,4.0,3,179,250.0
P,Offset,-1,-4.0,3,179,250.0
P,Onset,0,0.0,3,179,250.0
P,Offset,-1,-4.0,3,179,250.0
P,Onset,1,4.0,3,179,250.0
P,Offset,0,0.0,3,179,250.0
P,Onset,1,4.0,3,179,250.0
P,Offset,-2,-8.0,3,179,250.0
P,Onset,1,4.0,3,179,250.0
P,Offset,-2,-8.0,3,179,250.0
P,Onset,0,0.0,3,179,250.0
P,Offset,-4,-16.0,3,179,250.0
T,Onset,6,24.0,3,179,250.0
T,Offset,-4,-16.0,3,179,250.0
T,Onset,3,12.0,3,179,250.0
T,Offset,-5,-20.0,3,179,250.0
T,Onset,13,52.0,3,179,250.0
T,Offset,-9,-36.0,3,179,250.0
T,Onset,11,44.0,3,179,250.0
T,Offset,-7,-28.0,3,179,250.0
T,Onset,4,16.0,3,179,250.0
T,Offset,-8,-32.0,3,179,250.0
T,Onset,6,24.0,3,179,250.0
T,Offset,-12,-48.0,3,179,250.0
T,Onset,7,28.0,3,179,250.0
T,Offset,-21,-84.0,3,179,250.0
P,Onset,0,0.0,3,18,250.0
P,Offset,1,4.0,3,18,250.0
P,Onset,2,8.0,3,18,250.0
P,Offset,-1,-4.0,3,18,250.0
P,Onset,0,0.0,3,18,250.0
P,Offset,-1,-4.0,3,18,250.0
P,Onset,2,8.0,3,18,250.0
P,Offset,-1,-4.0,3,18,250.0
P,Onset,2,8.0,3,18,250.0
P,Offset,0,0.0,3,18,250.0
P,Onset,2,8.0,3,18,250.0
P,Offset,0,0.0,3,18,250.0
P,Onset,-1,-4.0,3,18,250.0
P,Offset,-1,-4.0,3,18,250.0
P,Onset,2,8.0,3,18,250.0
P,Offset,0,0.0,3,18,250.0
P,Onset,0,0.0,3,18,250.0
P,Offset,2,8.0,3,18,250.0
P,Onset,-1,-4.0,3,18,250.0
P,Offset,-2,-8.0,3,18,250.0
T,Onset,3,12.0,3,18,250.0
T,Offset,-3,-12.0,3,18,250.0
T,Onset,4,16.0,3,18,250.0
T,Offset,-3,-12.0,3,18,250.0
T,Onset,1,4.0,3,18,250.0
T,Offset,-4,-16.0,3,18,250.0
T,Onset,1,4.0,3,18,250.0
T,Offset,-5,-20.0,3,18,250.0
T,Onset,0,0.0,3,18,250.0
T,Offset,-4,-16.0,3,18,250.0
T,Onset,2,8.0,3,18,250.0
T,Offset,-16,-64.0,3,18,250.0
T,Onset,-1,-4.0,3,18,250.0
T,Offset,-16,-64.0,3,18,250.0
T,Onset,3,12.0,3,18,250.0
T,Offset,-21,-84.0,3,18,250.0
T,Onset,1,4.0,3,18,250.0
T,Offset,-20,-80.0,3,18,250.0
T,Onset,4,16.0,3,18,250.0
T,Offset,-26,-104.0,3,18,250.0
P,Onset,2,8.0,3,180,250.0
P,Offset,-2,-8.0,3,180,250.0
P,Onset,-1,-4.0,3,180,250.0
P,Offset,2,8.0,3,180,250.0
P,Onset,1,4.0,3,180,250.0
P,Offset,0,0.0,3,180,250.0
P,Onset,2,8.0,3,180,250.0
P,Offset,-1,-4.0,3,180,250.0
P,Onset,3,12.0,3,180,250.0
P,Offset,-4,-16.0,3,180,250.0
P,Onset,-1,-4.0,3,180,250.0
P,Offset,-1,-4.0,3,180,250.0
P,Onset,0,0.0,3,180,250.0
P,Offset,-2,-8.0,3,180,250.0
P,Onset,2,8.0,3,180,250.0
P,Offset,1,4.0,3,180,250.0
P,Onset,-5,-20.0,3,180,250.0
P,Offset,-2,-8.0,3,180,250.0
T,Onset,12,48.0,3,180,250.0
T,Offset,-18,-72.0,3,180,250.0
T,Onset,12,48.0,3,180,250.0
T,Offset,-25,-100.0,3,180,250.0
T,Onset,3,12.0,3,180,250.0
T,Offset,-19,-76.0,3,180,250.0
T,Onset,5,20.0,3,180,250.0
T,Offset,-26,-104.0,3,180,250.0
T,Onset,1,4.0,3,180,250.0
T,Offset,-29,-116.0,3,180,250.0
T,Onset,3,12.0,3,180,250.0
T,Offset,-35,-140.0,3,180,250.0
T,Onset,0,0.0,3,180,250.0
T,Offset,-37,-148.0,3,180,250.0
P,Onset,-2,-8.0,3,181,250.0
P,Offset,0,0.0,3,181,250.0
P,Onset,7,28.0,3,181,250.0
P,Offset,-5,-20.0,3,181,250.0
P,Onset,6,24.0,3,181,250.0
P,Offset,-3,-12.0,3,181,250.0
P,Onset,-1,-4.0,3,181,250.0
P,Offset,-2,-8.0,3,181,250.0
P,Onset,-1,-4.0,3,181,250.0
P,Offset,-2,-8.0,3,181,250.0
P,Onset,5,20.0,3,181,250.0
P,Offset,0,0.0,3,181,250.0
P,Onset,7,28.0,3,181,250.0
P,Offset,0,0.0,3,181,250.0
T,Onset,0,0.0,3,181,250.0
T,Offset,-3,-12.0,3,181,250.0
T,Onset,2,8.0,3,181,250.0
T,Offset,-5,-20.0,3,181,250.0
T,Onset,-3,-12.0,3,181,250.0
T,Offset,0,0.0,3,181,250.0
T,Onset,10,40.0,3,181,250.0
T,Offset,-4,-16.0,3,181,250.0
T,Onset,9,36.0,3,181,250.0
T,Offset,-3,-12.0,3,181,250.0
T,Onset,7,28.0,3,181,250.0
T,Offset,-1,-4.0,3,181,250.0
T,Onset,8,32.0,3,181,250.0
T,Offset,-2,-8.0,3,181,250.0
P,Onset,1,4.0,3,182,250.0
P,Offset,-1,-4.0,3,182,250.0
P,Onset,0,0.0,3,182,250.0
P,Offset,0,0.0,3,182,250.0
P,Onset,1,4.0,3,182,250.0
P,Offset,0,0.0,3,182,250.0
P,Onset,-2,-8.0,3,182,250.0
P,Offset,1,4.0,3,182,250.0
P,Onset,0,0.0,3,182,250.0
P,Offset,1,4.0,3,182,250.0
P,Onset,2,8.0,3,182,250.0
P,Offset,0,0.0,3,182,250.0
P,Onset,-2,-8.0,3,182,250.0
P,Offset,-1,-4.0,3,182,250.0
P,Onset,-1,-4.0,3,182,250.0
P,Offset,-2,-8.0,3,182,250.0
P,Onset,2,8.0,3,182,250.0
P,Offset,-6,-24.0,3,182,250.0
P,Onset,2,8.0,3,182,250.0
P,Offset,3,12.0,3,182,250.0
P,Onset,11,44.0,3,182,250.0
P,Offset,-2,-8.0,3,182,250.0
T,Onset,1,4.0,3,182,250.0
T,Offset,-1,-4.0,3,182,250.0
T,Onset,-1,-4.0,3,182,250.0
T,Offset,2,8.0,3,182,250.0
T,Onset,3,12.0,3,182,250.0
T,Offset,-4,-16.0,3,182,250.0
T,Onset,2,8.0,3,182,250.0
T,Offset,0,0.0,3,182,250.0
T,Onset,4,16.0,3,182,250.0
T,Offset,-2,-8.0,3,182,250.0
T,Onset,5,20.0,3,182,250.0
T,Offset,-2,-8.0,3,182,250.0
T,Onset,0,0.0,3,182,250.0
T,Offset,-3,-12.0,3,182,250.0
T,Onset,3,12.0,3,182,250.0
T,Offset,1,4.0,3,182,250.0
T,Onset,6,24.0,3,182,250.0
T,Offset,-1,-4.0,3,182,250.0
T,Onset,6,24.0,3,182,250.0
T,Offset,0,0.0,3,182,250.0
T,Onset,9,36.0,3,182,250.0
T,Offset,-2,-8.0,3,182,250.0
P,Onset,2,8.0,3,183,250.0
P,Offset,-1,-4.0,3,183,250.0
P,Onset,1,4.0,3,183,250.0
P,Offset,-2,-8.0,3,183,250.0
P,Onset,1,4.0,3,183,250.0
P,Offset,1,4.0,3,183,250.0
P,Onset,1,4.0,3,183,250.0
P,Offset,1,4.0,3,183,250.0
P,Onset,-1,-4.0,3,183,250.0
P,Offset,-1,-4.0,3,183,250.0
P,Onset,0,0.0,3,183,250.0
P,Offset,2,8.0,3,183,250.0
P,Onset,1,4.0,3,183,250.0
P,Offset,1,4.0,3,183,250.0
P,Onset,1,4.0,3,183,250.0
P,Offset,2,8.0,3,183,250.0
P,Onset,2,8.0,3,183,250.0
P,Offset,1,4.0,3,183,250.0
P,Onset,-2,-8.0,3,183,250.0
P,Offset,-2,-8.0,3,183,250.0
T,Onset,25,100.0,3,183,250.0
T,Offset,-12,-48.0,3,183,250.0
T,Onset,-7,-28.0,3,183,250.0
T,Offset,-20,-80.0,3,183,250.0
T,Onset,-17,-68.0,3,183,250.0
T,Offset,-12,-48.0,3,183,250.0
T,Onset,-16,-64.0,3,183,250.0
T,Offset,-14,-56.0,3,183,250.0
T,Onset,36,144.0,3,183,250.0
T,Offset,-5,-20.0,3,183,250.0
T,Onset,-15,-60.0,3,183,250.0
T,Offset,-20,-80.0,3,183,250.0
T,Onset,-20,-80.0,3,183,250.0
T,Offset,-24,-96.0,3,183,250.0
T,Onset,-26,-104.0,3,183,250.0
T,Offset,-19,-76.0,3,183,250.0
T,Onset,-22,-88.0,3,183,250.0
T,Offset,-23,-92.0,3,183,250.0
T,Onset,-28,-112.0,3,183,250.0
T,Offset,-18,-72.0,3,183,250.0
P,Onset,0,0.0,3,184,250.0
P,Offset,0,0.0,3,184,250.0
P,Onset,1,4.0,3,184,250.0
P,Offset,-1,-4.0,3,184,250.0
P,Onset,1,4.0,3,184,250.0
P,Offset,-3,-12.0,3,184,250.0
P,Onset,1,4.0,3,184,250.0
P,Offset,-3,-12.0,3,184,250.0
P,Onset,3,12.0,3,184,250.0
P,Offset,-5,-20.0,3,184,250.0
P,Onset,-2,-8.0,3,184,250.0
P,Offset,-1,-4.0,3,184,250.0
P,Onset,-2,-8.0,3,184,250.0
P,Offset,-2,-8.0,3,184,250.0
P,Onset,-3,-12.0,3,184,250.0
P,Offset,-3,-12.0,3,184,250.0
T,Onset,4,16.0,3,184,250.0
T,Offset,-2,-8.0,3,184,250.0
T,Onset,6,24.0,3,184,250.0
T,Offset,-2,-8.0,3,184,250.0
T,Onset,7,28.0,3,184,250.0
T,Offset,-1,-4.0,3,184,250.0
T,Onset,6,24.0,3,184,250.0
T,Offset,0,0.0,3,184,250.0
T,Onset,12,48.0,3,184,250.0
T,Offset,-4,-16.0,3,184,250.0
T,Onset,6,24.0,3,184,250.0
T,Offset,2,8.0,3,184,250.0
T,Onset,9,36.0,3,184,250.0
T,Offset,-1,-4.0,3,184,250.0
T,Onset,11,44.0,3,184,250.0
T,Offset,-1,-4.0,3,184,250.0
P,Onset,1,4.0,3,185,250.0
P,Offset,-1,-4.0,3,185,250.0
P,Onset,1,4.0,3,185,250.0
P,Offset,-1,-4.0,3,185,250.0
P,Onset,1,4.0,3,185,250.0
P,Offset,-1,-4.0,3,185,250.0
P,Onset,1,4.0,3,185,250.0
P,Offset,-1,-4.0,3,185,250.0
P,Onset,2,8.0,3,185,250.0
P,Offset,-1,-4.0,3,185,250.0
P,Onset,2,8.0,3,185,250.0
P,Offset,-3,-12.0,3,185,250.0
P,Onset,1,4.0,3,185,250.0
P,Offset,0,0.0,3,185,250.0
P,Onset,2,8.0,3,185,250.0
P,Offset,0,0.0,3,185,250.0
P,Onset,-3,-12.0,3,185,250.0
P,Offset,1,4.0,3,185,250.0
P,Onset,2,8.0,3,185,250.0
P,Offset,0,0.0,3,185,250.0
P,Onset,2,8.0,3,185,250.0
P,Offset,1,4.0,3,185,250.0
P,Onset,1,4.0,3,185,250.0
P,Offset,-6,-24.0,3,185,250.0
T,Onset,1,4.0,3,185,250.0
T,Offset,-1,-4.0,3,185,250.0
T,Onset,2,8.0,3,185,250.0
T,Offset,-2,-8.0,3,185,250.0
T,Onset,1,4.0,3,185,250.0
T,Offset,-1,-4.0,3,185,250.0
T,Onset,2,8.0,3,185,250.0
T,Offset,-2,-8.0,3,185,250.0
T,Onset,3,12.0,3,185,250.0
T,Offset,-2,-8.0,3,185,250.0
T,Onset,0,0.0,3,185,250.0
T,Offset,1,4.0,3,185,250.0
T,Onset,2,8.0,3,185,250.0
T,Offset,-1,-4.0,3,185,250.0
T,Onset,0,0.0,3,185,250.0
T,Offset,-2,-8.0,3,185,250.0
T,Onset,0,0.0,3,185,250.0
T,Offset,2,8.0,3,185,250.0
T,Onset,3,12.0,3,185,250.0
T,Offset,0,0.0,3,185,250.0
T,Onset,-4,-16.0,3,185,250.0
T,Offset,-1,-4.0,3,185,250.0
T,Onset,3,12.0,3,185,250.0
T,Offset,4,16.0,3,185,250.0
P,Onset,2,8.0,3,186,250.0
P,Offset,-2,-8.0,3,186,250.0
P,Onset,8,32.0,3,186,250.0
P,Offset,-9,-36.0,3,186,250.0
P,Onset,-1,-4.0,3,186,250.0
P,Offset,-1,-4.0,3,186,250.0
P,Onset,1,4.0,3,186,250.0
P,Offset,-3,-12.0,3,186,250.0
P,Onset,4,16.0,3,186,250.0
P,Offset,-1,-4.0,3,186,250.0
P,Onset,5,20.0,3,186,250.0
P,Offset,-8,-32.0,3,186,250.0
P,Onset,2,8.0,3,186,250.0
P,Offset,-6,-24.0,3,186,250.0
P,Onset,5,20.0,3,186,250.0
P,Offset,-10,-40.0,3,186,250.0
P,Onset,9,36.0,3,186,250.0
P,Offset,-3,-12.0,3,186,250.0
P,Onset,-4,-16.0,3,186,250.0
P,Offset,-6,-24.0,3,186,250.0
T,Onset,1,4.0,3,186,250.0
T,Offset,-1,-4.0,3,186,250.0
T,Onset,-1,-4.0,3,186,250.0
T,Offset,2,8.0,3,186,250.0
T,Onset,9,36.0,3,186,250.0
T,Offset,-11,-44.0,3,186,250.0
T,Onset,-2,-8.0,3,186,250.0
T,Offset,4,16.0,3,186,250.0
T,Onset,-1,-4.0,3,186,250.0
T,Offset,-2,-8.0,3,186,250.0
T,Onset,-1,-4.0,3,186,250.0
T,Offset,-3,-12.0,3,186,250.0
T,Onset,6,24.0,3,186,250.0
T,Offset,-2,-8.0,3,186,250.0
T,Onset,6,24.0,3,186,250.0
T,Offset,1,4.0,3,186,250.0
T,Onset,10,40.0,3,186,250.0
T,Offset,-1,-4.0,3,186,250.0
T,Onset,9,36.0,3,186,250.0
T,Offset,2,8.0,3,186,250.0
P,Onset,14,56.0,3,187,250.0
P,Offset,-9,-36.0,3,187,250.0
P,Onset,3,12.0,3,187,250.0
P,Offset,-10,-40.0,3,187,250.0
P,Onset,6,24.0,3,187,250.0
P,Offset,-17,-68.0,3,187,250.0
P,Onset,4,16.0,3,187,250.0
P,Offset,-16,-64.0,3,187,250.0
T,Onset,4,16.0,3,187,250.0
T,Offset,-2,-8.0,3,187,250.0
T,Onset,3,12.0,3,187,250.0
T,Offset,0,0.0,3,187,250.0
T,Onset,6,24.0,3,187,250.0
T,Offset,-1,-4.0,3,187,250.0
T,Onset,6,24.0,3,187,250.0
T,Offset,0,0.0,3,187,250.0
T,Onset,11,44.0,3,187,250.0
T,Offset,-4,-16.0,3,187,250.0
T,Onset,9,36.0,3,187,250.0
T,Offset,-1,-4.0,3,187,250.0
T,Onset,10,40.0,3,187,250.0
T,Offset,0,0.0,3,187,250.0
T,Onset,10,40.0,3,187,250.0
T,Offset,1,4.0,3,187,250.0
P,Onset,0,0.0,3,188,250.0
P,Offset,0,0.0,3,188,250.0
P,Onset,-1,-4.0,3,188,250.0
P,Offset,1,4.0,3,188,250.0
P,Onset,2,8.0,3,188,250.0
P,Offset,-2,-8.0,3,188,250.0
P,Onset,0,0.0,3,188,250.0
P,Offset,0,0.0,3,188,250.0
P,Onset,-1,-4.0,3,188,250.0
P,Offset,0,0.0,3,188,250.0
P,Onset,1,4.0,3,188,250.0
P,Offset,-2,-8.0,3,188,250.0
P,Onset,1,4.0,3,188,250.0
P,Offset,0,0.0,3,188,250.0
P,Onset,0,0.0,3,188,250.0
P,Offset,-1,-4.0,3,188,250.0
P,Onset,1,4.0,3,188,250.0
P,Offset,0,0.0,3,188,250.0
P,Onset,1,4.0,3,188,250.0
P,Offset,-2,-8.0,3,188,250.0
P,Onset,2,8.0,3,188,250.0
P,Offset,-1,-4.0,3,188,250.0
P,Onset,1,4.0,3,188,250.0
P,Offset,1,4.0,3,188,250.0
P,Onset,-2,-8.0,3,188,250.0
P,Offset,-1,-4.0,3,188,250.0
T,Onset,1,4.0,3,188,250.0
T,Offset,-1,-4.0,3,188,250.0
T,Onset,0,0.0,3,188,250.0
T,Offset,0,0.0,3,188,250.0
T,Onset,2,8.0,3,188,250.0
T,Offset,-2,-8.0,3,188,250.0
T,Onset,2,8.0,3,188,250.0
T,Offset,-1,-4.0,3,188,250.0
T,Onset,0,0.0,3,188,250.0
T,Offset,2,8.0,3,188,250.0
T,Onset,4,16.0,3,188,250.0
T,Offset,-2,-8.0,3,188,250.0
T,Onset,3,12.0,3,188,250.0
T,Offset,-1,-4.0,3,188,250.0
T,Onset,0,0.0,3,188,250.0
T,Offset,2,8.0,3,188,250.0
T,Onset,2,8.0,3,188,250.0
T,Offset,3,12.0,3,188,250.0
T,Onset,6,24.0,3,188,250.0
T,Offset,0,0.0,3,188,250.0
T,Onset,6,24.0,3,188,250.0
T,Offset,1,4.0,3,188,250.0
T,Onset,4,16.0,3,188,250.0
T,Offset,3,12.0,3,188,250.0
T,Onset,3,12.0,3,188,250.0
T,Offset,4,16.0,3,188,250.0
P,Onset,1,4.0,3,189,250.0
P,Offset,-1,-4.0,3,189,250.0
P,Onset,0,0.0,3,189,250.0
P,Offset,0,0.0,3,189,250.0
P,Onset,1,4.0,3,189,250.0
P,Offset,-1,-4.0,3,189,250.0
P,Onset,1,4.0,3,189,250.0
P,Offset,1,4.0,3,189,250.0
P,Onset,8,32.0,3,189,250.0
P,Offset,-3,-12.0,3,189,250.0
P,Onset,18,72.0,3,189,250.0
P,Offset,-9,-36.0,3,189,250.0
P,Onset,0,0.0,3,189,250.0
P,Offset,-16,-64.0,3,189,250.0
T,Onset,2,8.0,3,189,250.0
T,Offset,-2,-8.0,3,189,250.0
T,Onset,3,12.0,3,189,250.0
T,Offset,-2,-8.0,3,189,250.0
T,Onset,2,8.0,3,189,250.0
T,Offset,-3,-12.0,3,189,250.0
T,Onset,-1,-4.0,3,189,250.0
T,Offset,-2,-8.0,3,189,250.0
T,Onset,2,8.0,3,189,250.0
T,Offset,1,4.0,3,189,250.0
T,Onset,5,20.0,3,189,250.0
T,Offset,4,16.0,3,189,250.0
T,Onset,7,28.0,3,189,250.0
T,Offset,3,12.0,3,189,250.0
P,Onset,1,4.0,3,19,250.0
P,Offset,-2,-8.0,3,19,250.0
P,Onset,4,16.0,3,19,250.0
P,Offset,-1,-4.0,3,19,250.0
P,Onset,1,4.0,3,19,250.0
P,Offset,-11,-44.0,3,19,250.0
P,Onset,15,60.0,3,19,250.0
P,Offset,-4,-16.0,3,19,250.0
P,Onset,6,24.0,3,19,250.0
P,Offset,-17,-68.0,3,19,250.0
P,Onset,24,96.0,3,19,250.0
P,Offset,-2,-8.0,3,19,250.0
T,Onset,0,0.0,3,19,250.0
T,Offset,-6,-24.0,3,19,250.0
T,Onset,-2,-8.0,3,19,250.0
T,Offset,-5,-20.0,3,19,250.0
T,Onset,0,0.0,3,19,250.0
T,Offset,-8,-32.0,3,19,250.0
T,Onset,15,60.0,3,19,250.0
T,Offset,-23,-92.0,3,19,250.0
T,Onset,-2,-8.0,3,19,250.0
T,Offset,-6,-24.0,3,19,250.0
T,Onset,-2,-8.0,3,19,250.0
T,Offset,-6,-24.0,3,19,250.0
T,Onset,-15,-60.0,3,19,250.0
T,Offset,-3,-12.0,3,19,250.0
P,Onset,1,4.0,3,190,250.0
P,Offset,0,0.0,3,190,250.0
P,Onset,0,0.0,3,190,250.0
P,Offset,-1,-4.0,3,190,250.0
P,Onset,-3,-12.0,3,190,250.0
P,Offset,5,20.0,3,190,250.0
P,Onset,0,0.0,3,190,250.0
P,Offset,-2,-8.0,3,190,250.0
P,Onset,1,4.0,3,190,250.0
P,Offset,-3,-12.0,3,190,250.0
P,Onset,1,4.0,3,190,250.0
P,Offset,2,8.0,3,190,250.0
P,Onset,4,16.0,3,190,250.0
P,Offset,1,4.0,3,190,250.0
P,Onset,9,36.0,3,190,250.0
P,Offset,-3,-12.0,3,190,250.0
P,Onset,6,24.0,3,190,250.0
P,Offset,0,0.0,3,190,250.0
P,Onset,8,32.0,3,190,250.0
P,Offset,-2,-8.0,3,190,250.0
P,Onset,9,36.0,3,190,250.0
P,Offset,1,4.0,3,190,250.0
T,Onset,-1,-4.0,3,190,250.0
T,Offset,1,4.0,3,190,250.0
T,Onset,0,0.0,3,190,250.0
T,Offset,0,0.0,3,190,250.0
T,Onset,0,0.0,3,190,250.0
T,Offset,0,0.0,3,190,250.0
T,Onset,3,12.0,3,190,250.0
T,Offset,-4,-16.0,3,190,250.0
T,Onset,0,0.0,3,190,250.0
T,Offset,1,4.0,3,190,250.0
T,Onset,9,36.0,3,190,250.0
T,Offset,-6,-24.0,3,190,250.0
T,Onset,-1,-4.0,3,190,250.0
T,Offset,-2,-8.0,3,190,250.0
T,Onset,-1,-4.0,3,190,250.0
T,Offset,-2,-8.0,3,190,250.0
T,Onset,7,28.0,3,190,250.0
T,Offset,-3,-12.0,3,190,250.0
T,Onset,4,16.0,3,190,250.0
T,Offset,-9,-36.0,3,190,250.0
T,Onset,10,40.0,3,190,250.0
T,Offset,-1,-4.0,3,190,250.0
P,Onset,2,8.0,3,191,250.0
P,Offset,-2,-8.0,3,191,250.0
P,Onset,1,4.0,3,191,250.0
P,Offset,-2,-8.0,3,191,250.0
P,Onset,1,4.0,3,191,250.0
P,Offset,-2,-8.0,3,191,250.0
P,Onset,1,4.0,3,191,250.0
P,Offset,-2,-8.0,3,191,250.0
P,Onset,1,4.0,3,191,250.0
P,Offset,0,0.0,3,191,250.0
P,Onset,1,4.0,3,191,250.0
P,Offset,-3,-12.0,3,191,250.0
P,Onset,0,0.0,3,191,250.0
P,Offset,-3,-12.0,3,191,250.0
T,Onset,3,12.0,3,191,250.0
T,Offset,-2,-8.0,3,191,250.0
T,Onset,7,28.0,3,191,250.0
T,Offset,-2,-8.0,3,191,250.0
T,Onset,9,36.0,3,191,250.0
T,Offset,-2,-8.0,3,191,250.0
T,Onset,9,36.0,3,191,250.0
T,Offset,-2,-8.0,3,191,250.0
T,Onset,7,28.0,3,191,250.0
T,Offset,0,0.0,3,191,250.0
T,Onset,9,36.0,3,191,250.0
T,Offset,-2,-8.0,3,191,250.0
T,Onset,10,40.0,3,191,250.0
T,Offset,-2,-8.0,3,191,250.0
P,Onset,0,0.0,3,192,250.0
P,Offset,-2,-8.0,3,192,250.0
P,Onset,4,16.0,3,192,250.0
P,Offset,-7,-28.0,3,192,250.0
P,Onset,-1,-4.0,3,192,250.0
P,Offset,-3,-12.0,3,192,250.0
P,Onset,-2,-8.0,3,192,250.0
P,Offset,-3,-12.0,3,192,250.0
P,Onset,0,0.0,3,192,250.0
P,Offset,-6,-24.0,3,192,250.0
P,Onset,-2,-8.0,3,192,250.0
P,Offset,-5,-20.0,3,192,250.0
P,Onset,-2,-8.0,3,192,250.0
P,Offset,-7,-28.0,3,192,250.0
T,Onset,-3,-12.0,3,192,250.0
T,Offset,3,12.0,3,192,250.0
T,Onset,-1,-4.0,3,192,250.0
T,Offset,3,12.0,3,192,250.0
T,Onset,0,0.0,3,192,250.0
T,Offset,4,16.0,3,192,250.0
T,Onset,0,0.0,3,192,250.0
T,Offset,6,24.0,3,192,250.0
T,Onset,-1,-4.0,3,192,250.0
T,Offset,9,36.0,3,192,250.0
T,Onset,-1,-4.0,3,192,250.0
T,Offset,-8,-32.0,3,192,250.0
T,Onset,16,64.0,3,192,250.0
T,Offset,6,24.0,3,192,250.0
P,Onset,3,12.0,3,193,250.0
P,Offset,-12,-48.0,3,193,250.0
P,Onset,2,8.0,3,193,250.0
P,Offset,-12,-48.0,3,193,250.0
P,Onset,-1,-4.0,3,193,250.0
P,Offset,-14,-56.0,3,193,250.0
P,Onset,1,4.0,3,193,250.0
P,Offset,-17,-68.0,3,193,250.0
T,Onset,1,4.0,3,193,250.0
T,Offset,-1,-4.0,3,193,250.0
T,Onset,1,4.0,3,193,250.0
T,Offset,0,0.0,3,193,250.0
T,Onset,-1,-4.0,3,193,250.0
T,Offset,-2,-8.0,3,193,250.0
T,Onset,3,12.0,3,193,250.0
T,Offset,0,0.0,3,193,250.0
T,Onset,3,12.0,3,193,250.0
T,Offset,1,4.0,3,193,250.0
T,Onset,10,40.0,3,193,250.0
T,Offset,-5,-20.0,3,193,250.0
T,Onset,6,24.0,3,193,250.0
T,Offset,1,4.0,3,193,250.0
T,Onset,8,32.0,3,193,250.0
T,Offset,1,4.0,3,193,250.0
P,Onset,1,4.0,3,194,250.0
P,Offset,0,0.0,3,194,250.0
P,Onset,3,12.0,3,194,250.0
P,Offset,-1,-4.0,3,194,250.0
P,Onset,6,24.0,3,194,250.0
P,Offset,-2,-8.0,3,194,250.0
P,Onset,5,20.0,3,194,250.0
P,Offset,1,4.0,3,194,250.0
P,Onset,14,56.0,3,194,250.0
P,Offset,-8,-32.0,3,194,250.0
P,Onset,-1,-4.0,3,194,250.0
P,Offset,-8,-32.0,3,194,250.0
P,Onset,-3,-12.0,3,194,250.0
P,Offset,-7,-28.0,3,194,250.0
T,Onset,6,24.0,3,194,250.0
T,Offset,-6,-24.0,3,194,250.0
T,Onset,1,4.0,3,194,250.0
T,Offset,4,16.0,3,194,250.0
T,Onset,7,28.0,3,194,250.0
T,Offset,1,4.0,3,194,250.0
T,Onset,10,40.0,3,194,250.0
T,Offset,-2,-8.0,3,194,250.0
T,Onset,9,36.0,3,194,250.0
T,Offset,0,0.0,3,194,250.0
T,Onset,15,60.0,3,194,250.0
T,Offset,1,4.0,3,194,250.0
T,Onset,14,56.0,3,194,250.0
T,Offset,2,8.0,3,194,250.0
P,Onset,0,0.0,3,195,250.0
P,Offset,0,0.0,3,195,250.0
P,Onset,0,0.0,3,195,250.0
P,Offset,-1,-4.0,3,195,250.0
P,Onset,-1,-4.0,3,195,250.0
P,Offset,0,0.0,3,195,250.0
P,Onset,0,0.0,3,195,250.0
P,Offset,-1,-4.0,3,195,250.0
P,Onset,0,0.0,3,195,250.0
P,Offset,1,4.0,3,195,250.0
P,Onset,-2,-8.0,3,195,250.0
P,Offset,-2,-8.0,3,195,250.0
P,Onset,-1,-4.0,3,195,250.0
P,Offset,-3,-12.0,3,195,250.0
P,Onset,4,16.0,3,195,250.0
P,Offset,0,0.0,3,195,250.0
T,Onset,1,4.0,3,195,250.0
T,Offset,-3,-12.0,3,195,250.0
T,Onset,4,16.0,3,195,250.0
T,Offset,-2,-8.0,3,195,250.0
T,Onset,4,16.0,3,195,250.0
T,Offset,-2,-8.0,3,195,250.0
T,Onset,4,16.0,3,195,250.0
T,Offset,-6,-24.0,3,195,250.0
T,Onset,-2,-8.0,3,195,250.0
T,Offset,-1,-4.0,3,195,250.0
T,Onset,4,16.0,3,195,250.0
T,Offset,0,0.0,3,195,250.0
T,Onset,7,28.0,3,195,250.0
T,Offset,-1,-4.0,3,195,250.0
T,Onset,11,44.0,3,195,250.0
T,Offset,-1,-4.0,3,195,250.0
P,Onset,4,16.0,3,196,250.0
P,Offset,-5,-20.0,3,196,250.0
P,Onset,4,16.0,3,196,250.0
P,Offset,-3,-12.0,3,196,250.0
P,Onset,0,0.0,3,196,250.0
P,Offset,-3,-12.0,3,196,250.0
P,Onset,1,4.0,3,196,250.0
P,Offset,-4,-16.0,3,196,250.0
P,Onset,0,0.0,3,196,250.0
P,Offset,-3,-12.0,3,196,250.0
P,Onset,6,24.0,3,196,250.0
P,Offset,-2,-8.0,3,196,250.0
P,Onset,5,20.0,3,196,250.0
P,Offset,-9,-36.0,3,196,250.0
P,Onset,7,28.0,3,196,250.0
P,Offset,-3,-12.0,3,196,250.0
P,Onset,1,4.0,3,196,250.0
P,Offset,-8,-32.0,3,196,250.0
T,Onset,-1,-4.0,3,196,250.0
T,Offset,2,8.0,3,196,250.0
T,Onset,-1,-4.0,3,196,250.0
T,Offset,2,8.0,3,196,250.0
T,Onset,1,4.0,3,196,250.0
T,Offset,-3,-12.0,3,196,250.0
T,Onset,1,4.0,3,196,250.0
T,Offset,-3,-12.0,3,196,250.0
T,Onset,-2,-8.0,3,196,250.0
T,Offset,-2,-8.0,3,196,250.0
T,Onset,2,8.0,3,196,250.0
T,Offset,-8,-32.0,3,196,250.0
T,Onset,5,20.0,3,196,250.0
T,Offset,2,8.0,3,196,250.0
T,Onset,6,24.0,3,196,250.0
T,Offset,1,4.0,3,196,250.0
T,Onset,7,28.0,3,196,250.0
T,Offset,0,0.0,3,196,250.0
P,Onset,2,8.0,3,197,250.0
P,Offset,-2,-8.0,3,197,250.0
P,Onset,1,4.0,3,197,250.0
P,Offset,-1,-4.0,3,197,250.0
P,Onset,0,0.0,3,197,250.0
P,Offset,-1,-4.0,3,197,250.0
P,Onset,-1,-4.0,3,197,250.0
P,Offset,-1,-4.0,3,197,250.0
P,Onset,0,0.0,3,197,250.0
P,Offset,-2,-8.0,3,197,250.0
P,Onset,0,0.0,3,197,250.0
P,Offset,-2,-8.0,3,197,250.0
P,Onset,-2,-8.0,3,197,250.0
P,Offset,-1,-4.0,3,197,250.0
P,Onset,2,8.0,3,197,250.0
P,Offset,1,4.0,3,197,250.0
P,Onset,0,0.0,3,197,250.0
P,Offset,-4,-16.0,3,197,250.0
P,Onset,0,0.0,3,197,250.0
P,Offset,-5,-20.0,3,197,250.0
T,Onset,1,4.0,3,197,250.0
T,Offset,-1,-4.0,3,197,250.0
T,Onset,1,4.0,3,197,250.0
T,Offset,-1,-4.0,3,197,250.0
T,Onset,3,12.0,3,197,250.0
T,Offset,-3,-12.0,3,197,250.0
T,Onset,1,4.0,3,197,250.0
T,Offset,-2,-8.0,3,197,250.0
T,Onset,2,8.0,3,197,250.0
T,Offset,-3,-12.0,3,197,250.0
T,Onset,2,8.0,3,197,250.0
T,Offset,-1,-4.0,3,197,250.0
T,Onset,5,20.0,3,197,250.0
T,Offset,-3,-12.0,3,197,250.0
T,Onset,-1,-4.0,3,197,250.0
T,Offset,-2,-8.0,3,197,250.0
T,Onset,5,20.0,3,197,250.0
T,Offset,-1,-4.0,3,197,250.0
T,Onset,0,0.0,3,197,250.0
T,Offset,-7,-28.0,3,197,250.0
P,Onset,1,4.0,3,198,250.0
P,Offset,0,0.0,3,198,250.0
P,Onset,1,4.0,3,198,250.0
P,Offset,-2,-8.0,3,198,250.0
P,Onset,0,0.0,3,198,250.0
P,Offset,-1,-4.0,3,198,250.0
P,Onset,1,4.0,3,198,250.0
P,Offset,-2,-8.0,3,198,250.0
P,Onset,0,0.0,3,198,250.0
P,Offset,-1,-4.0,3,198,250.0
P,Onset,1,4.0,3,198,250.0
P,Offset,1,4.0,3,198,250.0
P,Onset,1,4.0,3,198,250.0
P,Offset,-3,-12.0,3,198,250.0
T,Onset,-1,-4.0,3,198,250.0
T,Offset,0,0.0,3,198,250.0
T,Onset,2,8.0,3,198,250.0
T,Offset,-1,-4.0,3,198,250.0
T,Onset,3,12.0,3,198,250.0
T,Offset,-2,-8.0,3,198,250.0
T,Onset,3,12.0,3,198,250.0
T,Offset,-2,-8.0,3,198,250.0
T,Onset,5,20.0,3,198,250.0
T,Offset,-2,-8.0,3,198,250.0
T,Onset,7,28.0,3,198,250.0
T,Offset,-2,-8.0,3,198,250.0
T,Onset,6,24.0,3,198,250.0
T,Offset,0,0.0,3,198,250.0
P,Onset,2,8.0,3,199,250.0
P,Offset,-1,-4.0,3,199,250.0
P,Onset,-2,-8.0,3,199,250.0
P,Offset,1,4.0,3,199,250.0
P,Onset,1,4.0,3,199,250.0
P,Offset,0,0.0,3,199,250.0
P,Onset,2,8.0,3,199,250.0
P,Offset,1,4.0,3,199,250.0
P,Onset,2,8.0,3,199,250.0
P,Offset,1,4.0,3,199,250.0
P,Onset,-2,-8.0,3,199,250.0
P,Offset,-1,-4.0,3,199,250.0
P,Onset,5,20.0,3,199,250.0
P,Offset,-1,-4.0,3,199,250.0
T,Onset,2,8.0,3,199,250.0
T,Offset,-1,-4.0,3,199,250.0
T,Onset,2,8.0,3,199,250.0
T,Offset,-3,-12.0,3,199,250.0
T,Onset,2,8.0,3,199,250.0
T,Offset,-5,-20.0,3,199,250.0
T,Onset,6,24.0,3,199,250.0
T,Offset,-3,-12.0,3,199,250.0
T,Onset,12,48.0,3,199,250.0
T,Offset,-7,-28.0,3,199,250.0
T,Onset,8,32.0,3,199,250.0
T,Offset,-3,-12.0,3,199,250.0
T,Onset,14,56.0,3,199,250.0
T,Offset,-6,-24.0,3,199,250.0
P,Onset,5,20.0,3,20,250.0
P,Offset,-3,-12.0,3,20,250.0
P,Onset,4,16.0,3,20,250.0
P,Offset,-2,-8.0,3,20,250.0
P,Onset,6,24.0,3,20,250.0
P,Offset,-3,-12.0,3,20,250.0
P,Onset,5,20.0,3,20,250.0
P,Offset,-2,-8.0,3,20,250.0
P,Onset,10,40.0,3,20,250.0
P,Offset,-4,-16.0,3,20,250.0
P,Onset,3,12.0,3,20,250.0
P,Offset,-16,-64.0,3,20,250.0
P,Onset,3,12.0,3,20,250.0
P,Offset,-17,-68.0,3,20,250.0
T,Onset,2,8.0,3,20,250.0
T,Offset,0,0.0,3,20,250.0
T,Onset,4,16.0,3,20,250.0
T,Offset,-1,-4.0,3,20,250.0
T,Onset,6,24.0,3,20,250.0
T,Offset,-3,-12.0,3,20,250.0
T,Onset,8,32.0,3,20,250.0
T,Offset,0,0.0,3,20,250.0
T,Onset,7,28.0,3,20,250.0
T,Offset,2,8.0,3,20,250.0
T,Onset,14,56.0,3,20,250.0
T,Offset,-1,-4.0,3,20,250.0
T,Onset,21,84.0,3,20,250.0
T,Offset,-1,-4.0,3,20,250.0
P,Onset,0,0.0,3,200,250.0
P,Offset,1,4.0,3,200,250.0
P,Onset,2,8.0,3,200,250.0
P,Offset,0,0.0,3,200,250.0
P,Onset,3,12.0,3,200,250.0
P,Offset,-1,-4.0,3,200,250.0
P,Onset,-1,-4.0,3,200,250.0
P,Offset,-1,-4.0,3,200,250.0
P,Onset,-2,-8.0,3,200,250.0
P,Offset,0,0.0,3,200,250.0
P,Onset,1,4.0,3,200,250.0
P,Offset,-9,-36.0,3,200,250.0
P,Onset,-2,-8.0,3,200,250.0
P,Offset,-7,-28.0,3,200,250.0
P,Onset,-1,-4.0,3,200,250.0
P,Offset,-11,-44.0,3,200,250.0
T,Onset,1,4.0,3,200,250.0
T,Offset,-1,-4.0,3,200,250.0
T,Onset,1,4.0,3,200,250.0
T,Offset,0,0.0,3,200,250.0
T,Onset,2,8.0,3,200,250.0
T,Offset,-1,-4.0,3,200,250.0
T,Onset,3,12.0,3,200,250.0
T,Offset,-1,-4.0,3,200,250.0
T,Onset,5,20.0,3,200,250.0
T,Offset,-2,-8.0,3,200,250.0
T,Onset,4,16.0,3,200,250.0
T,Offset,0,0.0,3,200,250.0
T,Onset,3,12.0,3,200,250.0
T,Offset,2,8.0,3,200,250.0
T,Onset,7,28.0,3,200,250.0
T,Offset,0,0.0,3,200,250.0
P,Onset,1,4.0,3,21,250.0
P,Offset,-2,-8.0,3,21,250.0
P,Onset,0,0.0,3,21,250.0
P,Offset,-1,-4.0,3,21,250.0
P,Onset,-2,-8.0,3,21,250.0
P,Offset,0,0.0,3,21,250.0
P,Onset,-1,-4.0,3,21,250.0
P,Offset,-1,-4.0,3,21,250.0
P,Onset,0,0.0,3,21,250.0
P,Offset,-2,-8.0,3,21,250.0
P,Onset,-1,-4.0,3,21,250.0
P,Offset,-3,-12.0,3,21,250.0
P,Onset,-2,-8.0,3,21,250.0
P,Offset,-3,-12.0,3,21,250.0
P,Onset,-1,-4.0,3,21,250.0
P,Offset,-5,-20.0,3,21,250.0
P,Onset,-2,-8.0,3,21,250.0
P,Offset,-5,-20.0,3,21,250.0
T,Onset,17,68.0,3,21,250.0
T,Offset,-13,-52.0,3,21,250.0
T,Onset,18,72.0,3,21,250.0
T,Offset,-12,-48.0,3,21,250.0
T,Onset,18,72.0,3,21,250.0
T,Offset,-9,-36.0,3,21,250.0
T,Onset,17,68.0,3,21,250.0
T,Offset,-5,-20.0,3,21,250.0
T,Onset,-6,-24.0,3,21,250.0
T,Offset,-7,-28.0,3,21,250.0
T,Onset,24,96.0,3,21,250.0
T,Offset,-11,-44.0,3,21,250.0
T,Onset,26,104.0,3,21,250.0
T,Offset,-3,-12.0,3,21,250.0
T,Onset,3,12.0,3,21,250.0
T,Offset,-27,-108.0,3,21,250.0
P,Onset,1,4.0,3,22,250.0
P,Offset,-1,-4.0,3,22,250.0
P,Onset,1,4.0,3,22,250.0
P,Offset,-1,-4.0,3,22,250.0
P,Onset,0,0.0,3,22,250.0
P,Offset,-1,-4.0,3,22,250.0
P,Onset,2,8.0,3,22,250.0
P,Offset,-1,-4.0,3,22,250.0
P,Onset,0,0.0,3,22,250.0
P,Offset,-1,-4.0,3,22,250.0
P,Onset,-1,-4.0,3,22,250.0
P,Offset,0,0.0,3,22,250.0
P,Onset,1,4.0,3,22,250.0
P,Offset,-3,-12.0,3,22,250.0
P,Onset,1,4.0,3,22,250.0
P,Offset,-4,-16.0,3,22,250.0
P,Onset,4,16.0,3,22,250.0
P,Offset,-1,-4.0,3,22,250.0
P,Onset,14,56.0,3,22,250.0
P,Offset,-1,-4.0,3,22,250.0
T,Onset,-2,-8.0,3,22,250.0
T,Offset,1,4.0,3,22,250.0
T,Onset,0,0.0,3,22,250.0
T,Offset,-1,-4.0,3,22,250.0
T,Onset,4,16.0,3,22,250.0
T,Offset,-2,-8.0,3,22,250.0
T,Onset,2,8.0,3,22,250.0
T,Offset,-4,-16.0,3,22,250.0
T,Onset,0,0.0,3,22,250.0
T,Offset,-2,-8.0,3,22,250.0
T,Onset,0,0.0,3,22,250.0
T,Offset,2,8.0,3,22,250.0
T,Onset,-2,-8.0,3,22,250.0
T,Offset,-1,-4.0,3,22,250.0
T,Onset,-1,-4.0,3,22,250.0
T,Offset,-3,-12.0,3,22,250.0
T,Onset,-1,-4.0,3,22,250.0
T,Offset,-3,-12.0,3,22,250.0
T,Onset,-2,-8.0,3,22,250.0
T,Offset,-7,-28.0,3,22,250.0
P,Onset,0,0.0,3,23,250.0
P,Offset,0,0.0,3,23,250.0
P,Onset,2,8.0,3,23,250.0
P,Offset,-2,-8.0,3,23,250.0
P,Onset,0,0.0,3,23,250.0
P,Offset,-1,-4.0,3,23,250.0
P,Onset,-2,-8.0,3,23,250.0
P,Offset,-1,-4.0,3,23,250.0
P,Onset,-1,-4.0,3,23,250.0
P,Offset,-2,-8.0,3,23,250.0
P,Onset,1,4.0,3,23,250.0
P,Offset,-15,-60.0,3,23,250.0
P,Onset,-1,-4.0,3,23,250.0
P,Offset,-18,-72.0,3,23,250.0
T,Onset,-5,-20.0,3,23,250.0
T,Offset,4,16.0,3,23,250.0
T,Onset,-5,-20.0,3,23,250.0
T,Offset,3,12.0,3,23,250.0
T,Onset,1,4.0,3,23,250.0
T,Offset,1,4.0,3,23,250.0
T,Onset,-4,-16.0,3,23,250.0
T,Offset,1,4.0,3,23,250.0
T,Onset,2,8.0,3,23,250.0
T,Offset,2,8.0,3,23,250.0
T,Onset,4,16.0,3,23,250.0
T,Offset,2,8.0,3,23,250.0
T,Onset,4,16.0,3,23,250.0
T,Offset,2,8.0,3,23,250.0
P,Onset,13,52.0,3,24,250.0
P,Offset,0,0.0,3,24,250.0
P,Onset,14,56.0,3,24,250.0
P,Offset,0,0.0,3,24,250.0
P,Onset,13,52.0,3,24,250.0
P,Offset,6,24.0,3,24,250.0
P,Onset,23,92.0,3,24,250.0
P,Offset,-3,-12.0,3,24,250.0
P,Onset,19,76.0,3,24,250.0
P,Offset,3,12.0,3,24,250.0
T,Onset,-4,-16.0,3,24,250.0
T,Offset,3,12.0,3,24,250.0
T,Onset,0,0.0,3,24,250.0
T,Offset,9,36.0,3,24,250.0
T,Onset,3,12.0,3,24,250.0
T,Offset,10,40.0,3,24,250.0
T,Onset,4,16.0,3,24,250.0
T,Offset,12,48.0,3,24,250.0
T,Onset,7,28.0,3,24,250.0
T,Offset,11,44.0,3,24,250.0
T,Onset,19,76.0,3,24,250.0
T,Offset,16,64.0,3,24,250.0
P,Onset,1,4.0,3,25,250.0
P,Offset,-1,-4.0,3,25,250.0
P,Onset,0,0.0,3,25,250.0
P,Offset,0,0.0,3,25,250.0
P,Onset,1,4.0,3,25,250.0
P,Offset,-1,-4.0,3,25,250.0
P,Onset,-2,-8.0,3,25,250.0
P,Offset,1,4.0,3,25,250.0
P,Onset,1,4.0,3,25,250.0
P,Offset,-2,-8.0,3,25,250.0
P,Onset,0,0.0,3,25,250.0
P,Offset,-2,-8.0,3,25,250.0
T,Onset,4,16.0,3,25,250.0
T,Offset,-1,-4.0,3,25,250.0
T,Onset,7,28.0,3,25,250.0
T,Offset,-3,-12.0,3,25,250.0
T,Onset,6,24.0,3,25,250.0
T,Offset,-2,-8.0,3,25,250.0
T,Onset,5,20.0,3,25,250.0
T,Offset,0,0.0,3,25,250.0
T,Onset,8,32.0,3,25,250.0
T,Offset,-2,-8.0,3,25,250.0
T,Onset,12,48.0,3,25,250.0
T,Offset,-3,-12.0,3,25,250.0
P,Onset,1,4.0,3,26,250.0
P,Offset,-1,-4.0,3,26,250.0
P,Onset,0,0.0,3,26,250.0
P,Offset,-1,-4.0,3,26,250.0
P,Onset,-1,-4.0,3,26,250.0
P,Offset,-4,-16.0,3,26,250.0
P,Onset,0,0.0,3,26,250.0
P,Offset,-6,-24.0,3,26,250.0
P,Onset,1,4.0,3,26,250.0
P,Offset,-9,-36.0,3,26,250.0
P,Onset,-2,-8.0,3,26,250.0
P,Offset,-8,-32.0,3,26,250.0
P,Onset,0,0.0,3,26,250.0
P,Offset,-12,-48.0,3,26,250.0
T,Onset,-2,-8.0,3,26,250.0
T,Offset,2,8.0,3,26,250.0
T,Onset,-3,-12.0,3,26,250.0
T,Offset,3,12.0,3,26,250.0
T,Onset,-4,-16.0,3,26,250.0
T,Offset,4,16.0,3,26,250.0
T,Onset,0,0.0,3,26,250.0
T,Offset,3,12.0,3,26,250.0
T,Onset,1,4.0,3,26,250.0
T,Offset,3,12.0,3,26,250.0
T,Onset,0,0.0,3,26,250.0
T,Offset,-6,-24.0,3,26,250.0
T,Onset,7,28.0,3,26,250.0
T,Offset,2,8.0,3,26,250.0
P,Onset,-1,-4.0,3,27,250.0
P,Offset,2,8.0,3,27,250.0
P,Onset,-2,-8.0,3,27,250.0
P,Offset,1,4.0,3,27,250.0
P,Onset,0,0.0,3,27,250.0
P,Offset,2,8.0,3,27,250.0
P,Onset,-1,-4.0,3,27,250.0
P,Offset,3,12.0,3,27,250.0
P,Onset,-1,-4.0,3,27,250.0
P,Offset,-1,-4.0,3,27,250.0
P,Onset,-2,-8.0,3,27,250.0
P,Offset,-1,-4.0,3,27,250.0
T,Onset,-4,-16.0,3,27,250.0
T,Offset,2,8.0,3,27,250.0
T,Onset,-4,-16.0,3,27,250.0
T,Offset,2,8.0,3,27,250.0
T,Onset,-3,-12.0,3,27,250.0
T,Offset,0,0.0,3,27,250.0
T,Onset,-6,-24.0,3,27,250.0
T,Offset,1,4.0,3,27,250.0
T,Onset,-6,-24.0,3,27,250.0
T,Offset,0,0.0,3,27,250.0
T,Onset,-22,-88.0,3,27,250.0
T,Offset,3,12.0,3,27,250.0
P,Onset,1,4.0,3,28,250.0
P,Offset,-1,-4.0,3,28,250.0
P,Onset,-1,-4.0,3,28,250.0
P,Offset,0,0.0,3,28,250.0
P,Onset,-1,-4.0,3,28,250.0
P,Offset,0,0.0,3,28,250.0
P,Onset,1,4.0,3,28,250.0
P,Offset,0,0.0,3,28,250.0
P,Onset,-1,-4.0,3,28,250.0
P,Offset,2,8.0,3,28,250.0
P,Onset,4,16.0,3,28,250.0
P,Offset,-2,-8.0,3,28,250.0
P,Onset,0,0.0,3,28,250.0
P,Offset,-2,-8.0,3,28,250.0
T,Onset,2,8.0,3,28,250.0
T,Offset,-1,-4.0,3,28,250.0
T,Onset,-2,-8.0,3,28,250.0
T,Offset,-2,-8.0,3,28,250.0
T,Onset,2,8.0,3,28,250.0
T,Offset,2,8.0,3,28,250.0
T,Onset,-2,-8.0,3,28,250.0
T,Offset,7,28.0,3,28,250.0
T,Onset,1,4.0,3,28,250.0
T,Offset,5,20.0,3,28,250.0
T,Onset,0,0.0,3,28,250.0
T,Offset,8,32.0,3,28,250.0
T,Onset,20,80.0,3,28,250.0
T,Offset,-1,-4.0,3,28,250.0
P,Onset,0,0.0,3,29,250.0
P,Offset,0,0.0,3,29,250.0
P,Onset,1,4.0,3,29,250.0
P,Offset,0,0.0,3,29,250.0
P,Onset,1,4.0,3,29,250.0
P,Offset,1,4.0,3,29,250.0
P,Onset,-1,-4.0,3,29,250.0
P,Offset,-1,-4.0,3,29,250.0
P,Onset,0,0.0,3,29,250.0
P,Offset,-2,-8.0,3,29,250.0
P,Onset,-1,-4.0,3,29,250.0
P,Offset,-1,-4.0,3,29,250.0
P,Onset,-1,-4.0,3,29,250.0
P,Offset,-3,-12.0,3,29,250.0
P,Onset,-1,-4.0,3,29,250.0
P,Offset,-3,-12.0,3,29,250.0
P,Onset,3,12.0,3,3,250.0
P,Offset,-3,-12.0,3,3,250.0
P,Onset,4,16.0,3,3,250.0
P,Offset,-3,-12.0,3,3,250.0
P,Onset,5,20.0,3,3,250.0
P,Offset,-4,-16.0,3,3,250.0
P,Onset,5,20.0,3,3,250.0
P,Offset,-3,-12.0,3,3,250.0
P,Onset,3,12.0,3,3,250.0
P,Offset,-5,-20.0,3,3,250.0
P,Onset,5,20.0,3,3,250.0
P,Offset,-3,-12.0,3,3,250.0
P,Onset,5,20.0,3,3,250.0
P,Offset,-2,-8.0,3,3,250.0
P,Onset,4,16.0,3,3,250.0
P,Offset,0,0.0,3,3,250.0
T,Onset,3,12.0,3,3,250.0
T,Offset,-2,-8.0,3,3,250.0
T,Onset,3,12.0,3,3,250.0
T,Offset,-2,-8.0,3,3,250.0
T,Onset,6,24.0,3,3,250.0
T,Offset,0,0.0,3,3,250.0
T,Onset,9,36.0,3,3,250.0
T,Offset,0,0.0,3,3,250.0
T,Onset,9,36.0,3,3,250.0
T,Offset,0,0.0,3,3,250.0
T,Onset,13,52.0,3,3,250.0
T,Offset,1,4.0,3,3,250.0
T,Onset,8,32.0,3,3,250.0
T,Offset,-26,-104.0,3,3,250.0
T,Onset,21,84.0,3,3,250.0
T,Offset,1,4.0,3,3,250.0
P,Onset,0,0.0,3,30,250.0
P,Offset,0,0.0,3,30,250.0
P,Onset,1,4.0,3,30,250.0
P,Offset,-2,-8.0,3,30,250.0
P,Onset,1,4.0,3,30,250.0
P,Offset,-2,-8.0,3,30,250.0
P,Onset,0,0.0,3,30,250.0
P,Offset,-2,-8.0,3,30,250.0
P,Onset,0,0.0,3,30,250.0
P,Offset,-2,-8.0,3,30,250.0
P,Onset,0,0.0,3,30,250.0
P,Offset,-3,-12.0,3,30,250.0
T,Onset,1,4.0,3,30,250.0
T,Offset,-1,-4.0,3,30,250.0
T,Onset,0,0.0,3,30,250.0
T,Offset,-2,-8.0,3,30,250.0
T,Onset,3,12.0,3,30,250.0
T,Offset,-1,-4.0,3,30,250.0
T,Onset,4,16.0,3,30,250.0
T,Offset,-1,-4.0,3,30,250.0
T,Onset,2,8.0,3,30,250.0
T,Offset,1,4.0,3,30,250.0
T,Onset,-1,-4.0,3,30,250.0
T,Offset,-2,-8.0,3,30,250.0
P,Onset,0,0.0,3,31,250.0
P,Offset,-4,-16.0,3,31,250.0
P,Onset,3,12.0,3,31,250.0
P,Offset,-9,-36.0,3,31,250.0
P,Onset,10,40.0,3,31,250.0
P,Offset,-3,-12.0,3,31,250.0
T,Onset,-1,-4.0,3,31,250.0
T,Offset,-13,-52.0,3,31,250.0
T,Onset,22,88.0,3,31,250.0
T,Offset,-7,-28.0,3,31,250.0
T,Onset,-3,-12.0,3,31,250.0
T,Offset,-12,-48.0,3,31,250.0
T,Onset,-3,-12.0,3,31,250.0
T,Offset,-14,-56.0,3,31,250.0
T,Onset,27,108.0,3,31,250.0
T,Offset,-10,-40.0,3,31,250.0
T,Onset,-5,-20.0,3,31,250.0
T,Offset,-17,-68.0,3,31,250.0
T,Onset,-14,-56.0,3,31,250.0
T,Offset,-12,-48.0,3,31,250.0
T,Onset,-16,-64.0,3,31,250.0
T,Offset,-20,-80.0,3,31,250.0
P,Onset,0,0.0,3,32,250.0
P,Offset,0,0.0,3,32,250.0
P,Onset,1,4.0,3,32,250.0
P,Offset,-2,-8.0,3,32,250.0
P,Onset,1,4.0,3,32,250.0
P,Offset,-2,-8.0,3,32,250.0
P,Onset,0,0.0,3,32,250.0
P,Offset,-1,-4.0,3,32,250.0
P,Onset,0,0.0,3,32,250.0
P,Offset,-1,-4.0,3,32,250.0
P,Onset,0,0.0,3,32,250.0
P,Offset,-1,-4.0,3,32,250.0
P,Onset,0,0.0,3,32,250.0
P,Offset,-2,-8.0,3,32,250.0
P,Onset,-1,-4.0,3,32,250.0
P,Offset,-1,-4.0,3,32,250.0
T,Onset,2,8.0,3,32,250.0
T,Offset,-2,-8.0,3,32,250.0
T,Onset,3,12.0,3,32,250.0
T,Offset,-4,-16.0,3,32,250.0
T,Onset,2,8.0,3,32,250.0
T,Offset,-3,-12.0,3,32,250.0
T,Onset,1,4.0,3,32,250.0
T,Offset,-3,-12.0,3,32,250.0
T,Onset,2,8.0,3,32,250.0
T,Offset,-4,-16.0,3,32,250.0
T,Onset,-1,-4.0,3,32,250.0
T,Offset,-2,-8.0,3,32,250.0
T,Onset,0,0.0,3,32,250.0
T,Offset,-3,-12.0,3,32,250.0
T,Onset,6,24.0,3,32,250.0
T,Offset,-2,-8.0,3,32,250.0
P,Onset,-1,-4.0,3,33,250.0
P,Offset,0,0.0,3,33,250.0
P,Onset,1,4.0,3,33,250.0
P,Offset,0,0.0,3,33,250.0
P,Onset,0,0.0,3,33,250.0
P,Offset,1,4.0,3,33,250.0
P,Onset,0,0.0,3,33,250.0
P,Offset,1,4.0,3,33,250.0
P,Onset,-1,-4.0,3,33,250.0
P,Offset,0,0.0,3,33,250.0
P,Onset,2,8.0,3,33,250.0
P,Offset,-3,-12.0,3,33,250.0
P,Onset,-2,-8.0,3,33,250.0
P,Offset,-1,-4.0,3,33,250.0
T,Onset,-1,-4.0,3,33,250.0
T,Offset,-1,-4.0,3,33,250.0
T,Onset,2,8.0,3,33,250.0
T,Offset,2,8.0,3,33,250.0
T,Onset,5,20.0,3,33,250.0
T,Offset,1,4.0,3,33,250.0
T,Onset,14,56.0,3,33,250.0
T,Offset,-28,-112.0,3,33,250.0
T,Onset,11,44.0,3,33,250.0
T,Offset,4,16.0,3,33,250.0
T,Onset,15,60.0,3,33,250.0
T,Offset,2,8.0,3,33,250.0
T,Onset,28,112.0,3,33,250.0
T,Offset,2,8.0,3,33,250.0
T,Onset,1,4.0,3,34,250.0
T,Offset,1,4.0,3,34,250.0
T,Onset,-3,-12.0,3,34,250.0
T,Offset,5,20.0,3,34,250.0
T,Onset,-3,-12.0,3,34,250.0
T,Offset,-1,-4.0,3,34,250.0
T,Onset,-9,-36.0,3,34,250.0
T,Offset,1,4.0,3,34,250.0
T,Onset,3,12.0,3,34,250.0
T,Offset,7,28.0,3,34,250.0
T,Onset,8,32.0,3,34,250.0
T,Offset,2,8.0,3,34,250.0
T,Onset,2,8.0,3,34,250.0
T,Offset,17,68.0,3,34,250.0
P,Onset,0,0.0,3,36,250.0
P,Offset,0,0.0,3,36,250.0
P,Onset,2,8.0,3,36,250.0
P,Offset,-1,-4.0,3,36,250.0
P,Onset,0,0.0,3,36,250.0
P,Offset,-1,-4.0,3,36,250.0
P,Onset,2,8.0,3,36,250.0
P,Offset,-4,-16.0,3,36,250.0
P,Onset,1,4.0,3,36,250.0
P,Offset,-3,-12.0,3,36,250.0
P,Onset,1,4.0,3,36,250.0
P,Offset,-3,-12.0,3,36,250.0
P,Onset,1,4.0,3,36,250.0
P,Offset,-4,-16.0,3,36,250.0
T,Onset,1,4.0,3,36,250.0
T,Offset,-1,-4.0,3,36,250.0
T,Onset,1,4.0,3,36,250.0
T,Offset,0,0.0,3,36,250.0
T,Onset,-1,-4.0,3,36,250.0
T,Offset,-1,-4.0,3,36,250.0
T,Onset,2,8.0,3,36,250.0
T,Offset,1,4.0,3,36,250.0
T,Onset,5,20.0,3,36,250.0
T,Offset,-1,-4.0,3,36,250.0
T,Onset,2,8.0,3,36,250.0
T,Offset,2,8.0,3,36,250.0
T,Onset,5,20.0,3,36,250.0
T,Offset,2,8.0,3,36,250.0
T,Onset,20,80.0,3,38,250.0
T,Offset,-20,-80.0,3,38,250.0
T,Onset,6,24.0,3,38,250.0
T,Offset,-5,-20.0,3,38,250.0
T,Onset,0,0.0,3,38,250.0
T,Offset,-1,-4.0,3,38,250.0
T,Onset,2,8.0,3,38,250.0
T,Offset,-1,-4.0,3,38,250.0
T,Onset,0,0.0,3,38,250.0
T,Offset,2,8.0,3,38,250.0
T,Onset,13,52.0,3,38,250.0
T,Offset,-16,-64.0,3,38,250.0
T,Onset,19,76.0,3,38,250.0
T,Offset,-15,-60.0,3,38,250.0
T,Onset,1,4.0,3,38,250.0
T,Offset,5,20.0,3,38,250.0
T,Onset,5,20.0,3,38,250.0
T,Offset,2,8.0,3,38,250.0
T,Onset,6,24.0,3,38,250.0
T,Offset,3,12.0,3,38,250.0
T,Onset,2,8.0,3,38,250.0
T,Offset,-13,-52.0,3,38,250.0
T,Onset,8,32.0,3,38,250.0
T,Offset,-22,-88.0,3,38,250.0
T,Onset,20,80.0,3,38,250.0
T,Offset,-1,-4.0,3,38,250.0
T,Onset,22,88.0,3,38,250.0
T,Offset,2,8.0,3,38,250.0
P,Onset,0,0.0,3,39,250.0
P,Offset,2,8.0,3,39,250.0
P,Onset,-1,-4.0,3,39,250.0
P,Offset,5,20.0,3,39,250.0
P,Onset,16,64.0,3,39,250.0
P,Offset,1,4.0,3,39,250.0
P,Onset,17,68.0,3,39,250.0
P,Offset,0,0.0,3,39,250.0
P,Onset,2,8.0,3,39,250.0
P,Offset,-28,-112.0,3,39,250.0
P,Onset,40,160.0,3,39,250.0
P,Offset,3,12.0,3,39,250.0
T,Onset,-6,-24.0,3,39,250.0
T,Offset,4,16.0,3,39,250.0
T,Onset,-3,-12.0,3,39,250.0
T,Offset,1,4.0,3,39,250.0
T,Onset,-3,-12.0,3,39,250.0
T,Offset,1,4.0,3,39,250.0
T,Onset,-4,-16.0,3,39,250.0
T,Offset,6,24.0,3,39,250.0
T,Onset,1,4.0,3,39,250.0
T,Offset,2,8.0,3,39,250.0
T,Onset,8,32.0,3,39,250.0
T,Offset,1,4.0,3,39,250.0
P,Onset,1,4.0,3,40,250.0
P,Offset,0,0.0,3,40,250.0
P,Onset,-2,-8.0,3,40,250.0
P,Offset,1,4.0,3,40,250.0
P,Onset,1,4.0,3,40,250.0
P,Offset,-2,-8.0,3,40,250.0
P,Onset,1,4.0,3,40,250.0
P,Offset,-3,-12.0,3,40,250.0
P,Onset,-1,-4.0,3,40,250.0
P,Offset,-2,-8.0,3,40,250.0
P,Onset,0,0.0,3,40,250.0
P,Offset,-3,-12.0,3,40,250.0
P,Onset,1,4.0,3,40,250.0
P,Offset,-4,-16.0,3,40,250.0
P,Onset,0,0.0,3,40,250.0
P,Offset,-4,-16.0,3,40,250.0
T,Onset,0,0.0,3,40,250.0
T,Offset,-1,-4.0,3,40,250.0
T,Onset,1,4.0,3,40,250.0
T,Offset,0,0.0,3,40,250.0
T,Onset,1,4.0,3,40,250.0
T,Offset,-2,-8.0,3,40,250.0
T,Onset,-1,-4.0,3,40,250.0
T,Offset,-2,-8.0,3,40,250.0
T,Onset,2,8.0,3,40,250.0
T,Offset,-5,-20.0,3,40,250.0
T,Onset,4,16.0,3,40,250.0
T,Offset,0,0.0,3,40,250.0
T,Onset,6,24.0,3,40,250.0
T,Offset,-2,-8.0,3,40,250.0
T,Onset,7,28.0,3,40,250.0
T,Offset,-1,-4.0,3,40,250.0
P,Onset,2,8.0,3,41,250.0
P,Offset,-2,-8.0,3,41,250.0
P,Onset,0,0.0,3,41,250.0
P,Offset,-1,-4.0,3,41,250.0
P,Onset,2,8.0,3,41,250.0
P,Offset,-3,-12.0,3,41,250.0
P,Onset,0,0.0,3,41,250.0
P,Offset,-1,-4.0,3,41,250.0
P,Onset,0,0.0,3,41,250.0
P,Offset,-2,-8.0,3,41,250.0
T,Onset,3,12.0,3,41,250.0
T,Offset,-2,-8.0,3,41,250.0
T,Onset,8,32.0,3,41,250.0
T,Offset,-2,-8.0,3,41,250.0
T,Onset,9,36.0,3,41,250.0
T,Offset,0,0.0,3,41,250.0
T,Onset,12,48.0,3,41,250.0
T,Offset,-2,-8.0,3,41,250.0
T,Onset,11,44.0,3,41,250.0
T,Offset,-1,-4.0,3,41,250.0
P,Onset,-1,-4.0,3,42,250.0
P,Offset,1,4.0,3,42,250.0
P,Onset,2,8.0,3,42,250.0
P,Offset,-1,-4.0,3,42,250.0
P,Onset,0,0.0,3,42,250.0
P,Offset,1,4.0,3,42,250.0
P,Onset,-1,-4.0,3,42,250.0
P,Offset,0,0.0,3,42,250.0
P,Onset,-1,-4.0,3,42,250.0
P,Offset,-3,-12.0,3,42,250.0
P,Onset,0,0.0,3,42,250.0
P,Offset,-4,-16.0,3,42,250.0
P,Onset,1,4.0,3,42,250.0
P,Offset,-7,-28.0,3,42,250.0
T,Onset,0,0.0,3,42,250.0
T,Offset,1,4.0,3,42,250.0
T,Onset,2,8.0,3,42,250.0
T,Offset,-5,-20.0,3,42,250.0
T,Onset,7,28.0,3,42,250.0
T,Offset,-2,-8.0,3,42,250.0
T,Onset,6,24.0,3,42,250.0
T,Offset,0,0.0,3,42,250.0
T,Onset,9,36.0,3,42,250.0
T,Offset,-1,-4.0,3,42,250.0
T,Onset,12,48.0,3,42,250.0
T,Offset,-4,-16.0,3,42,250.0
T,Onset,13,52.0,3,42,250.0
T,Offset,-5,-20.0,3,42,250.0
P,Onset,-1,-4.0,3,43,250.0
P,Offset,2,8.0,3,43,250.0
P,Onset,3,12.0,3,43,250.0
P,Offset,1,4.0,3,43,250.0
P,Onset,0,0.0,3,43,250.0
P,Offset,-14,-56.0,3,43,250.0
P,Onset,-1,-4.0,3,43,250.0
P,Offset,-16,-64.0,3,43,250.0
P,Onset,21,84.0,3,43,250.0
P,Offset,-4,-16.0,3,43,250.0
P,Onset,1,4.0,3,43,250.0
P,Offset,-21,-84.0,3,43,250.0
P,Onset,-2,-8.0,3,43,250.0
P,Offset,-18,-72.0,3,43,250.0
T,Onset,-2,-8.0,3,43,250.0
T,Offset,1,4.0,3,43,250.0
T,Onset,4,16.0,3,43,250.0
T,Offset,-1,-4.0,3,43,250.0
T,Onset,0,0.0,3,43,250.0
T,Offset,3,12.0,3,43,250.0
T,Onset,4,16.0,3,43,250.0
T,Offset,-1,-4.0,3,43,250.0
T,Onset,2,8.0,3,43,250.0
T,Offset,2,8.0,3,43,250.0
T,Onset,2,8.0,3,43,250.0
T,Offset,2,8.0,3,43,250.0
T,Onset,1,4.0,3,43,250.0
T,Offset,5,20.0,3,43,250.0
T,Onset,-2,-8.0,3,44,250.0
T,Offset,2,8.0,3,44,250.0
T,Onset,-1,-4.0,3,44,250.0
T,Offset,1,4.0,3,44,250.0
T,Onset,3,12.0,3,44,250.0
T,Offset,-1,-4.0,3,44,250.0
T,Onset,-2,-8.0,3,44,250.0
T,Offset,6,24.0,3,44,250.0
T,Onset,17,68.0,3,44,250.0
T,Offset,-13,-52.0,3,44,250.0
T,Onset,1,4.0,3,44,250.0
T,Offset,-13,-52.0,3,44,250.0
T,Onset,-3,-12.0,3,44,250.0
T,Offset,-11,-44.0,3,44,250.0
T,Onset,-20,-80.0,3,44,250.0
T,Offset,-9,-36.0,3,44,250.0
T,Onset,5,20.0,3,45,250.0
T,Offset,-9,-36.0,3,45,250.0
T,Onset,5,20.0,3,45,250.0
T,Offset,0,0.0,3,45,250.0
T,Onset,3,12.0,3,45,250.0
T,Offset,2,8.0,3,45,250.0
T,Onset,5,20.0,3,45,250.0
T,Offset,1,4.0,3,45,250.0
T,Onset,-7,-28.0,3,45,250.0
T,Offset,0,0.0,3,45,250.0
T,Onset,7,28.0,3,45,250.0
T,Offset,1,4.0,3,45,250.0
T,Onset,26,104.0,3,45,250.0
T,Offset,-3,-12.0,3,45,250.0
P,Onset,2,8.0,3,46,250.0
P,Offset,-2,-8.0,3,46,250.0
P,Onset,2,8.0,3,46,250.0
P,Offset,-3,-12.0,3,46,250.0
P,Onset,1,4.0,3,46,250.0
P,Offset,-3,-12.0,3,46,250.0
P,Onset,0,0.0,3,46,250.0
P,Offset,-2,-8.0,3,46,250.0
P,Onset,2,8.0,3,46,250.0
P,Offset,-4,-16.0,3,46,250.0
P,Onset,1,4.0,3,46,250.0
P,Offset,-3,-12.0,3,46,250.0
P,Onset,1,4.0,3,46,250.0
P,Offset,-7,-28.0,3,46,250.0
T,Onset,3,12.0,3,46,250.0
T,Offset,-2,-8.0,3,46,250.0
T,Onset,2,8.0,3,46,250.0
T,Offset,0,0.0,3,46,250.0
T,Onset,2,8.0,3,46,250.0
T,Offset,0,0.0,3,46,250.0
T,Onset,-1,-4.0,3,46,250.0
T,Offset,-1,-4.0,3,46,250.0
T,Onset,-4,-16.0,3,46,250.0
T,Offset,-1,-4.0,3,46,250.0
T,Onset,8,32.0,3,46,250.0
T,Offset,-3,-12.0,3,46,250.0
T,Onset,9,36.0,3,46,250.0
T,Offset,0,0.0,3,46,250.0
P,Onset,2,8.0,3,47,250.0
P,Offset,-2,-8.0,3,47,250.0
P,Onset,2,8.0,3,47,250.0
P,Offset,-2,-8.0,3,47,250.0
P,Onset,1,4.0,3,47,250.0
P,Offset,1,4.0,3,47,250.0
P,Onset,2,8.0,3,47,250.0
P,Offset,1,4.0,3,47,250.0
P,Onset,6,24.0,3,47,250.0
P,Offset,-3,-12.0,3,47,250.0
T,Onset,3,12.0,3,47,250.0
T,Offset,-2,-8.0,3,47,250.0
T,Onset,0,0.0,3,47,250.0
T,Offset,-2,-8.0,3,47,250.0
T,Onset,1,4.0,3,47,250.0
T,Offset,-4,-16.0,3,47,250.0
T,Onset,8,32.0,3,47,250.0
T,Offset,-2,-8.0,3,47,250.0
T,Onset,11,44.0,3,47,250.0
T,Offset,-4,-16.0,3,47,250.0
P,Onset,2,8.0,3,49,250.0
P,Offset,-2,-8.0,3,49,250.0
P,Onset,1,4.0,3,49,250.0
P,Offset,-1,-4.0,3,49,250.0
P,Onset,1,4.0,3,49,250.0
P,Offset,-1,-4.0,3,49,250.0
P,Onset,0,0.0,3,49,250.0
P,Offset,-1,-4.0,3,49,250.0
P,Onset,0,0.0,3,49,250.0
P,Offset,-1,-4.0,3,49,250.0
P,Onset,1,4.0,3,49,250.0
P,Offset,-3,-12.0,3,49,250.0
P,Onset,1,4.0,3,49,250.0
P,Offset,-4,-16.0,3,49,250.0
T,Onset,7,28.0,3,49,250.0
T,Offset,-1,-4.0,3,49,250.0
T,Onset,9,36.0,3,49,250.0
T,Offset,-1,-4.0,3,49,250.0
T,Onset,11,44.0,3,49,250.0
T,Offset,-3,-12.0,3,49,250.0
T,Onset,11,44.0,3,49,250.0
T,Offset,-1,-4.0,3,49,250.0
T,Onset,12,48.0,3,49,250.0
T,Offset,-1,-4.0,3,49,250.0
T,Onset,18,72.0,3,49,250.0
T,Offset,-1,-4.0,3,49,250.0
T,Onset,5,20.0,3,49,250.0
T,Offset,-23,-92.0,3,49,250.0
P,Onset,2,8.0,3,5,250.0
P,Offset,-2,-8.0,3,5,250.0
P,Onset,2,8.0,3,5,250.0
P,Offset,-1,-4.0,3,5,250.0
P,Onset,0,0.0,3,5,250.0
P,Offset,-1,-4.0,3,5,250.0
P,Onset,-1,-4.0,3,5,250.0
P,Offset,3,12.0,3,5,250.0
P,Onset,1,4.0,3,5,250.0
P,Offset,1,4.0,3,5,250.0
P,Onset,3,12.0,3,5,250.0
P,Offset,1,4.0,3,5,250.0
T,Onset,-1,-4.0,3,5,250.0
T,Offset,1,4.0,3,5,250.0
T,Onset,0,0.0,3,5,250.0
T,Offset,1,4.0,3,5,250.0
T,Onset,-1,-4.0,3,5,250.0
T,Offset,2,8.0,3,5,250.0
T,Onset,0,0.0,3,5,250.0
T,Offset,2,8.0,3,5,250.0
T,Onset,0,0.0,3,5,250.0
T,Offset,2,8.0,3,5,250.0
T,Onset,1,4.0,3,5,250.0
T,Offset,3,12.0,3,5,250.0
P,Onset,0,0.0,3,50,250.0
P,Offset,0,0.0,3,50,250.0
P,Onset,1,4.0,3,50,250.0
P,Offset,0,0.0,3,50,250.0
P,Onset,0,0.0,3,50,250.0
P,Offset,1,4.0,3,50,250.0
P,Onset,2,8.0,3,50,250.0
P,Offset,-4,-16.0,3,50,250.0
P,Onset,-2,-8.0,3,50,250.0
P,Offset,0,0.0,3,50,250.0
P,Onset,-1,-4.0,3,50,250.0
P,Offset,-2,-8.0,3,50,250.0
P,Onset,7,28.0,3,50,250.0
P,Offset,0,0.0,3,50,250.0
P,Onset,0,0.0,3,50,250.0
P,Offset,-17,-68.0,3,50,250.0
T,Onset,-1,-4.0,3,50,250.0
T,Offset,1,4.0,3,50,250.0
T,Onset,-1,-4.0,3,50,250.0
T,Offset,-2,-8.0,3,50,250.0
T,Onset,-2,-8.0,3,50,250.0
T,Offset,6,24.0,3,50,250.0
T,Onset,2,8.0,3,50,250.0
T,Offset,3,12.0,3,50,250.0
T,Onset,1,4.0,3,50,250.0
T,Offset,4,16.0,3,50,250.0
T,Onset,7,28.0,3,50,250.0
T,Offset,2,8.0,3,50,250.0
T,Onset,9,36.0,3,50,250.0
T,Offset,1,4.0,3,50,250.0
T,Onset,8,32.0,3,50,250.0
T,Offset,2,8.0,3,50,250.0
T,Onset,0,0.0,3,51,250.0
T,Offset,0,0.0,3,51,250.0
T,Onset,-1,-4.0,3,51,250.0
T,Offset,0,0.0,3,51,250.0
T,Onset,1,4.0,3,51,250.0
T,Offset,0,0.0,3,51,250.0
T,Onset,-1,-4.0,3,51,250.0
T,Offset,-1,-4.0,3,51,250.0
T,Onset,2,8.0,3,51,250.0
T,Offset,1,4.0,3,51,250.0
T,Onset,-2,-8.0,3,51,250.0
T,Offset,-1,-4.0,3,51,250.0
T,Onset,20,80.0,3,52,250.0
T,Offset,-18,-72.0,3,52,250.0
T,Onset,1,4.0,3,52,250.0
T,Offset,-4,-16.0,3,52,250.0
T,Onset,7,28.0,3,52,250.0
T,Offset,1,4.0,3,52,250.0
T,Onset,7,28.0,3,52,250.0
T,Offset,2,8.0,3,52,250.0
T,Onset,36,144.0,3,52,250.0
T,Offset,-6,-24.0,3,52,250.0
T,Onset,2,8.0,3,52,250.0
T,Offset,-33,-132.0,3,52,250.0
T,Onset,-20,-80.0,3,52,250.0
T,Offset,-19,-76.0,3,52,250.0
P,Onset,2,8.0,3,53,250.0
P,Offset,-2,-8.0,3,53,250.0
P,Onset,2,8.0,3,53,250.0
P,Offset,-1,-4.0,3,53,250.0
P,Onset,4,16.0,3,53,250.0
P,Offset,-3,-12.0,3,53,250.0
P,Onset,0,0.0,3,53,250.0
P,Offset,-1,-4.0,3,53,250.0
P,Onset,1,4.0,3,53,250.0
P,Offset,-3,-12.0,3,53,250.0
P,Onset,-1,-4.0,3,53,250.0
P,Offset,-2,-8.0,3,53,250.0
P,Onset,5,20.0,3,53,250.0
P,Offset,-2,-8.0,3,53,250.0
P,Onset,1,4.0,3,53,250.0
P,Offset,-5,-20.0,3,53,250.0
T,Onset,2,8.0,3,53,250.0
T,Offset,-3,-12.0,3,53,250.0
T,Onset,1,4.0,3,53,250.0
T,Offset,0,0.0,3,53,250.0
T,Onset,-2,-8.0,3,53,250.0
T,Offset,0,0.0,3,53,250.0
T,Onset,2,8.0,3,53,250.0
T,Offset,0,0.0,3,53,250.0
T,Onset,0,0.0,3,53,250.0
T,Offset,-2,-8.0,3,53,250.0
T,Onset,-3,-12.0,3,53,250.0
T,Offset,0,0.0,3,53,250.0
T,Onset,-2,-8.0,3,53,250.0
T,Offset,-2,-8.0,3,53,250.0
T,Onset,-1,-4.0,3,53,250.0
T,Offset,-4,-16.0,3,53,250.0
P,Onset,1,4.0,3,55,250.0
P,Offset,-1,-4.0,3,55,250.0
P,Onset,1,4.0,3,55,250.0
P,Offset,-1,-4.0,3,55,250.0
P,Onset,3,12.0,3,55,250.0
P,Offset,-2,-8.0,3,55,250.0
P,Onset,2,8.0,3,55,250.0
P,Offset,-1,-4.0,3,55,250.0
P,Onset,4,16.0,3,55,250.0
P,Offset,-1,-4.0,3,55,250.0
P,Onset,2,8.0,3,55,250.0
P,Offset,1,4.0,3,55,250.0
P,Onset,4,16.0,3,55,250.0
P,Offset,-1,-4.0,3,55,250.0
T,Onset,25,100.0,3,55,250.0
T,Offset,-10,-40.0,3,55,250.0
T,Onset,20,80.0,3,55,250.0
T,Offset,-5,-20.0,3,55,250.0
T,Onset,19,76.0,3,55,250.0
T,Offset,-3,-12.0,3,55,250.0
T,Onset,20,80.0,3,55,250.0
T,Offset,-1,-4.0,3,55,250.0
T,Onset,-23,-92.0,3,55,250.0
T,Offset,0,0.0,3,55,250.0
T,Onset,-14,-56.0,3,55,250.0
T,Offset,-11,-44.0,3,55,250.0
T,Onset,-21,-84.0,3,55,250.0
T,Offset,-19,-76.0,3,55,250.0
P,Onset,9,36.0,3,56,250.0
P,Offset,-5,-20.0,3,56,250.0
P,Onset,1,4.0,3,56,250.0
P,Offset,-9,-36.0,3,56,250.0
P,Onset,1,4.0,3,56,250.0
P,Offset,-13,-52.0,3,56,250.0
P,Onset,0,0.0,3,56,250.0
P,Offset,-13,-52.0,3,56,250.0
T,Onset,-2,-8.0,3,56,250.0
T,Offset,1,4.0,3,56,250.0
T,Onset,2,8.0,3,56,250.0
T,Offset,-1,-4.0,3,56,250.0
T,Onset,-3,-12.0,3,56,250.0
T,Offset,1,4.0,3,56,250.0
T,Onset,4,16.0,3,56,250.0
T,Offset,-2,-8.0,3,56,250.0
T,Onset,-6,-24.0,3,56,250.0
T,Offset,4,16.0,3,56,250.0
T,Onset,-6,-24.0,3,56,250.0
T,Offset,4,16.0,3,56,250.0
T,Onset,-5,-20.0,3,56,250.0
T,Offset,2,8.0,3,56,250.0
T,Onset,5,20.0,3,56,250.0
T,Offset,5,20.0,3,56,250.0
T,Onset,-10,-40.0,3,56,250.0
T,Offset,-2,-8.0,3,56,250.0
T,Onset,14,56.0,3,56,250.0
T,Offset,-1,-4.0,3,56,250.0
P,Onset,1,4.0,3,57,250.0
P,Offset,-1,-4.0,3,57,250.0
P,Onset,1,4.0,3,57,250.0
P,Offset,-1,-4.0,3,57,250.0
P,Onset,1,4.0,3,57,250.0
P,Offset,-2,-8.0,3,57,250.0
P,Onset,1,4.0,3,57,250.0
P,Offset,0,0.0,3,57,250.0
P,Onset,1,4.0,3,57,250.0
P,Offset,0,0.0,3,57,250.0
P,Onset,1,4.0,3,57,250.0
P,Offset,-2,-8.0,3,57,250.0
P,Onset,1,4.0,3,57,250.0
P,Offset,0,0.0,3,57,250.0
P,Onset,1,4.0,3,57,250.0
P,Offset,0,0.0,3,57,250.0
P,Onset,0,0.0,3,57,250.0
P,Offset,1,4.0,3,57,250.0
P,Onset,2,8.0,3,57,250.0
P,Offset,1,4.0,3,57,250.0
P,Onset,3,12.0,3,57,250.0
P,Offset,1,4.0,3,57,250.0
P,Onset,5,20.0,3,57,250.0
P,Offset,1,4.0,3,57,250.0
T,Onset,6,24.0,3,57,250.0
T,Offset,-2,-8.0,3,57,250.0
T,Onset,10,40.0,3,57,250.0
T,Offset,-5,-20.0,3,57,250.0
T,Onset,4,16.0,3,57,250.0
T,Offset,-9,-36.0,3,57,250.0
T,Onset,15,60.0,3,57,250.0
T,Offset,-25,-100.0,3,57,250.0
T,Onset,15,60.0,3,57,250.0
T,Offset,-30,-120.0,3,57,250.0
T,Onset,7,28.0,3,57,250.0
T,Offset,-24,-96.0,3,57,250.0
T,Onset,6,24.0,3,57,250.0
T,Offset,-24,-96.0,3,57,250.0
T,Onset,9,36.0,3,57,250.0
T,Offset,-28,-112.0,3,57,250.0
T,Onset,11,44.0,3,57,250.0
T,Offset,-32,-128.0,3,57,250.0
T,Onset,4,16.0,3,57,250.0
T,Offset,-26,-104.0,3,57,250.0
T,Onset,2,8.0,3,57,250.0
T,Offset,-26,-104.0,3,57,250.0
T,Onset,2,8.0,3,57,250.0
T,Offset,-30,-120.0,3,57,250.0
P,Onset,1,4.0,3,58,250.0
P,Offset,-1,-4.0,3,58,250.0
P,Onset,-2,-8.0,3,58,250.0
P,Offset,3,12.0,3,58,250.0
P,Onset,2,8.0,3,58,250.0
P,Offset,-1,-4.0,3,58,250.0
P,Onset,1,4.0,3,58,250.0
P,Offset,0,0.0,3,58,250.0
P,Onset,1,4.0,3,58,250.0
P,Offset,-3,-12.0,3,58,250.0
P,Onset,1,4.0,3,58,250.0
P,Offset,-3,-12.0,3,58,250.0
P,Onset,1,4.0,3,58,250.0
P,Offset,-4,-16.0,3,58,250.0
P,Onset,1,4.0,3,58,250.0
P,Offset,-5,-20.0,3,58,250.0
P,Onset,1,4.0,3,58,250.0
P,Offset,-6,-24.0,3,58,250.0
T,Onset,-3,-12.0,3,58,250.0
T,Offset,3,12.0,3,58,250.0
T,Onset,-3,-12.0,3,58,250.0
T,Offset,2,8.0,3,58,250.0
T,Onset,0,0.0,3,58,250.0
T,Offset,-1,-4.0,3,58,250.0
T,Onset,2,8.0,3,58,250.0
T,Offset,-1,-4.0,3,58,250.0
T,Onset,-3,-12.0,3,58,250.0
T,Offset,6,24.0,3,58,250.0
T,Onset,-6,-24.0,3,58,250.0
T,Offset,3,12.0,3,58,250.0
T,Onset,-6,-24.0,3,58,250.0
T,Offset,2,8.0,3,58,250.0
T,Onset,-6,-24.0,3,58,250.0
T,Offset,-2,-8.0,3,58,250.0
T,Onset,3,12.0,3,58,250.0
T,Offset,7,28.0,3,58,250.0
P,Onset,-1,-4.0,3,59,250.0
P,Offset,1,4.0,3,59,250.0
P,Onset,-3,-12.0,3,59,250.0
P,Offset,-1,-4.0,3,59,250.0
P,Onset,10,40.0,3,59,250.0
P,Offset,-3,-12.0,3,59,250.0
P,Onset,1,4.0,3,59,250.0
P,Offset,-13,-52.0,3,59,250.0
P,Onset,19,76.0,3,59,250.0
P,Offset,-4,-16.0,3,59,250.0
T,Onset,-3,-12.0,3,59,250.0
T,Offset,3,12.0,3,59,250.0
T,Onset,-3,-12.0,3,59,250.0
T,Offset,2,8.0,3,59,250.0
T,Onset,-2,-8.0,3,59,250.0
T,Offset,5,20.0,3,59,250.0
T,Onset,5,20.0,3,59,250.0
T,Offset,-19,-76.0,3,59,250.0
T,Onset,35,140.0,3,59,250.0
T,Offset,0,0.0,3,59,250.0
P,Onset,0,0.0,3,6,250.0
P,Offset,0,0.0,3,6,250.0
P,Onset,-1,-4.0,3,6,250.0
P,Offset,1,4.0,3,6,250.0
P,Onset,-1,-4.0,3,6,250.0
P,Offset,0,0.0,3,6,250.0
P,Onset,0,0.0,3,6,250.0
P,Offset,-3,-12.0,3,6,250.0
P,Onset,-2,-8.0,3,6,250.0
P,Offset,-1,-4.0,3,6,250.0
P,Onset,3,12.0,3,6,250.0
P,Offset,0,0.0,3,6,250.0
T,Onset,-2,-8.0,3,6,250.0
T,Offset,2,8.0,3,6,250.0
T,Onset,-1,-4.0,3,6,250.0
T,Offset,0,0.0,3,6,250.0
T,Onset,8,32.0,3,6,250.0
T,Offset,-10,-40.0,3,6,250.0
T,Onset,-3,-12.0,3,6,250.0
T,Offset,-1,-4.0,3,6,250.0
T,Onset,-6,-24.0,3,6,250.0
T,Offset,1,4.0,3,6,250.0
T,Onset,3,12.0,3,6,250.0
T,Offset,-10,-40.0,3,6,250.0
P,Onset,-2,-8.0,3,60,250.0
P,Offset,-20,-80.0,3,60,250.0
P,Onset,-1,-4.0,3,60,250.0
P,Offset,-22,-88.0,3,60,250.0
T,Onset,-3,-12.0,3,60,250.0
T,Offset,2,8.0,3,60,250.0
T,Onset,-5,-20.0,3,60,250.0
T,Offset,4,16.0,3,60,250.0
T,Onset,-2,-8.0,3,60,250.0
T,Offset,4,16.0,3,60,250.0
T,Onset,-1,-4.0,3,60,250.0
T,Offset,3,12.0,3,60,250.0
T,Onset,-3,-12.0,3,60,250.0
T,Offset,-1,-4.0,3,60,250.0
T,Onset,-6,-24.0,3,60,250.0
T,Offset,1,4.0,3,60,250.0
T,Onset,-5,-20.0,3,60,250.0
T,Offset,-2,-8.0,3,60,250.0
P,Onset,1,4.0,3,61,250.0
P,Offset,-1,-4.0,3,61,250.0
P,Onset,6,24.0,3,61,250.0
P,Offset,-6,-24.0,3,61,250.0
P,Onset,2,8.0,3,61,250.0
P,Offset,-1,-4.0,3,61,250.0
P,Onset,2,8.0,3,61,250.0
P,Offset,-1,-4.0,3,61,250.0
P,Onset,2,8.0,3,61,250.0
P,Offset,-4,-16.0,3,61,250.0
P,Onset,4,16.0,3,61,250.0
P,Offset,-1,-4.0,3,61,250.0
P,Onset,1,4.0,3,61,250.0
P,Offset,-9,-36.0,3,61,250.0
P,Onset,10,40.0,3,61,250.0
P,Offset,0,0.0,3,61,250.0
T,Onset,3,12.0,3,61,250.0
T,Offset,-3,-12.0,3,61,250.0
T,Onset,5,20.0,3,61,250.0
T,Offset,-14,-56.0,3,61,250.0
T,Onset,8,32.0,3,61,250.0
T,Offset,-18,-72.0,3,61,250.0
T,Onset,4,16.0,3,61,250.0
T,Offset,-15,-60.0,3,61,250.0
T,Onset,4,16.0,3,61,250.0
T,Offset,-20,-80.0,3,61,250.0
T,Onset,3,12.0,3,61,250.0
T,Offset,-21,-84.0,3,61,250.0
T,Onset,6,24.0,3,61,250.0
T,Offset,-26,-104.0,3,61,250.0
T,Onset,2,8.0,3,61,250.0
T,Offset,-29,-116.0,3,61,250.0
P,Onset,1,4.0,3,62,250.0
P,Offset,0,0.0,3,62,250.0
P,Onset,-1,-4.0,3,62,250.0
P,Offset,0,0.0,3,62,250.0
P,Onset,-1,-4.0,3,62,250.0
P,Offset,-1,-4.0,3,62,250.0
P,Onset,4,16.0,3,62,250.0
P,Offset,-2,-8.0,3,62,250.0
P,Onset,1,4.0,3,62,250.0
P,Offset,-5,-20.0,3,62,250.0
P,Onset,-2,-8.0,3,62,250.0
P,Offset,-2,-8.0,3,62,250.0
P,Onset,-1,-4.0,3,62,250.0
P,Offset,-3,-12.0,3,62,250.0
P,Onset,-1,-4.0,3,62,250.0
P,Offset,-7,-28.0,3,62,250.0
T,Onset,1,4.0,3,62,250.0
T,Offset,-1,-4.0,3,62,250.0
T,Onset,0,0.0,3,62,250.0
T,Offset,0,0.0,3,62,250.0
T,Onset,1,4.0,3,62,250.0
T,Offset,0,0.0,3,62,250.0
T,Onset,4,16.0,3,62,250.0
T,Offset,-3,-12.0,3,62,250.0
T,Onset,0,0.0,3,62,250.0
T,Offset,-2,-8.0,3,62,250.0
T,Onset,-2,-8.0,3,62,250.0
T,Offset,-1,-4.0,3,62,250.0
T,Onset,1,4.0,3,62,250.0
T,Offset,5,20.0,3,62,250.0
T,Onset,7,28.0,3,62,250.0
T,Offset,-1,-4.0,3,62,250.0
P,Onset,2,8.0,3,63,250.0
P,Offset,-2,-8.0,3,63,250.0
P,Onset,2,8.0,3,63,250.0
P,Offset,-3,-12.0,3,63,250.0
P,Onset,1,4.0,3,63,250.0
P,Offset,-2,-8.0,3,63,250.0
P,Onset,3,12.0,3,63,250.0
P,Offset,-4,-16.0,3,63,250.0
P,Onset,1,4.0,3,63,250.0
P,Offset,0,0.0,3,63,250.0
P,Onset,2,8.0,3,63,250.0
P,Offset,-4,-16.0,3,63,250.0
P,Onset,2,8.0,3,63,250.0
P,Offset,-4,-16.0,3,63,250.0
P,Onset,1,4.0,3,63,250.0
P,Offset,-4,-16.0,3,63,250.0
P,Onset,2,8.0,3,63,250.0
P,Offset,-5,-20.0,3,63,250.0
T,Onset,3,12.0,3,63,250.0
T,Offset,-1,-4.0,3,63,250.0
T,Onset,5,20.0,3,63,250.0
T,Offset,-2,-8.0,3,63,250.0
T,Onset,6,24.0,3,63,250.0
T,Offset,-3,-12.0,3,63,250.0
T,Onset,7,28.0,3,63,250.0
T,Offset,-3,-12.0,3,63,250.0
T,Onset,7,28.0,3,63,250.0
T,Offset,-2,-8.0,3,63,250.0
T,Onset,8,32.0,3,63,250.0
T,Offset,-2,-8.0,3,63,250.0
T,Onset,10,40.0,3,63,250.0
T,Offset,-3,-12.0,3,63,250.0
T,Onset,9,36.0,3,63,250.0
T,Offset,-2,-8.0,3,63,250.0
T,Onset,10,40.0,3,63,250.0
T,Offset,-3,-12.0,3,63,250.0
P,Onset,1,4.0,3,64,250.0
P,Offset,-1,-4.0,3,64,250.0
P,Onset,1,4.0,3,64,250.0
P,Offset,-1,-4.0,3,64,250.0
P,Onset,1,4.0,3,64,250.0
P,Offset,-1,-4.0,3,64,250.0
P,Onset,1,4.0,3,64,250.0
P,Offset,-2,-8.0,3,64,250.0
P,Onset,1,4.0,3,64,250.0
P,Offset,-2,-8.0,3,64,250.0
P,Onset,0,0.0,3,64,250.0
P,Offset,-2,-8.0,3,64,250.0
P,Onset,1,4.0,3,64,250.0
P,Offset,1,4.0,3,64,250.0
P,Onset,1,4.0,3,64,250.0
P,Offset,3,12.0,3,64,250.0
T,Onset,2,8.0,3,64,250.0
T,Offset,-1,-4.0,3,64,250.0
T,Onset,1,4.0,3,64,250.0
T,Offset,0,0.0,3,64,250.0
T,Onset,2,8.0,3,64,250.0
T,Offset,0,0.0,3,64,250.0
T,Onset,3,12.0,3,64,250.0
T,Offset,-1,-4.0,3,64,250.0
T,Onset,-1,-4.0,3,64,250.0
T,Offset,3,12.0,3,64,250.0
T,Onset,-2,-8.0,3,64,250.0
T,Offset,-1,-4.0,3,64,250.0
T,Onset,5,20.0,3,64,250.0
T,Offset,-1,-4.0,3,64,250.0
T,Onset,6,24.0,3,64,250.0
T,Offset,0,0.0,3,64,250.0
P,Onset,1,4.0,3,65,250.0
P,Offset,-1,-4.0,3,65,250.0
P,Onset,1,4.0,3,65,250.0
P,Offset,-1,-4.0,3,65,250.0
P,Onset,0,0.0,3,65,250.0
P,Offset,-2,-8.0,3,65,250.0
P,Onset,1,4.0,3,65,250.0
P,Offset,1,4.0,3,65,250.0
P,Onset,1,4.0,3,65,250.0
P,Offset,-3,-12.0,3,65,250.0
P,Onset,1,4.0,3,65,250.0
P,Offset,1,4.0,3,65,250.0
P,Onset,2,8.0,3,65,250.0
P,Offset,1,4.0,3,65,250.0
P,Onset,4,16.0,3,65,250.0
P,Offset,0,0.0,3,65,250.0
P,Onset,0,0.0,3,65,250.0
P,Offset,4,16.0,3,65,250.0
P,Onset,8,32.0,3,65,250.0
P,Offset,-4,-16.0,3,65,250.0
P,Onset,8,32.0,3,65,250.0
P,Offset,-2,-8.0,3,65,250.0
T,Onset,1,4.0,3,65,250.0
T,Offset,1,4.0,3,65,250.0
T,Onset,3,12.0,3,65,250.0
T,Offset,1,4.0,3,65,250.0
T,Onset,15,60.0,3,65,250.0
T,Offset,-22,-88.0,3,65,250.0
T,Onset,9,36.0,3,65,250.0
T,Offset,1,4.0,3,65,250.0
T,Onset,13,52.0,3,65,250.0
T,Offset,-1,-4.0,3,65,250.0
T,Onset,14,56.0,3,65,250.0
T,Offset,1,4.0,3,65,250.0
T,Onset,16,64.0,3,65,250.0
T,Offset,2,8.0,3,65,250.0
T,Onset,20,80.0,3,65,250.0
T,Offset,0,0.0,3,65,250.0
T,Onset,22,88.0,3,65,250.0
T,Offset,-2,-8.0,3,65,250.0
T,Onset,22,88.0,3,65,250.0
T,Offset,1,4.0,3,65,250.0
T,Onset,27,108.0,3,65,250.0
T,Offset,2,8.0,3,65,250.0
P,Onset,1,4.0,3,66,250.0
P,Offset,0,0.0,3,66,250.0
P,Onset,-1,-4.0,3,66,250.0
P,Offset,2,8.0,3,66,250.0
P,Onset,-3,-12.0,3,66,250.0
P,Offset,2,8.0,3,66,250.0
P,Onset,1,4.0,3,66,250.0
P,Offset,1,4.0,3,66,250.0
P,Onset,0,0.0,3,66,250.0
P,Offset,-10,-40.0,3,66,250.0
T,Onset,3,12.0,3,66,250.0
T,Offset,-1,-4.0,3,66,250.0
T,Onset,3,12.0,3,66,250.0
T,Offset,-1,-4.0,3,66,250.0
T,Onset,1,4.0,3,66,250.0
T,Offset,1,4.0,3,66,250.0
T,Onset,4,16.0,3,66,250.0
T,Offset,-1,-4.0,3,66,250.0
T,Onset,6,24.0,3,66,250.0
T,Offset,3,12.0,3,66,250.0
P,Onset,1,4.0,3,67,250.0
P,Offset,-1,-4.0,3,67,250.0
P,Onset,1,4.0,3,67,250.0
P,Offset,-1,-4.0,3,67,250.0
P,Onset,0,0.0,3,67,250.0
P,Offset,0,0.0,3,67,250.0
P,Onset,1,4.0,3,67,250.0
P,Offset,0,0.0,3,67,250.0
P,Onset,1,4.0,3,67,250.0
P,Offset,0,0.0,3,67,250.0
P,Onset,-2,-8.0,3,67,250.0
P,Offset,1,4.0,3,67,250.0
T,Onset,8,32.0,3,67,250.0
T,Offset,-6,-24.0,3,67,250.0
T,Onset,10,40.0,3,67,250.0
T,Offset,-7,-28.0,3,67,250.0
T,Onset,9,36.0,3,67,250.0
T,Offset,-12,-48.0,3,67,250.0
T,Onset,6,24.0,3,67,250.0
T,Offset,-2,-8.0,3,67,250.0
T,Onset,9,36.0,3,67,250.0
T,Offset,-4,-16.0,3,67,250.0
T,Onset,15,60.0,3,67,250.0
T,Offset,-2,-8.0,3,67,250.0
P,Onset,1,4.0,3,68,250.0
P,Offset,-1,-4.0,3,68,250.0
P,Onset,3,12.0,3,68,250.0
P,Offset,-3,-12.0,3,68,250.0
P,Onset,3,12.0,3,68,250.0
P,Offset,-2,-8.0,3,68,250.0
P,Onset,2,8.0,3,68,250.0
P,Offset,-3,-12.0,3,68,250.0
P,Onset,2,8.0,3,68,250.0
P,Offset,-3,-12.0,3,68,250.0
P,Onset,0,0.0,3,68,250.0
P,Offset,-1,-4.0,3,68,250.0
P,Onset,1,4.0,3,68,250.0
P,Offset,-3,-12.0,3,68,250.0
P,Onset,3,12.0,3,68,250.0
P,Offset,0,0.0,3,68,250.0
T,Onset,3,12.0,3,68,250.0
T,Offset,-4,-16.0,3,68,250.0
T,Onset,5,20.0,3,68,250.0
T,Offset,-4,-16.0,3,68,250.0
T,Onset,2,8.0,3,68,250.0
T,Offset,-4,-16.0,3,68,250.0
T,Onset,5,20.0,3,68,250.0
T,Offset,-8,-32.0,3,68,250.0
T,Onset,3,12.0,3,68,250.0
T,Offset,-6,-24.0,3,68,250.0
T,Onset,1,4.0,3,68,250.0
T,Offset,-4,-16.0,3,68,250.0
T,Onset,3,12.0,3,68,250.0
T,Offset,-7,-28.0,3,68,250.0
T,Onset,-1,-4.0,3,68,250.0
T,Offset,-5,-20.0,3,68,250.0
P,Onset,0,0.0,3,69,250.0
P,Offset,0,0.0,3,69,250.0
P,Onset,1,4.0,3,69,250.0
P,Offset,-1,-4.0,3,69,250.0
P,Onset,1,4.0,3,69,250.0
P,Offset,-2,-8.0,3,69,250.0
P,Onset,2,8.0,3,69,250.0
P,Offset,-3,-12.0,3,69,250.0
P,Onset,1,4.0,3,69,250.0
P,Offset,-2,-8.0,3,69,250.0
P,Onset,2,8.0,3,69,250.0
P,Offset,-1,-4.0,3,69,250.0
P,Onset,-2,-8.0,3,69,250.0
P,Offset,0,0.0,3,69,250.0
P,Onset,-1,-4.0,3,69,250.0
P,Offset,-1,-4.0,3,69,250.0
P,Onset,0,0.0,3,69,250.0
P,Offset,-2,-8.0,3,69,250.0
P,Onset,-1,-4.0,3,69,250.0
P,Offset,-2,-8.0,3,69,250.0
T,Onset,3,12.0,3,69,250.0
T,Offset,-3,-12.0,3,69,250.0
T,Onset,1,4.0,3,69,250.0
T,Offset,0,0.0,3,69,250.0
T,Onset,5,20.0,3,69,250.0
T,Offset,-4,-16.0,3,69,250.0
T,Onset,4,16.0,3,69,250.0
T,Offset,-5,-20.0,3,69,250.0
T,Onset,3,12.0,3,69,250.0
T,Offset,-4,-16.0,3,69,250.0
T,Onset,1,4.0,3,69,250.0
T,Offset,-3,-12.0,3,69,250.0
T,Onset,3,12.0,3,69,250.0
T,Offset,-1,-4.0,3,69,250.0
T,Onset,5,20.0,3,69,250.0
T,Offset,-2,-8.0,3,69,250.0
T,Onset,5,20.0,3,69,250.0
T,Offset,-1,-4.0,3,69,250.0
T,Onset,-1,-4.0,3,69,250.0
T,Offset,-4,-16.0,3,69,250.0
P,Onset,2,8.0,3,7,250.0
P,Offset,-4,-16.0,3,7,250.0
P,Onset,2,8.0,3,7,250.0
P,Offset,-5,-20.0,3,7,250.0
P,Onset,0,0.0,3,7,250.0
P,Offset,-5,-20.0,3,7,250.0
P,Onset,1,4.0,3,7,250.0
P,Offset,-7,-28.0,3,7,250.0
P,Onset,1,4.0,3,7,250.0
P,Offset,-8,-32.0,3,7,250.0
P,Onset,0,0.0,3,7,250.0
P,Offset,-8,-32.0,3,7,250.0
P,Onset,0,0.0,3,7,250.0
P,Offset,-12,-48.0,3,7,250.0
T,Onset,0,0.0,3,7,250.0
T,Offset,1,4.0,3,7,250.0
T,Onset,-2,-8.0,3,7,250.0
T,Offset,3,12.0,3,7,250.0
T,Onset,-1,-4.0,3,7,250.0
T,Offset,-1,-4.0,3,7,250.0
T,Onset,3,12.0,3,7,250.0
T,Offset,2,8.0,3,7,250.0
T,Onset,1,4.0,3,7,250.0
T,Offset,5,20.0,3,7,250.0
T,Onset,6,24.0,3,7,250.0
T,Offset,3,12.0,3,7,250.0
T,Onset,13,52.0,3,7,250.0
T,Offset,0,0.0,3,7,250.0
P,Onset,0,0.0,3,70,250.0
P,Offset,-1,-4.0,3,70,250.0
P,Onset,1,4.0,3,70,250.0
P,Offset,0,0.0,3,70,250.0
P,Onset,0,0.0,3,70,250.0
P,Offset,-1,-4.0,3,70,250.0
P,Onset,0,0.0,3,70,250.0
P,Offset,-1,-4.0,3,70,250.0
P,Onset,0,0.0,3,70,250.0
P,Offset,-2,-8.0,3,70,250.0
P,Onset,-2,-8.0,3,70,250.0
P,Offset,-1,-4.0,3,70,250.0
P,Onset,-1,-4.0,3,70,250.0
P,Offset,-2,-8.0,3,70,250.0
P,Onset,8,32.0,3,70,250.0
P,Offset,-2,-8.0,3,70,250.0
P,Onset,8,32.0,3,70,250.0
P,Offset,-2,-8.0,3,70,250.0
P,Onset,9,36.0,3,70,250.0
P,Offset,-2,-8.0,3,70,250.0
P,Onset,9,36.0,3,70,250.0
P,Offset,-2,-8.0,3,70,250.0
P,Onset,6,24.0,3,70,250.0
P,Offset,1,4.0,3,70,250.0
T,Onset,1,4.0,3,70,250.0
T,Offset,0,0.0,3,70,250.0
T,Onset,-3,-12.0,3,70,250.0
T,Offset,1,4.0,3,70,250.0
T,Onset,-1,-4.0,3,70,250.0
T,Offset,-1,-4.0,3,70,250.0
T,Onset,3,12.0,3,70,250.0
T,Offset,-1,-4.0,3,70,250.0
T,Onset,5,20.0,3,70,250.0
T,Offset,-1,-4.0,3,70,250.0
T,Onset,5,20.0,3,70,250.0
T,Offset,-1,-4.0,3,70,250.0
T,Onset,7,28.0,3,70,250.0
T,Offset,-3,-12.0,3,70,250.0
T,Onset,6,24.0,3,70,250.0
T,Offset,0,0.0,3,70,250.0
T,Onset,6,24.0,3,70,250.0
T,Offset,0,0.0,3,70,250.0
T,Onset,6,24.0,3,70,250.0
T,Offset,0,0.0,3,70,250.0
T,Onset,6,24.0,3,70,250.0
T,Offset,0,0.0,3,70,250.0
T,Onset,2,8.0,3,70,250.0
T,Offset,-19,-76.0,3,70,250.0
P,Onset,-1,-4.0,3,71,250.0
P,Offset,1,4.0,3,71,250.0
P,Onset,0,0.0,3,71,250.0
P,Offset,0,0.0,3,71,250.0
P,Onset,0,0.0,3,71,250.0
P,Offset,0,0.0,3,71,250.0
P,Onset,0,0.0,3,71,250.0
P,Offset,0,0.0,3,71,250.0
P,Onset,-1,-4.0,3,71,250.0
P,Offset,1,4.0,3,71,250.0
P,Onset,-1,-4.0,3,71,250.0
P,Offset,2,8.0,3,71,250.0
P,Onset,-2,-8.0,3,71,250.0
P,Offset,0,0.0,3,71,250.0
T,Onset,1,4.0,3,71,250.0
T,Offset,-1,-4.0,3,71,250.0
T,Onset,9,36.0,3,71,250.0
T,Offset,-11,-44.0,3,71,250.0
T,Onset,-4,-16.0,3,71,250.0
T,Offset,-1,-4.0,3,71,250.0
T,Onset,-8,-32.0,3,71,250.0
T,Offset,3,12.0,3,71,250.0
T,Onset,-2,-8.0,3,71,250.0
T,Offset,-13,-52.0,3,71,250.0
T,Onset,26,104.0,3,71,250.0
T,Offset,-8,-32.0,3,71,250.0
T,Onset,-4,-16.0,3,71,250.0
T,Offset,-23,-92.0,3,71,250.0
P,Onset,14,56.0,3,72,250.0
P,Offset,-19,-76.0,3,72,250.0
P,Onset,6,24.0,3,72,250.0
P,Offset,-13,-52.0,3,72,250.0
P,Onset,3,12.0,3,72,250.0
P,Offset,-15,-60.0,3,72,250.0
P,Onset,3,12.0,3,72,250.0
P,Offset,-15,-60.0,3,72,250.0
P,Onset,11,44.0,3,72,250.0
P,Offset,2,8.0,3,72,250.0
P,Onset,15,60.0,3,72,250.0
P,Offset,-1,-4.0,3,72,250.0
P,Onset,3,12.0,3,72,250.0
P,Offset,-27,-108.0,3,72,250.0
T,Onset,3,12.0,3,72,250.0
T,Offset,-3,-12.0,3,72,250.0
T,Onset,4,16.0,3,72,250.0
T,Offset,0,0.0,3,72,250.0
T,Onset,5,20.0,3,72,250.0
T,Offset,0,0.0,3,72,250.0
T,Onset,4,16.0,3,72,250.0
T,Offset,1,4.0,3,72,250.0
T,Onset,7,28.0,3,72,250.0
T,Offset,-1,-4.0,3,72,250.0
T,Onset,6,24.0,3,72,250.0
T,Offset,0,0.0,3,72,250.0
T,Onset,8,32.0,3,72,250.0
T,Offset,1,4.0,3,72,250.0
P,Onset,2,8.0,3,73,250.0
P,Offset,-2,-8.0,3,73,250.0
P,Onset,1,4.0,3,73,250.0
P,Offset,-1,-4.0,3,73,250.0
P,Onset,1,4.0,3,73,250.0
P,Offset,0,0.0,3,73,250.0
P,Onset,0,0.0,3,73,250.0
P,Offset,-1,-4.0,3,73,250.0
P,Onset,-1,-4.0,3,73,250.0
P,Offset,-1,-4.0,3,73,250.0
P,Onset,1,4.0,3,73,250.0
P,Offset,-3,-12.0,3,73,250.0
P,Onset,-1,-4.0,3,73,250.0
P,Offset,-1,-4.0,3,73,250.0
T,Onset,0,0.0,3,73,250.0
T,Offset,0,0.0,3,73,250.0
T,Onset,1,4.0,3,73,250.0
T,Offset,-1,-4.0,3,73,250.0
T,Onset,0,0.0,3,73,250.0
T,Offset,2,8.0,3,73,250.0
T,Onset,-1,-4.0,3,73,250.0
T,Offset,-1,-4.0,3,73,250.0
T,Onset,-2,-8.0,3,73,250.0
T,Offset,-2,-8.0,3,73,250.0
T,Onset,5,20.0,3,73,250.0
T,Offset,0,0.0,3,73,250.0
T,Onset,6,24.0,3,73,250.0
T,Offset,1,4.0,3,73,250.0
P,Onset,0,0.0,3,76,250.0
P,Offset,-1,-4.0,3,76,250.0
P,Onset,3,12.0,3,76,250.0
P,Offset,-1,-4.0,3,76,250.0
P,Onset,-1,-4.0,3,76,250.0
P,Offset,-1,-4.0,3,76,250.0
P,Onset,-1,-4.0,3,76,250.0
P,Offset,-1,-4.0,3,76,250.0
P,Onset,-1,-4.0,3,76,250.0
P,Offset,-2,-8.0,3,76,250.0
P,Onset,-2,-8.0,3,76,250.0
P,Offset,-2,-8.0,3,76,250.0
P,Onset,-1,-4.0,3,76,250.0
P,Offset,-3,-12.0,3,76,250.0
P,Onset,15,60.0,3,76,250.0
P,Offset,-10,-40.0,3,76,250.0
P,Onset,0,0.0,3,76,250.0
P,Offset,-8,-32.0,3,76,250.0
P,Onset,25,100.0,3,76,250.0
P,Offset,-13,-52.0,3,76,250.0
T,Onset,0,0.0,3,76,250.0
T,Offset,0,0.0,3,76,250.0
T,Onset,-1,-4.0,3,76,250.0
T,Offset,1,4.0,3,76,250.0
T,Onset,3,12.0,3,76,250.0
T,Offset,-4,-16.0,3,76,250.0
T,Onset,1,4.0,3,76,250.0
T,Offset,0,0.0,3,76,250.0
T,Onset,1,4.0,3,76,250.0
T,Offset,0,0.0,3,76,250.0
T,Onset,3,12.0,3,76,250.0
T,Offset,-1,-4.0,3,76,250.0
T,Onset,1,4.0,3,76,250.0
T,Offset,-3,-12.0,3,76,250.0
T,Onset,-1,-4.0,3,76,250.0
T,Offset,-1,-4.0,3,76,250.0
T,Onset,0,0.0,3,76,250.0
T,Offset,2,8.0,3,76,250.0
T,Onset,-1,-4.0,3,76,250.0
T,Offset,-3,-12.0,3,76,250.0
P,Onset,1,4.0,3,77,250.0
P,Offset,-2,-8.0,3,77,250.0
P,Onset,3,12.0,3,77,250.0
P,Offset,-2,-8.0,3,77,250.0
P,Onset,-1,-4.0,3,77,250.0
P,Offset,0,0.0,3,77,250.0
P,Onset,1,4.0,3,77,250.0
P,Offset,1,4.0,3,77,250.0
P,Onset,1,4.0,3,77,250.0
P,Offset,1,4.0,3,77,250.0
P,Onset,0,0.0,3,77,250.0
P,Offset,-2,-8.0,3,77,250.0
P,Onset,2,8.0,3,77,250.0
P,Offset,1,4.0,3,77,250.0
P,Onset,6,24.0,3,77,250.0
P,Offset,-2,-8.0,3,77,250.0
P,Onset,5,20.0,3,77,250.0
P,Offset,-14,-56.0,3,77,250.0
T,Onset,2,8.0,3,77,250.0
T,Offset,-2,-8.0,3,77,250.0
T,Onset,-1,-4.0,3,77,250.0
T,Offset,2,8.0,3,77,250.0
T,Onset,0,0.0,3,77,250.0
T,Offset,-1,-4.0,3,77,250.0
T,Onset,-3,-12.0,3,77,250.0
T,Offset,1,4.0,3,77,250.0
T,Onset,1,4.0,3,77,250.0
T,Offset,1,4.0,3,77,250.0
T,Onset,-3,-12.0,3,77,250.0
T,Offset,0,0.0,3,77,250.0
T,Onset,3,12.0,3,77,250.0
T,Offset,1,4.0,3,77,250.0
T,Onset,7,28.0,3,77,250.0
T,Offset,0,0.0,3,77,250.0
T,Onset,10,40.0,3,77,250.0
T,Offset,-1,-4.0,3,77,250.0
P,Onset,-1,-4.0,3,78,250.0
P,Offset,1,4.0,3,78,250.0
P,Onset,-1,-4.0,3,78,250.0
P,Offset,0,0.0,3,78,250.0
P,Onset,2,8.0,3,78,250.0
P,Offset,0,0.0,3,78,250.0
P,Onset,0,0.0,3,78,250.0
P,Offset,2,8.0,3,78,250.0
P,Onset,3,12.0,3,78,250.0
P,Offset,0,0.0,3,78,250.0
P,Onset,7,28.0,3,78,250.0
P,Offset,0,0.0,3,78,250.0
P,Onset,8,32.0,3,78,250.0
P,Offset,0,0.0,3,78,250.0
T,Onset,2,8.0,3,78,250.0
T,Offset,-2,-8.0,3,78,250.0
T,Onset,-1,-4.0,3,78,250.0
T,Offset,0,0.0,3,78,250.0
T,Onset,1,4.0,3,78,250.0
T,Offset,2,8.0,3,78,250.0
T,Onset,6,24.0,3,78,250.0
T,Offset,0,0.0,3,78,250.0
T,Onset,9,36.0,3,78,250.0
T,Offset,-2,-8.0,3,78,250.0
T,Onset,8,32.0,3,78,250.0
T,Offset,1,4.0,3,78,250.0
T,Onset,6,24.0,3,78,250.0
T,Offset,3,12.0,3,78,250.0
P,Onset,2,8.0,3,79,250.0
P,Offset,-2,-8.0,3,79,250.0
P,Onset,0,0.0,3,79,250.0
P,Offset,1,4.0,3,79,250.0
P,Onset,1,4.0,3,79,250.0
P,Offset,-2,-8.0,3,79,250.0
P,Onset,-1,-4.0,3,79,250.0
P,Offset,6,24.0,3,79,250.0
P,Onset,0,0.0,3,79,250.0
P,Offset,-5,-20.0,3,79,250.0
P,Onset,16,64.0,3,79,250.0
P,Offset,-9,-36.0,3,79,250.0
P,Onset,-2,-8.0,3,79,250.0
P,Offset,-14,-56.0,3,79,250.0
T,Onset,-3,-12.0,3,79,250.0
T,Offset,4,16.0,3,79,250.0
T,Onset,-1,-4.0,3,79,250.0
T,Offset,2,8.0,3,79,250.0
T,Onset,-5,-20.0,3,79,250.0
T,Offset,1,4.0,3,79,250.0
T,Onset,-4,-16.0,3,79,250.0
T,Offset,10,40.0,3,79,250.0
T,Onset,-3,-12.0,3,79,250.0
T,Offset,-8,-32.0,3,79,250.0
T,Onset,-3,-12.0,3,79,250.0
T,Offset,34,136.0,3,79,250.0
T,Onset,37,148.0,3,79,250.0
T,Offset,-4,-16.0,3,79,250.0
T,Onset,1,4.0,3,8,250.0
T,Offset,-1,-4.0,3,8,250.0
T,Onset,1,4.0,3,8,250.0
T,Offset,-2,-8.0,3,8,250.0
T,Onset,-3,-12.0,3,8,250.0
T,Offset,4,16.0,3,8,250.0
T,Onset,-1,-4.0,3,8,250.0
T,Offset,2,8.0,3,8,250.0
T,Onset,2,8.0,3,8,250.0
T,Offset,-1,-4.0,3,8,250.0
T,Onset,0,0.0,3,8,250.0
T,Offset,-2,-8.0,3,8,250.0
T,Onset,1,4.0,3,8,250.0
T,Offset,2,8.0,3,8,250.0
T,Onset,2,8.0,3,8,250.0
T,Offset,1,4.0,3,8,250.0
T,Onset,11,44.0,3,8,250.0
T,Offset,0,0.0,3,8,250.0
P,Onset,0,0.0,3,80,250.0
P,Offset,0,0.0,3,80,250.0
P,Onset,1,4.0,3,80,250.0
P,Offset,-2,-8.0,3,80,250.0
P,Onset,1,4.0,3,80,250.0
P,Offset,-2,-8.0,3,80,250.0
P,Onset,2,8.0,3,80,250.0
P,Offset,-1,-4.0,3,80,250.0
P,Onset,1,4.0,3,80,250.0
P,Offset,-2,-8.0,3,80,250.0
P,Onset,0,0.0,3,80,250.0
P,Offset,-2,-8.0,3,80,250.0
P,Onset,2,8.0,3,80,250.0
P,Offset,1,4.0,3,80,250.0
P,Onset,0,0.0,3,80,250.0
P,Offset,-3,-12.0,3,80,250.0
P,Onset,1,4.0,3,80,250.0
P,Offset,-4,-16.0,3,80,250.0
P,Onset,7,28.0,3,80,250.0
P,Offset,-3,-12.0,3,80,250.0
T,Onset,4,16.0,3,80,250.0
T,Offset,-4,-16.0,3,80,250.0
T,Onset,2,8.0,3,80,250.0
T,Offset,-3,-12.0,3,80,250.0
T,Onset,2,8.0,3,80,250.0
T,Offset,0,0.0,3,80,250.0
T,Onset,0,0.0,3,80,250.0
T,Offset,-3,-12.0,3,80,250.0
T,Onset,1,4.0,3,80,250.0
T,Offset,-7,-28.0,3,80,250.0
T,Onset,10,40.0,3,80,250.0
T,Offset,-4,-16.0,3,80,250.0
T,Onset,10,40.0,3,80,250.0
T,Offset,-3,-12.0,3,80,250.0
T,Onset,12,48.0,3,80,250.0
T,Offset,-4,-16.0,3,80,250.0
T,Onset,9,36.0,3,80,250.0
T,Offset,4,16.0,3,80,250.0
T,Onset,17,68.0,3,80,250.0
T,Offset,-4,-16.0,3,80,250.0
P,Onset,1,4.0,3,81,250.0
P,Offset,-1,-4.0,3,81,250.0
P,Onset,2,8.0,3,81,250.0
P,Offset,-3,-12.0,3,81,250.0
P,Onset,1,4.0,3,81,250.0
P,Offset,-2,-8.0,3,81,250.0
P,Onset,1,4.0,3,81,250.0
P,Offset,0,0.0,3,81,250.0
P,Onset,1,4.0,3,81,250.0
P,Offset,-2,-8.0,3,81,250.0
P,Onset,1,4.0,3,81,250.0
P,Offset,-2,-8.0,3,81,250.0
P,Onset,1,4.0,3,81,250.0
P,Offset,0,0.0,3,81,250.0
P,Onset,1,4.0,3,81,250.0
P,Offset,-2,-8.0,3,81,250.0
P,Onset,1,4.0,3,81,250.0
P,Offset,-3,-12.0,3,81,250.0
P,Onset,1,4.0,3,81,250.0
P,Offset,-3,-12.0,3,81,250.0
T,Onset,1,4.0,3,81,250.0
T,Offset,-4,-16.0,3,81,250.0
T,Onset,25,100.0,3,81,250.0
T,Offset,-11,-44.0,3,81,250.0
T,Onset,29,116.0,3,81,250.0
T,Offset,-15,-60.0,3,81,250.0
T,Onset,-1,-4.0,3,81,250.0
T,Offset,-17,-68.0,3,81,250.0
T,Onset,-3,-12.0,3,81,250.0
T,Offset,-17,-68.0,3,81,250.0
T,Onset,0,0.0,3,81,250.0
T,Offset,-20,-80.0,3,81,250.0
T,Onset,-2,-8.0,3,81,250.0
T,Offset,-18,-72.0,3,81,250.0
T,Onset,-2,-8.0,3,81,250.0
T,Offset,-18,-72.0,3,81,250.0
T,Onset,1,4.0,3,81,250.0
T,Offset,-21,-84.0,3,81,250.0
T,Onset,-4,-16.0,3,81,250.0
T,Offset,-22,-88.0,3,81,250.0
P,Onset,3,12.0,3,82,250.0
P,Offset,-3,-12.0,3,82,250.0
P,Onset,1,4.0,3,82,250.0
P,Offset,-1,-4.0,3,82,250.0
P,Onset,3,12.0,3,82,250.0
P,Offset,-4,-16.0,3,82,250.0
P,Onset,4,16.0,3,82,250.0
P,Offset,-2,-8.0,3,82,250.0
P,Onset,2,8.0,3,82,250.0
P,Offset,0,0.0,3,82,250.0
T,Onset,5,20.0,3,82,250.0
T,Offset,1,4.0,3,82,250.0
T,Onset,8,32.0,3,82,250.0
T,Offset,-1,-4.0,3,82,250.0
T,Onset,8,32.0,3,82,250.0
T,Offset,0,0.0,3,82,250.0
T,Onset,10,40.0,3,82,250.0
T,Offset,1,4.0,3,82,250.0
T,Onset,11,44.0,3,82,250.0
T,Offset,0,0.0,3,82,250.0
T,Onset,17,68.0,3,82,250.0
T,Offset,0,0.0,3,82,250.0
T,Onset,1,4.0,3,83,250.0
T,Offset,0,0.0,3,83,250.0
T,Onset,0,0.0,3,83,250.0
T,Offset,-2,-8.0,3,83,250.0
T,Onset,-2,-8.0,3,83,250.0
T,Offset,-2,-8.0,3,83,250.0
T,Onset,7,28.0,3,83,250.0
T,Offset,-33,-132.0,3,83,250.0
P,Onset,2,8.0,3,84,250.0
P,Offset,-2,-8.0,3,84,250.0
P,Onset,2,8.0,3,84,250.0
P,Offset,-2,-8.0,3,84,250.0
P,Onset,2,8.0,3,84,250.0
P,Offset,-2,-8.0,3,84,250.0
P,Onset,4,16.0,3,84,250.0
P,Offset,-3,-12.0,3,84,250.0
P,Onset,7,28.0,3,84,250.0
P,Offset,-2,-8.0,3,84,250.0
P,Onset,0,0.0,3,84,250.0
P,Offset,-8,-32.0,3,84,250.0
P,Onset,14,56.0,3,84,250.0
P,Offset,-2,-8.0,3,84,250.0
T,Onset,0,0.0,3,84,250.0
T,Offset,2,8.0,3,84,250.0
T,Onset,5,20.0,3,84,250.0
T,Offset,0,0.0,3,84,250.0
T,Onset,16,64.0,3,84,250.0
T,Offset,0,0.0,3,84,250.0
T,Onset,14,56.0,3,84,250.0
T,Offset,2,8.0,3,84,250.0
T,Onset,10,40.0,3,84,250.0
T,Offset,10,40.0,3,84,250.0
T,Onset,7,28.0,3,84,250.0
T,Offset,21,84.0,3,84,250.0
T,Onset,15,60.0,3,84,250.0
T,Offset,27,108.0,3,84,250.0
P,Onset,0,0.0,3,86,250.0
P,Offset,0,0.0,3,86,250.0
P,Onset,1,4.0,3,86,250.0
P,Offset,-1,-4.0,3,86,250.0
P,Onset,1,4.0,3,86,250.0
P,Offset,0,0.0,3,86,250.0
P,Onset,0,0.0,3,86,250.0
P,Offset,1,4.0,3,86,250.0
P,Onset,1,4.0,3,86,250.0
P,Offset,0,0.0,3,86,250.0
P,Onset,0,0.0,3,86,250.0
P,Offset,1,4.0,3,86,250.0
P,Onset,0,0.0,3,86,250.0
P,Offset,1,4.0,3,86,250.0
P,Onset,0,0.0,3,86,250.0
P,Offset,1,4.0,3,86,250.0
P,Onset,2,8.0,3,86,250.0
P,Offset,0,0.0,3,86,250.0
P,Onset,1,4.0,3,86,250.0
P,Offset,1,4.0,3,86,250.0
P,Onset,0,0.0,3,86,250.0
P,Offset,3,12.0,3,86,250.0
T,Onset,2,8.0,3,86,250.0
T,Offset,-1,-4.0,3,86,250.0
T,Onset,1,4.0,3,86,250.0
T,Offset,1,4.0,3,86,250.0
T,Onset,-4,-16.0,3,86,250.0
T,Offset,2,8.0,3,86,250.0
T,Onset,-2,-8.0,3,86,250.0
T,Offset,4,16.0,3,86,250.0
T,Onset,2,8.0,3,86,250.0
T,Offset,2,8.0,3,86,250.0
T,Onset,3,12.0,3,86,250.0
T,Offset,1,4.0,3,86,250.0
T,Onset,2,8.0,3,86,250.0
T,Offset,2,8.0,3,86,250.0
T,Onset,5,20.0,3,86,250.0
T,Offset,0,0.0,3,86,250.0
T,Onset,3,12.0,3,86,250.0
T,Offset,2,8.0,3,86,250.0
T,Onset,7,28.0,3,86,250.0
T,Offset,0,0.0,3,86,250.0
T,Onset,10,40.0,3,86,250.0
T,Offset,2,8.0,3,86,250.0
P,Onset,1,4.0,3,87,250.0
P,Offset,-1,-4.0,3,87,250.0
P,Onset,1,4.0,3,87,250.0
P,Offset,-2,-8.0,3,87,250.0
P,Onset,2,8.0,3,87,250.0
P,Offset,0,0.0,3,87,250.0
P,Onset,1,4.0,3,87,250.0
P,Offset,-3,-12.0,3,87,250.0
P,Onset,0,0.0,3,87,250.0
P,Offset,-2,-8.0,3,87,250.0
P,Onset,0,0.0,3,87,250.0
P,Offset,-3,-12.0,3,87,250.0
P,Onset,6,24.0,3,87,250.0
P,Offset,-14,-56.0,3,87,250.0
P,Onset,14,56.0,3,87,250.0
P,Offset,-4,-16.0,3,87,250.0
P,Onset,1,4.0,3,87,250.0
P,Offset,-13,-52.0,3,87,250.0
P,Onset,17,68.0,3,87,250.0
P,Offset,-5,-20.0,3,87,250.0
P,Onset,1,4.0,3,87,250.0
P,Offset,-14,-56.0,3,87,250.0
T,Onset,11,44.0,3,87,250.0
T,Offset,-8,-32.0,3,87,250.0
T,Onset,-1,-4.0,3,87,250.0
T,Offset,-2,-8.0,3,87,250.0
T,Onset,1,4.0,3,87,250.0
T,Offset,-5,-20.0,3,87,250.0
T,Onset,17,68.0,3,87,250.0
T,Offset,-22,-88.0,3,87,250.0
T,Onset,15,60.0,3,87,250.0
T,Offset,-25,-100.0,3,87,250.0
T,Onset,10,40.0,3,87,250.0
T,Offset,-22,-88.0,3,87,250.0
T,Onset,25,100.0,3,87,250.0
T,Offset,-11,-44.0,3,87,250.0
T,Onset,5,20.0,3,87,250.0
T,Offset,-22,-88.0,3,87,250.0
T,Onset,8,32.0,3,87,250.0
T,Offset,-26,-104.0,3,87,250.0
T,Onset,31,124.0,3,87,250.0
T,Offset,-7,-28.0,3,87,250.0
T,Onset,-1,-4.0,3,88,250.0
T,Offset,0,0.0,3,88,250.0
T,Onset,3,12.0,3,88,250.0
T,Offset,0,0.0,3,88,250.0
T,Onset,5,20.0,3,88,250.0
T,Offset,0,0.0,3,88,250.0
T,Onset,27,108.0,3,88,250.0
T,Offset,-19,-76.0,3,88,250.0
T,Onset,12,48.0,3,88,250.0
T,Offset,-24,-96.0,3,88,250.0
T,Onset,-2,-8.0,3,88,250.0
T,Offset,-14,-56.0,3,88,250.0
T,Onset,0,0.0,3,88,250.0
T,Offset,-23,-92.0,3,88,250.0
T,Onset,0,0.0,3,88,250.0
T,Offset,-26,-104.0,3,88,250.0
T,Onset,31,124.0,3,88,250.0
T,Offset,-2,-8.0,3,88,250.0
P,Onset,1,4.0,3,89,250.0
P,Offset,-1,-4.0,3,89,250.0
P,Onset,2,8.0,3,89,250.0
P,Offset,-2,-8.0,3,89,250.0
P,Onset,1,4.0,3,89,250.0
P,Offset,0,0.0,3,89,250.0
P,Onset,0,0.0,3,89,250.0
P,Offset,-1,-4.0,3,89,250.0
P,Onset,0,0.0,3,89,250.0
P,Offset,-2,-8.0,3,89,250.0
P,Onset,1,4.0,3,89,250.0
P,Offset,1,4.0,3,89,250.0
P,Onset,1,4.0,3,89,250.0
P,Offset,-8,-32.0,3,89,250.0
P,Onset,2,8.0,3,89,250.0
P,Offset,-14,-56.0,3,89,250.0
P,Onset,1,4.0,3,89,250.0
P,Offset,-14,-56.0,3,89,250.0
T,Onset,-1,-4.0,3,89,250.0
T,Offset,1,4.0,3,89,250.0
T,Onset,0,0.0,3,89,250.0
T,Offset,1,4.0,3,89,250.0
T,Onset,-3,-12.0,3,89,250.0
T,Offset,1,4.0,3,89,250.0
T,Onset,0,0.0,3,89,250.0
T,Offset,2,8.0,3,89,250.0
T,Onset,0,0.0,3,89,250.0
T,Offset,4,16.0,3,89,250.0
T,Onset,5,20.0,3,89,250.0
T,Offset,1,4.0,3,89,250.0
T,Onset,6,24.0,3,89,250.0
T,Offset,3,12.0,3,89,250.0
T,Onset,9,36.0,3,89,250.0
T,Offset,1,4.0,3,89,250.0
T,Onset,8,32.0,3,89,250.0
T,Offset,3,12.0,3,89,250.0
P,Onset,2,8.0,3,9,250.0
P,Offset,-2,-8.0,3,9,250.0
P,Onset,2,8.0,3,9,250.0
P,Offset,-2,-8.0,3,9,250.0
P,Onset,1,4.0,3,9,250.0
P,Offset,-2,-8.0,3,9,250.0
P,Onset,1,4.0,3,9,250.0
P,Offset,-2,-8.0,3,9,250.0
P,Onset,1,4.0,3,9,250.0
P,Offset,-2,-8.0,3,9,250.0
P,Onset,1,4.0,3,9,250.0
P,Offset,-2,-8.0,3,9,250.0
P,Onset,1,4.0,3,9,250.0
P,Offset,-3,-12.0,3,9,250.0
P,Onset,0,0.0,3,9,250.0
P,Offset,-4,-16.0,3,9,250.0
T,Onset,1,4.0,3,9,250.0
T,Offset,-1,-4.0,3,9,250.0
T,Onset,4,16.0,3,9,250.0
T,Offset,-3,-12.0,3,9,250.0
T,Onset,3,12.0,3,9,250.0
T,Offset,-2,-8.0,3,9,250.0
T,Onset,4,16.0,3,9,250.0
T,Offset,-1,-4.0,3,9,250.0
T,Onset,4,16.0,3,9,250.0
T,Offset,-1,-4.0,3,9,250.0
T,Onset,4,16.0,3,9,250.0
T,Offset,0,0.0,3,9,250.0
T,Onset,8,32.0,3,9,250.0
T,Offset,-2,-8.0,3,9,250.0
T,Onset,10,40.0,3,9,250.0
T,Offset,-3,-12.0,3,9,250.0
T,Onset,0,0.0,3,90,250.0
T,Offset,-1,-4.0,3,90,250.0
T,Onset,5,20.0,3,90,250.0
T,Offset,-1,-4.0,3,90,250.0
T,Onset,8,32.0,3,90,250.0
T,Offset,-3,-12.0,3,90,250.0
T,Onset,4,16.0,3,90,250.0
T,Offset,2,8.0,3,90,250.0
T,Onset,7,28.0,3,90,250.0
T,Offset,1,4.0,3,90,250.0
T,Onset,9,36.0,3,90,250.0
T,Offset,1,4.0,3,90,250.0
T,Onset,12,48.0,3,90,250.0
T,Offset,0,0.0,3,90,250.0
P,Onset,2,8.0,3,91,250.0
P,Offset,-2,-8.0,3,91,250.0
P,Onset,1,4.0,3,91,250.0
P,Offset,-1,-4.0,3,91,250.0
P,Onset,2,8.0,3,91,250.0
P,Offset,-2,-8.0,3,91,250.0
P,Onset,1,4.0,3,91,250.0
P,Offset,0,0.0,3,91,250.0
P,Onset,1,4.0,3,91,250.0
P,Offset,-2,-8.0,3,91,250.0
P,Onset,1,4.0,3,91,250.0
P,Offset,0,0.0,3,91,250.0
P,Onset,-1,-4.0,3,91,250.0
P,Offset,-1,-4.0,3,91,250.0
P,Onset,-1,-4.0,3,91,250.0
P,Offset,-1,-4.0,3,91,250.0
P,Onset,-1,-4.0,3,91,250.0
P,Offset,-1,-4.0,3,91,250.0
P,Onset,0,0.0,3,91,250.0
P,Offset,-2,-8.0,3,91,250.0
T,Onset,0,0.0,3,91,250.0
T,Offset,0,0.0,3,91,250.0
T,Onset,1,4.0,3,91,250.0
T,Offset,1,4.0,3,91,250.0
T,Onset,-1,-4.0,3,91,250.0
T,Offset,-1,-4.0,3,91,250.0
T,Onset,2,8.0,3,91,250.0
T,Offset,0,0.0,3,91,250.0
T,Onset,2,8.0,3,91,250.0
T,Offset,1,4.0,3,91,250.0
T,Onset,-4,-16.0,3,91,250.0
T,Offset,0,0.0,3,91,250.0
T,Onset,5,20.0,3,91,250.0
T,Offset,0,0.0,3,91,250.0
T,Onset,-3,-12.0,3,91,250.0
T,Offset,-2,-8.0,3,91,250.0
T,Onset,8,32.0,3,91,250.0
T,Offset,-1,-4.0,3,91,250.0
T,Onset,10,40.0,3,91,250.0
T,Offset,4,16.0,3,91,250.0
P,Onset,0,0.0,3,92,250.0
P,Offset,0,0.0,3,92,250.0
P,Onset,1,4.0,3,92,250.0
P,Offset,-1,-4.0,3,92,250.0
P,Onset,-1,-4.0,3,92,250.0
P,Offset,1,4.0,3,92,250.0
P,Onset,0,0.0,3,92,250.0
P,Offset,-1,-4.0,3,92,250.0
P,Onset,0,0.0,3,92,250.0
P,Offset,1,4.0,3,92,250.0
P,Onset,0,0.0,3,92,250.0
P,Offset,-1,-4.0,3,92,250.0
P,Onset,0,0.0,3,92,250.0
P,Offset,1,4.0,3,92,250.0
P,Onset,-2,-8.0,3,92,250.0
P,Offset,0,0.0,3,92,250.0
P,Onset,0,0.0,3,92,250.0
P,Offset,-3,-12.0,3,92,250.0
P,Onset,1,4.0,3,92,250.0
P,Offset,-4,-16.0,3,92,250.0
P,Onset,0,0.0,3,92,250.0
P,Offset,-4,-16.0,3,92,250.0
P,Onset,1,4.0,3,92,250.0
P,Offset,5,20.0,3,92,250.0
P,Onset,0,0.0,3,92,250.0
P,Offset,6,24.0,3,92,250.0
T,Onset,4,16.0,3,92,250.0
T,Offset,-5,-20.0,3,92,250.0
T,Onset,-2,-8.0,3,92,250.0
T,Offset,1,4.0,3,92,250.0
T,Onset,6,24.0,3,92,250.0
T,Offset,-7,-28.0,3,92,250.0
T,Onset,-2,-8.0,3,92,250.0
T,Offset,-1,-4.0,3,92,250.0
T,Onset,7,28.0,3,92,250.0
T,Offset,-2,-8.0,3,92,250.0
T,Onset,8,32.0,3,92,250.0
T,Offset,-3,-12.0,3,92,250.0
T,Onset,2,8.0,3,92,250.0
T,Offset,-7,-28.0,3,92,250.0
T,Onset,8,32.0,3,92,250.0
T,Offset,0,0.0,3,92,250.0
T,Onset,8,32.0,3,92,250.0
T,Offset,0,0.0,3,92,250.0
T,Onset,9,36.0,3,92,250.0
T,Offset,-1,-4.0,3,92,250.0
T,Onset,4,16.0,3,92,250.0
T,Offset,-13,-52.0,3,92,250.0
T,Onset,7,28.0,3,92,250.0
T,Offset,-16,-64.0,3,92,250.0
T,Onset,13,52.0,3,92,250.0
T,Offset,2,8.0,3,92,250.0
T,Onset,-3,-12.0,3,93,250.0
T,Offset,2,8.0,3,93,250.0
T,Onset,1,4.0,3,93,250.0
T,Offset,3,12.0,3,93,250.0
T,Onset,-12,-48.0,3,93,250.0
T,Offset,7,28.0,3,93,250.0
T,Onset,0,0.0,3,93,250.0
T,Offset,-6,-24.0,3,93,250.0
T,Onset,-3,-12.0,3,93,250.0
T,Offset,-5,-20.0,3,93,250.0
T,Onset,9,36.0,3,93,250.0
T,Offset,2,8.0,3,93,250.0
T,Onset,0,0.0,3,93,250.0
T,Offset,18,72.0,3,93,250.0
P,Onset,2,8.0,3,94,250.0
P,Offset,-2,-8.0,3,94,250.0
P,Onset,2,8.0,3,94,250.0
P,Offset,-2,-8.0,3,94,250.0
P,Onset,3,12.0,3,94,250.0
P,Offset,-2,-8.0,3,94,250.0
P,Onset,2,8.0,3,94,250.0
P,Offset,-3,-12.0,3,94,250.0
P,Onset,2,8.0,3,94,250.0
P,Offset,-4,-16.0,3,94,250.0
P,Onset,1,4.0,3,94,250.0
P,Offset,-3,-12.0,3,94,250.0
P,Onset,3,12.0,3,94,250.0
P,Offset,-1,-4.0,3,94,250.0
P,Onset,4,16.0,3,94,250.0
P,Offset,-1,-4.0,3,94,250.0
P,Onset,6,24.0,3,94,250.0
P,Offset,-2,-8.0,3,94,250.0
T,Onset,1,4.0,3,94,250.0
T,Offset,-1,-4.0,3,94,250.0
T,Onset,2,8.0,3,94,250.0
T,Offset,-2,-8.0,3,94,250.0
T,Onset,0,0.0,3,94,250.0
T,Offset,1,4.0,3,94,250.0
T,Onset,-2,-8.0,3,94,250.0
T,Offset,1,4.0,3,94,250.0
T,Onset,2,8.0,3,94,250.0
T,Offset,0,0.0,3,94,250.0
T,Onset,-3,-12.0,3,94,250.0
T,Offset,0,0.0,3,94,250.0
T,Onset,-2,-8.0,3,94,250.0
T,Offset,-1,-4.0,3,94,250.0
T,Onset,7,28.0,3,94,250.0
T,Offset,0,0.0,3,94,250.0
T,Onset,-2,-8.0,3,94,250.0
T,Offset,-7,-28.0,3,94,250.0
T,Onset,-3,-12.0,3,95,250.0
T,Offset,3,12.0,3,95,250.0
T,Onset,-4,-16.0,3,95,250.0
T,Offset,3,12.0,3,95,250.0
T,Onset,0,0.0,3,95,250.0
T,Offset,-1,-4.0,3,95,250.0
T,Onset,5,20.0,3,95,250.0
T,Offset,-6,-24.0,3,95,250.0
T,Onset,0,0.0,3,95,250.0
T,Offset,-2,-8.0,3,95,250.0
T,Onset,3,12.0,3,95,250.0
T,Offset,0,0.0,3,95,250.0
T,Onset,10,40.0,3,95,250.0
T,Offset,3,12.0,3,95,250.0
T,Onset,25,100.0,3,95,250.0
T,Offset,20,80.0,3,95,250.0
T,Onset,1,4.0,3,96,250.0
T,Offset,-2,-8.0,3,96,250.0
T,Onset,1,4.0,3,96,250.0
T,Offset,1,4.0,3,96,250.0
T,Onset,3,12.0,3,96,250.0
T,Offset,-1,-4.0,3,96,250.0
T,Onset,10,40.0,3,96,250.0
T,Offset,2,8.0,3,96,250.0
T,Onset,-11,-44.0,3,96,250.0
T,Offset,-3,-12.0,3,96,250.0
T,Onset,-1,-4.0,3,96,250.0
T,Offset,-20,-80.0,3,96,250.0
T,Onset,26,104.0,3,96,250.0
T,Offset,-4,-16.0,3,96,250.0
T,Onset,30,120.0,3,96,250.0
T,Offset,-4,-16.0,3,96,250.0
T,Onset,-14,-56.0,3,96,250.0
T,Offset,-13,-52.0,3,96,250.0
T,Onset,-13,-52.0,3,96,250.0
T,Offset,-24,-96.0,3,96,250.0
T,Onset,21,84.0,3,96,250.0
T,Offset,17,68.0,3,96,250.0
P,Onset,1,4.0,3,97,250.0
P,Offset,0,0.0,3,97,250.0
P,Onset,-1,-4.0,3,97,250.0
P,Offset,2,8.0,3,97,250.0
P,Onset,0,0.0,3,97,250.0
P,Offset,1,4.0,3,97,250.0
P,Onset,1,4.0,3,97,250.0
P,Offset,0,0.0,3,97,250.0
P,Onset,2,8.0,3,97,250.0
P,Offset,0,0.0,3,97,250.0
P,Onset,1,4.0,3,97,250.0
P,Offset,-3,-12.0,3,97,250.0
P,Onset,1,4.0,3,97,250.0
P,Offset,1,4.0,3,97,250.0
T,Onset,-1,-4.0,3,97,250.0
T,Offset,1,4.0,3,97,250.0
T,Onset,-4,-16.0,3,97,250.0
T,Offset,2,8.0,3,97,250.0
T,Onset,-2,-8.0,3,97,250.0
T,Offset,4,16.0,3,97,250.0
T,Onset,2,8.0,3,97,250.0
T,Offset,3,12.0,3,97,250.0
T,Onset,2,8.0,3,97,250.0
T,Offset,4,16.0,3,97,250.0
T,Onset,3,12.0,3,97,250.0
T,Offset,8,32.0,3,97,250.0
T,Onset,2,8.0,3,97,250.0
T,Offset,10,40.0,3,97,250.0
P,Onset,1,4.0,3,98,250.0
P,Offset,-1,-4.0,3,98,250.0
P,Onset,3,12.0,3,98,250.0
P,Offset,-2,-8.0,3,98,250.0
P,Onset,0,0.0,3,98,250.0
P,Offset,1,4.0,3,98,250.0
P,Onset,0,0.0,3,98,250.0
P,Offset,1,4.0,3,98,250.0
P,Onset,-1,-4.0,3,98,250.0
P,Offset,0,0.0,3,98,250.0
P,Onset,1,4.0,3,98,250.0
P,Offset,2,8.0,3,98,250.0
P,Onset,3,12.0,3,98,250.0
P,Offset,4,16.0,3,98,250.0
T,Onset,0,0.0,3,98,250.0
T,Offset,0,0.0,3,98,250.0
T,Onset,9,36.0,3,98,250.0
T,Offset,-17,-68.0,3,98,250.0
T,Onset,5,20.0,3,98,250.0
T,Offset,-17,-68.0,3,98,250.0
T,Onset,24,96.0,3,98,250.0
T,Offset,-11,-44.0,3,98,250.0
T,Onset,2,8.0,3,98,250.0
T,Offset,-17,-68.0,3,98,250.0
T,Onset,4,16.0,3,98,250.0
T,Offset,-19,-76.0,3,98,250.0
T,Onset,1,4.0,3,98,250.0
T,Offset,-18,-72.0,3,98,250.0
P,Onset,1,4.0,3,99,250.0
P,Offset,-1,-4.0,3,99,250.0
P,Onset,0,0.0,3,99,250.0
P,Offset,0,0.0,3,99,250.0
P,Onset,1,4.0,3,99,250.0
P,Offset,-1,-4.0,3,99,250.0
P,Onset,-1,-4.0,3,99,250.0
P,Offset,0,0.0,3,99,250.0
P,Onset,1,4.0,3,99,250.0
P,Offset,0,0.0,3,99,250.0
P,Onset,-1,-4.0,3,99,250.0
P,Offset,-1,-4.0,3,99,250.0
P,Onset,-1,-4.0,3,99,250.0
P,Offset,-2,-8.0,3,99,250.0
P,Onset,-1,-4.0,3,99,250.0
P,Offset,-2,-8.0,3,99,250.0
P,Onset,-1,-4.0,3,99,250.0
P,Offset,-2,-8.0,3,99,250.0
P,Onset,-1,-4.0,3,99,250.0
P,Offset,-2,-8.0,3,99,250.0
P,Onset,1,4.0,3,99,250.0
P,Offset,-14,-56.0,3,99,250.0
T,Onset,3,12.0,3,99,250.0
T,Offset,-1,-4.0,3,99,250.0
T,Onset,7,28.0,3,99,250.0
T,Offset,-2,-8.0,3,99,250.0
T,Onset,5,20.0,3,99,250.0
T,Offset,0,0.0,3,99,250.0
T,Onset,7,28.0,3,99,250.0
T,Offset,-2,-8.0,3,99,250.0
T,Onset,8,32.0,3,99,250.0
T,Offset,-2,-8.0,3,99,250.0
T,Onset,6,24.0,3,99,250.0
T,Offset,1,4.0,3,99,250.0
T,Onset,8,32.0,3,99,250.0
T,Offset,0,0.0,3,99,250.0
T,Onset,9,36.0,3,99,250.0
T,Offset,-1,-4.0,3,99,250.0
T,Onset,9,36.0,3,99,250.0
T,Offset,0,0.0,3,99,250.0
T,Onset,8,32.0,3,99,250.0
T,Offset,1,4.0,3,99,250.0
T,Onset,13,52.0,3,99,250.0
T,Offset,3,12.0,3,99,250.0
